unit_link,lith_rank,lith1,lith2,lith3,lith4,lith5,low_lith,lith_form,lith_com
IDC;0,Major,Sedimentary,Carbonate,Limestone,,,Limestone,Bed,"Elkhead Limestone, St. Charles Limestone "
IDC;0,Minor,Sedimentary,Clastic,Sandstone,Arenite,,Arenite,Bed,"upper Camelback Mtn., Sedgwick, Worm Cr. "
IDC;0,Minor,Sedimentary,Clastic,Mudstone,Shale,,Shale,Bed,"Lead Bell Shale, Bloomington Fm, Windy Pass Arg. "
IDC;0,Incidental,Sedimentary,Carbonate,Dolostone,,,Dolostone,Bed,"Langston Dolomite, Nounan dolomite "
IDC;0,Incidental,Sedimentary,Clastic,Siltstone,,,Siltstone,Bed,"Gibson Jack Fm, Bloomington Fm "
IDCc;0,Major,Sedimentary,Clastic,Sandstone,Arenite,,Arenite,Bed,quartzite with accessory feldspar 
IDCc;0,Minor,Sedimentary,Carbonate,Dolostone,,,Dolostone,Bed,dolomite to silty dolomite 
IDCc;0,Minor,Sedimentary,Carbonate,Limestone,,,Limestone,Bed,impure limestone to limy siltstone 
IDCc;0,Incidental,Sedimentary,Clastic,Siltstone,,,Siltstone,Bed,siltstone to silty shale 
IDCc;0,Incidental,Sedimentary,Clastic,Mudstone,Shale,,Shale,Bed,shale to slate 
IDCmn;0,Major,Sedimentary,Carbonate,Limestone,,,Limestone,Bed,Lakeview Limestone 
IDCmn;0,Minor,Sedimentary,Clastic,Sandstone,Arenite,,Arenite,Bed,Gold Creek Quartzite 
IDCmn;0,Incidental,Sedimentary,Clastic,Mudstone,Shale,,Shale,Bed,Rennie Shale 
IDD;0,Major,Sedimentary,Carbonate,Dolostone,,,Dolostone,Bed,"dolomite, silty dolomite, sandy dolomite "
IDD;0,Minor,Sedimentary,Carbonate,Limestone,,,Limestone,Bed,argillaceous to dolomitic limestone 
IDD;0,Minor,Sedimentary,Clastic,Sandstone,,,Sandstone,Bed,dolomitic quartz sandstone 
IDD;0,Incidental,Sedimentary,Clastic,Mudstone,Shale,,Shale,Bed,calcareous shale 
IDD;0,"Indeterminate, major",Sedimentary,Clastic,Conglomerate,,,Conglomerate,Bed,dolomite pebble conglomerate 
IDDc;0,Major,Metamorphic,Argillite,,,,Argillite,,"commonly argillitic to phyllitic, calcareous, cherty "
IDDc;0,Incidental,Metamorphic,Marble,,,,Marble,,marble and calc-silicate rock 
IDDc;0,Incidental,Sedimentary,Clastic,Siltstone,,,Siltstone,Bed,metamorphosed dolomitic siltstone 
IDDc;0,Incidental,Sedimentary,Chemical,Chert,,,Chert,Lense,meta-chert in siliceous argillite 
IDDO;0,Major,Sedimentary,Carbonate,Dolostone,,,Dolostone,Bed,"Saturday Mtn, Laketown, Jefferson, Grandview Fms "
IDDO;0,Minor,Sedimentary,Carbonate,Limestone,,,Limestone,Bed,Three Forks Limestone 
IDDO;0,Minor,Sedimentary,Clastic,Sandstone,Arenite,,Arenite,Bed,Kinnikinic Quartzite 
IDDO;0,Incidental,Sedimentary,Chemical,Chert,,,Chert,Lense,in dolomite of Saturday Mountain Fm 
IDDOc;0,Major,Sedimentary,Clastic,Mudstone,Shale,Black-shale,shale,Bed,graptolitic black shale and slabby argillite 
IDDOc;0,Minor,Sedimentary,Clastic,Sandstone,Arenite,,Arenite,Bed,quartzitic 
IDDOc;0,Incidental,Sedimentary,Clastic,Siltstone,,,Siltstone,Bed,siltite 
IDDOc;0,Incidental,Sedimentary,Carbonate,Limestone,,,Limestone,Bed, 
IDDOc;0,Incidental,Sedimentary,Chemical,Chert,,,Chert,Lense, 
IDDS;0,Major,Sedimentary,Carbonate,Dolostone,,,Dolostone,Bed,commonly fine- to medium-crystalline 
IDDS;0,Minor,Sedimentary,Carbonate,Limestone,,,Limestone,Bed,reefoid and crinoidal in eastern Roberts Mtns Fm 
IDDS;0,Minor,Sedimentary,Clastic,Siltstone,,,Siltstone,Bed,calcareous to dolomitic 
IDDS;0,Incidental,Sedimentary,Clastic,Sandstone,Arenite,,Arenite,Bed,quartzitic 
IDDS;0,Incidental,Sedimentary,Chemical,Chert,,,Chert,Lense,abundant in lower 60m of Laketown Dolomite 
IDJ;0,Major,Sedimentary,Clastic,Siltstone,,,Siltstone,Bed,major in Morrison Fm 
IDJ;0,Major,Sedimentary,Clastic,Mudstone,Shale,,Shale,Bed,mudstone to shale 
IDJ;0,Minor,Sedimentary,Clastic,Sandstone,,,Sandstone,Bed,"calcareous, chert-bearing "
IDJ;0,Incidental,Sedimentary,Carbonate,Limestone,,,Limestone,Bed,thin freshwater limestone interbeds 
IDJl;0,Major,Sedimentary,Carbonate,Limestone,,,Limestone,Bed,Twin Creek Limestone (lower part is Jl) 
IDJl;0,Major,Sedimentary,Clastic,Sandstone,,,Sandstone,Bed,Nugget Sandstone (upper part is Jl) 
IDJMwm;0,Major,Metamorphic,Schist,,,,Schist,Amphibolite,"quartz, biotite, hornblende, muscovite, graphite, garnet varieties "
IDJMwm;0,Minor,Metamorphic,Quartzite,,,,Quartzite,Amphibolite,interlayered with schist 
IDJMwm;0,Minor,Metamorphic,Marble,,,,Marble,,"lenses of massive, fine-grained marble locally replaced by skarn "
IDPM;0,Minor,Sedimentary,Clastic,Sandstone,Arenite,,Arenite,Bed,quartzose calcareous sandstone 
IDJMwm;0,Incidental,Metamorphic,Skarn,,,,Skarn,Amphibolite,"hedenbergite, ilvaite, diopside, garnet, tremolite, ore minerals "
IDJMwm;0,Incidental,Igneous,Plutonic,Gabbroic,Gabbro,,Gabbro,,amphibole-gabbro blocks in possible tectonic melange 
IDJTRi;0,Major,Igneous,Plutonic,Dioritic,Diorite,,Diorite,Pluton,metamorphosed diorite in metavolcanic terrane 
IDJTRi;0,Minor,Igneous,Plutonic,Dioritic,Quartz-diorite,,diorite,Pluton,metamorphosed quartz diorite in metavolcanic terrane 
IDJTRi;0,Incidental,Igneous,Plutonic,Gabbroic,Gabbro,,Gabbro,Pluton,metamorphosed gabbro 
IDJTRi;0,Incidental,Igneous,Plutonic,Gabbroic,Gabbro,Norite,Norite,Pluton,metamorphosed norite 
IDJTRi;0,Incidental,Igneous,Plutonic,Granitic,Alkalli-feldspar-granite,Alkali-granite,granite,Pluton,metamorphosed albite granite 
IDJTRi;0,"Indeterminate, major",Metamorphic,Greenstone,,,,Greenstone,Greenschist,greenstone after dioritic to gabbroic plutons 
IDJu;0,Major,Sedimentary,Clastic,Siltstone,,,Siltstone,Bed,glauconitic siltstone in Stump Fm 
IDJu;0,Minor,Sedimentary,Clastic,Mudstone,Shale,,Shale,Bed,"mudstone, claystone, shale "
IDJu;0,Minor,Sedimentary,Clastic,Sandstone,,,Sandstone,Bed, 
IDJu;0,Minor,Sedimentary,Carbonate,Limestone,,,Limestone,Bed, 
IDJu;0,Incidental,Sedimentary,Chemical,Evaporite,Salt,,Salt,Lense,evaporites in Pruess redbeds 
IDJu;0,Incidental,Sedimentary,Chemical,Evaporite,Gypsum,,Gypsum,Lense,evaporites in Pruess redbeds 
IDJwm;0,Major,Metamorphic,Metasedimentary,,,,Metasedimentary,Greenschist,"Coon Hollow siltstone, siltite, wacke, conglomerate "
IDJwm;0 ,Major,Metamorphic,Metavolcanic,,,,Metavolcanic,Greenschist,Weatherby andesitic to rhyolitic meta-volcanic rocks 
IDJwm;0,Incidental,Sedimentary,Chemical,,,,Chemical,Lense,gypsum-anhydrite 
IDJwm;0,Incidental,Metamorphic,Marble,,,,Marble,Greenschist, 
IDKi;0,Major,Igneous,Plutonic,Granitic,Granodiorite,,Granodiorite,Batholith,"biotite, biotite-muscovite, and biotite-hornblende granodiorite "
IDKi;0,Major,Igneous,Plutonic,Granitic,Granite,Monzogranite,Monzogranite,Batholith,biotite-mucovite monzogranite 
IDKi;0,Incidental,Igneous,Plutonic,Syenitic,Quartz-monzonite,,monzonite,Batholith,quartz monzonite to monzogranite 
IDKi;0,Incidental,Igneous,Plutonic,Dioritic,Quartz-diorite,,diorite,Pluton,quartz diorite plutons near batholith margins 
IDKi;0,Incidental,Igneous,Plutonic,Granitic,Tonalite,,Tonalite,Pluton,tonalite plutons near batholith margins 
IDKi;0,Incidental,Igneous,Plutonic,Granitic,Tonalite,Trondhjemite,Trondhjemite,Pluton,tronhjemite plutons near batholith margins 
IDKi;0,Incidental,Igneous,Plutonic,Granitic,Leucocratic-granitic,,granitic,,leucogranite in southern part of Atlanta lobe of Idaho batholith 
IDKi;0,Incidental,Igneous,Plutonic,Granitic,Leucocratic-granitic,Pegmatite,Pegmatite,Dike or sill,"pegmatite pods, dikes "
IDKi;0,Incidental,Igneous,Plutonic,Granitic,Leucocratic-granitic,Alaskite,Alaskite,Dike or sill,"alaskite pods, dikes, dikelets "
IDKib;0,Major,Igneous,Plutonic,Gabbroic,Gabbro,,Gabbro,Stock or pipe,small stocks in Challis quad (ID013) 
IDKib;0,Minor,Igneous,Plutonic,Gabbroic,Gabbro,,Gabbro,Dike or sill,small dike in Pullman quad (ID110) 
IDKif;0,Major,Igneous,Plutonic,Granitic,Granite,Monzogranite,Monzogranite,Pluton,"plutons, zones of biotite-muscov monzogranite in K batholiths "
IDKif;0,Minor,Igneous,Plutonic,Granitic,Granodiorite,,Granodiorite,Pluton,"plutons, zones of biotite-muscov granodiorite in K batholiths "
IDKif;0,Minor,Igneous,Plutonic,Granitic,Leucocratic-granitic,,granitic,Pluton,"leucocratic granitoid rocks, undivided "
IDKif;0,Incidental,Igneous,Plutonic,Granitic,Leucocratic-granitic,Pegmatite,Pegmatite,Dike or sill,"pegmatite pods, dikes in and around granitoid plutons "
IDKif;0,Incidental,Igneous,Plutonic,Granitic,Leucocratic-granitic,Aplite,Aplite,Dike or sill,"aplitic dikes, dikelets in and around granitoid plutons "
IDOYm;0,Major,Metamorphic,Marble,,,,Marble,"Amphibolite, epidote-amphibolite",Ordovician marble 
IDKif;0,Incidental,Igneous,Plutonic,Syenitic,Quartz-monzonite,,monzonite,Pluton,Tango Cr. porph. qtz monz of ID153 is monzogranite of ID020 
IDKif;0,Incidental,Igneous,Plutonic,Granitic,Tonalite,,Tonalite,Pluton,"tonalite of Snow Peak, tonalite of Clagstone (ID020) "
IDKif;0,Incidental,Metamorphic,Migmatite,,,,Migmatite,Amphibolite,"mixed 2-mica granitoid rocks, schist, and amphibolite  "
IDKif;0,Incidental,Metamorphic,Gneiss,,,,Gneiss,Amphibolite,"granitoid orthogneiss, and mylonitic orthogneiss "
IDKii;0,Major,Igneous,Plutonic,Granitic,Tonalite,,Tonalite,Pluton,tonalite to quartz-diorite plutons near margins of Idaho batholith 
IDKii;0,Major,Igneous,Plutonic,Granitic,Granodiorite,,Granodiorite,Pluton,potassium-rich hornblende-biotite granodiorite 
IDKii;0,Minor,Igneous,Plutonic,Dioritic,Quartz-diorite,,diorite,Pluton,quartz diorite to tonalite plutons near margins of Idaho batholith 
IDKii;0,Incidental,Igneous,Plutonic,Granitic,Tonalite,Trondhjemite,Trondhjemite,Pluton,trondhjemite plutons or trondhjemitic zones in tonalitic plutons 
IDKim;0,Major,Igneous,Plutonic,Granitic,Granodiorite,,Granodiorite,Pluton,"foliated biotite gd, hornblende-biotite gd, porphyritic gd "
IDKim;0,Minor,Igneous,Plutonic,Syenitic,Quartz-monzonite,,monzonite,Pluton,foliated porphyritic quartz monzonite 
IDKim;0,Incidental,Igneous,Plutonic,Granitic,Tonalite,,Tonalite,Pluton,foliated hornblende tonalite 
IDKim;0,Incidental,Igneous,Plutonic,Dioritic,Quartz-diorite,,diorite,Pluton,quartz diorite orthogneiss 
IDKim;0,Incidental,Metamorphic,Gneiss,,,,Gneiss,Amphibolite,granitoid orthogneiss 
IDKim;0,Incidental,Metamorphic,Migmatite,,,,Migmatite,Amphibolite,granitoid migmatite 
IDKim;0,Incidental,Tectonite,,,,,Tectonite,,mylonite along deep fault zones in orthogneiss 
IDKisy;0,Major,Igneous,Plutonic,Syenitic,Syenite,,Syenite,Pluton,"hornblende syenite, mafic syenite "
IDKisy;0,Minor,Igneous,Plutonic,Syenitic,Monzonite,,Monzonite,Pluton,"biotite monzonite, porphyritic monzonite "
IDKisy;0,Incidental,Igneous,Plutonic,Syenitic,Quartz-alkali-feldspar-syenite,,syenite,Pluton,quartz alkali-feldspar syenite 
IDKisy;0,Incidental,Igneous,Plutonic,Syenitic,Alkali-feldspar-syenite,,syenite,Pluton,leucocratic alkali-feldspar syenite 
IDKJii;0,Major,Igneous,Plutonic,Dioritic,Quartz-diorite,,diorite,Pluton,qtz dioritic plutons in accreted oceanic terranes 
IDKJii;0,Minor,Igneous,Plutonic,Granitic,Tonalite,,Tonalite,Pluton,tonalitic plutons in accreted oceanic terranes 
IDKJii;0,Minor,Igneous,Plutonic,Granitic,Granodiorite,,Granodiorite,Pluton,granodioritic plutons in accreted oceanic terranes 
IDKJii;0,Incidental,Metamorphic,Gneiss,,,,Gneiss,Amphibolite,"quartz dioritic orthogneiss (deformed, meta-quartz diorite) "
IDKJii;0,Incidental,Metamorphic,Migmatite,,,,Migmatite,,zones of mixed metamorphic rocks and granitoid intrusions 
IDKJii;0,Incidental,Igneous,Plutonic,Gabbroic,Gabbro,,Gabbro,,gabbroic margin of Cuddy Mtns intrusive complex 
IDKJii;0,Incidental,Igneous,Plutonic,Granitic,Tonalite,Trondhjemite,Trondhjemite,Pluton,trondhjemite and trondhjemitic zones in tonalitic intrusions 
IDKJii;0,Incidental,Igneous,Plutonic,Granitic,Leucocratic-granitic,Aplite,Aplite,Dike or sill,aplite and aplitic zones in and near granitoid intrusions 
IDKl;0,Major,Sedimentary,Clastic,Sandstone,,,Sandstone,Bed,retro-arc foreland basin deposits 
IDKl;0,Major,Sedimentary,Clastic,Siltstone,,,Siltstone,Bed,retro-arc foreland basin deposits 
IDKl;0,Minor,Sedimentary,Clastic,Mudstone,Shale,,Shale,Bed,retro-arc foreland basin deposits 
IDKl;0,Minor,Sedimentary,Clastic,Conglomerate,,,Conglomerate,Bed,retro-arc foreland basin deposits 
IDKl;0,Minor,Sedimentary,Carbonate,Limestone,,,Limestone,Bed,retro-arc foreland basin deposits 
IDKl;0,Incidental,Sedimentary,Coal,Sub-bituminous,,,bituminous,Bed,retro-arc foreland basin deposits 
IDKl;0,Incidental,Sedimentary,Clastic,Mudstone,Claystone,Bentonite,Bentonite,Bed,also kaolinite underclay 
IDKPmix;0,Major,Igneous,Plutonic,Dioritic,Quartz-diorite,,diorite,Pluton,large plutons with inclusions and septa of metamorphic rocks 
IDKPmix;0,Minor,Metamorphic,Metasedimentary,,,,Metasedimentary,Amphibolite,volcanic-derived metasedimentary gneiss 
IDKPmix;0,Minor,Metamorphic,Metavolcanic,,,,Metavolcanic,Amphibolite,metavolcanic gneiss 
IDKPmix;0,Minor,Igneous,Plutonic,Granitic,Tonalite,Trondhjemite,Trondhjemite,,small plutons with north-trending septa of metamorphic rocks 
IDKPmix;0,Incidental,Igneous,Plutonic,Syenitic,Quartz-monzonite,,monzonite,Pluton,small plutons with north-trending septa of metamorhic rocks 
IDKPmix;0,Incidental,Metamorphic,Migmatite,,,,Migmatite,Amphibolite,injection migmatite near margins of plutons 
IDKPwm;0,Major,Metamorphic,Metavolcanic,,,,Metavolcanic,,"felsic, intermediate, and mafic metavolcanic rocks "
IDKPwm;0,Major,Metamorphic,Metasedimentary,,,,Metasedimentary,Greenschist,volcanic-sourced metasedimentary rocks 
IDKPwm;0,Minor,Metamorphic,Migmatite,,,,Migmatite,Greenschist,quartz diorite to trondhemite lenses in metamorphic rocks 
IDKPwm;0,Minor,Metamorphic,Schist,,,,Schist,Greenschist,chloritic greenschist after intermediate volcanic rocks 
IDKPwm;0,Minor,Metamorphic,Schist,,,,Schist,Greenschist,white muscovite-albite schist after felsic volcanic rock 
IDKPwm;0,Minor,Metamorphic,Phyllite,,,,Phyllite,Greenschist,gray carbonaceous phyllite and schist after argillite 
IDKPwm;0,Incidental,Metamorphic,Serpentinite,,,,Serpentinite,,serpentinite and talc schist after peridotite lenses 
IDKPwm;0,Incidental,Metamorphic,Amphibolite,,,,Amphibolite,Amphibolite,actinolite schist after mafic volcanics 
IDKPwm;0,Incidental,Igneous,Plutonic,Dioritic,Quartz-diorite,,diorite,Dike or sill,lenticular bodies injected along schistosity 
IDKPwm;0,Incidental,Igneous,Plutonic,Granitic,Tonalite,Trondhjemite,Trondhjemite,,lenticular bodies injected along schistosity 
IDKu;0,Major,Sedimentary,Clastic,Mudstone,Shale,,Shale,Bed,retro-arc foreland basin deposits 
IDKu;0,Minor,Sedimentary,Clastic,Siltstone,,,Siltstone,Bed,retro-arc foreland basin deposits 
IDKu;0,Incidental,Sedimentary,Coal,Sub-bituminous,,,bituminous,Bed,retro-arc foreland basin deposits 
IDKu;0,Incidental,Sedimentary,Carbonate,Limestone,,,Limestone,Coquina,retro-arc foreland basin deposits 
IDKXmix;0,Major,Igneous,Plutonic,Granitic,,,Granitic,Dike or sill,relatively small granitoid intrusions near margins of batholiths 
IDKXmix;0,Major,Metamorphic,Metasedimentary,,,,Metasedimentary,Amphibolite,relatively small inclusions or septa of metasedimentary rocks 
IDKXmix;0,Major,Metamorphic,Migmatite,,,,Migmatite,,metasedimentary rocks injected by granitoids 
IDKYim;0,Major,Igneous,Plutonic,Granitic,Granodiorite,,Granodiorite,Batholith,granodiorite of Idaho batholith 
IDKYim;0,Incidental,Igneous,Plutonic,Granitic,Leucocratic-granitic,Aplite,Aplite,Batholith,"leucocratic granite, alaskite, and aplite of Idaho batholith "
IDKYim;0,Incidental,Igneous,Plutonic,Granitic,Tonalite,,Tonalite,Batholith,tonalite of Idaho batholith 
IDKYim;0,Incidental,Metamorphic,Quartzite,,,,Quartzite,Amphibolite,quartzite of Middle Proterozoic age 
IDKYim;0,Incidental,Metamorphic,Schist,,,,Schist,Amphibolite,biotite-sillimanite schist and paragneiss of Mid-Proterozoic age 
IDKYim;0,"Indeterminate, major",Metamorphic,Gneiss,,,,Gneiss,Amphibolite,primary orthogneiss of possible Precambrian age 
IDKYim;0,Incidental,Metamorphic,Gneiss,,,,Gneiss,Amphibolite,garnet-diopside calc-silicate gneiss 
IDM;0,Major,Sedimentary,Carbonate,Limestone,,,Limestone,Bed,"bioclastic to micritic, pure to shaley or silty "
IDM;0,Minor,Sedimentary,Clastic,Mudstone,Shale,,Shale,Bed,major shale to argillite in McGowan Creek Fm 
IDM;0,Minor,Sedimentary,Clastic,Siltstone,,,Siltstone,Bed,major siltstone to siltite in McGowan Creek Fm 
IDM;0,Incidental,Sedimentary,Clastic,Sandstone,,,Sandstone,Bed,mostly in Bluebird Mtn and Arco Hills Fms 
IDM;0,Incidental,Sedimentary,Chemical,Chert,,,Chert,Lense,some limestones are cherty 
IDM;0,Incidental,Sedimentary,Clastic,Conglomerate,,,Conglomerate,Bed,in upper western White Knob Gp 
IDMc;0,Major,Sedimentary,Clastic,Mudstone,Shale,,Shale,Bed,argillitic 
IDMc;0,Major,Sedimentary,Clastic,Conglomerate,,,Conglomerate,Bed,"granules to boulders of chert, quartzite, argillite "
IDMc;0,Minor,Sedimentary,Clastic,Sandstone,,,Sandstone,Bed,quartzitic 
IDMc;0,Minor,Sedimentary,Clastic,Siltstone,,,Siltstone,Bed,major in lower Copper Basin at BAyhorse 
IDMc;0,Incidental,Sedimentary,Carbonate,Limestone,,,Limestone,Lense,"argillaceous to sandy, micritic, cherty, bioclastic "
IDMc;0,Incidental,Sedimentary,Chemical,Chert,,,Chert,Lense,chert comprises 40 percent of Green Lake Ls bed 
IDMs;0,Major,Sedimentary,Carbonate,Limestone,,,Limestone,Bed,"fossiliferous, bioclastic, some silty to sandy "
IDMs;0,Minor,Sedimentary,Clastic,Sandstone,,,Sandstone,Bed,Little Flat Fm 
IDMs;0,Minor,Sedimentary,Clastic,Siltstone,,,Siltstone,Bed,Deep Creek fm 
IDMs;0,Incidental,Sedimentary,Clastic,Mudstone,Shale,Black-shale,shale,Bed,"lower part, Manning Canyon Fm "
IDMs;0,Incidental,Sedimentary,Chemical,Chert,,,Chert,Lense,in limestones of Deep Creek and Monroe Creek 
IDMs;0,Incidental,Sedimentary,Chemical,Phosphorite,,,Phosphorite,Bed,basal Delle Mbr of Little Flat Fm 
IDO;0,Major,Sedimentary,Carbonate,Dolostone,,,Dolostone,Bed,Bighorn Dolomite and Fish Haven Dolomite 
IDO;0,Minor,Sedimentary,Carbonate,Limestone,,,Limestone,Bed,Garden City Limestone 
IDO;0,Minor,Sedimentary,Clastic,Sandstone,Arenite,,Arenite,Bed,Swan Peak Quartzite 
IDO;0,Incidental,Sedimentary,Chemical,Chert,,,Chert,Lense,local chert in Fish Haven Dol and Garden City Ls 
IDO;0,Incidental,Sedimentary,Clastic,Conglomerate,,,Conglomerate,Lense,intraformational conglomerate in Garden City Ls 
IDOC;0,Major,Sedimentary,Carbonate,Limestone,,,Limestone,Bed,"Meagher, Pilgrim, Snowy R., St. Charles, Garden City "
IDOC;0,Minor,Sedimentary,Carbonate,Dolostone,,,Dolostone,Bed,Nounan and Bighorn 
IDOC;0,Incidental,Sedimentary,Clastic,Mudstone,Shale,,Shale,Bed,"Wolsey, Park, Snowy Range Gp "
IDOC;0,Incidental,Sedimentary,Clastic,Sandstone,Arenite,,Arenite,Bed,Flathead Sandstone 
IDOCc;0,Major,Sedimentary,Carbonate,Dolostone,,,Dolostone,Bed, 
IDOCc;0,Major,Sedimentary,Clastic,Mudstone,Shale,,Shale,Bed,"shale, slate, phyllite "
IDOCc;0,Minor,Sedimentary,Clastic,Sandstone,Arenite,,Arenite,Bed,quartzite 
IDOCc;0,Minor,Sedimentary,Clastic,Siltstone,,,Siltstone,Bed,"siltstone, siltite "
IDOCc;0,Incidental,Sedimentary,Carbonate,Limestone,,,Limestone,Bed, 
IDOCc;0,Incidental,Sedimentary,Clastic,Conglomerate,,,Conglomerate,Lense, 
IDOCc;0,Incidental,Sedimentary,Chemical,Chert,,,Chert,Lense, 
IDOCisy;0,Major,Igneous,Plutonic,Syenitic,Alkali-feldspar-syenite,,syenite,Pluton,"Beaverhead pluton, Arnett Creek pluton "
IDOCisy;0,Minor,Igneous,Plutonic,Granitic,Alkalli-feldspar-granite,Alkali-granite,granite,Pluton,"Beaverhead pluton, Arnett Creek pluton "
IDOCisy;0,Incidental,Igneous,Plutonic,Syenitic,Quartz-syenite,,syenite,Pluton,incidental mafic rich quartz syenite zones in plutons 
IDOCisy;0,Incidental,Igneous,Plutonic,Gabbroic,Gabbro,,Gabbro,Pluton,incidental gabbroic zones in plutons 
IDOl;0,Major,Sedimentary,Clastic,Sandstone,Arenite,,Arenite,Bed,Clayton Mine Quartzite (feldspathic quartzite) 
IDOl;0,Minor,Sedimentary,Clastic,Mudstone,Shale,,Shale,Bed,Ramshorn Slate and argillite 
IDOl;0,Minor,Sedimentary,Carbonate,Dolostone,,,Dolostone,Bed,"Bayhorse Dolomite, dolomitic limestone, limestone "
IDOl;0,Minor,Sedimentary,Clastic,Siltstone,,,Siltstone,Bed,sandy siltstone of the Rob Roy mine area 
IDOl;0,Incidental,Sedimentary,Clastic,Conglomerate,,,Conglomerate,Lense,thin lensed of pebbly qtzt cgl in Clayton Mine qtzt 
IDOl;0,Incidental,Sedimentary,Chemical,Chert,,,Chert,Lense,chert lenses in Bayhorse Dolomite 
IDOl;0,Incidental,Sedimentary,Carbonate,Limestone,,,Limestone,Bed,"limestone, sandy limestone, dolomitic limestone "
IDOu;0,Major,Sedimentary,Carbonate,Dolostone,,,Dolostone,Bed,"dolomite, and sandy dolomite "
IDOu;0,Minor,Metamorphic,Quartzite,,,,Quartzite,Bed,"Kinnikinic Quartzite, and dolomitic sandstone "
IDOu;0,Minor,Sedimentary,Clastic,Mudstone,Shale,,Shale,Bed,"shaly partings, fossiliferous limy shale beds "
IDOu;0,Incidental,Sedimentary,Clastic,Siltstone,,,Siltstone,Bed,dolomitic siltstone 
IDOu;0,Incidental,Sedimentary,Carbonate,Limestone,,,Limestone,Bed,limestone and magnesian limestone 
IDOYm;0,Major,Metamorphic,Quartzite,,,,Quartzite,"Amphibolite, epidote-amphibolite",Ordovician biotitic quartzite and Proterozoic gneissic quartzite 
IDOYm;0,Incidental,Metamorphic,Skarn,,,,Skarn,Amphibolite,"Proterozoic calcite, garnet, pyroxene, scapolite rock "
IDOYm;0,Incidental,Metamorphic,Schist,,,,Schist,Amphibolite,Proterozoic andalusite-staurolite-sillimanite mica-quartz schist 
IDOZm;0,Major,Metamorphic,Quartzite,,,,Quartzite,Greenschist,quartzite with muscovitic partings 
IDOZm;0,Major,Metamorphic,Schist,,,,Schist,Greenschist,muscovite-quartz-chlorite schist 
IDP;0,Major,Sedimentary,Chemical,Chert,,,Chert,Bed,"Rex Chert, and chert in Shedhorn sandstone "
IDP;0,Minor,Sedimentary,Clastic,Mudstone,Shale,Black-shale,shale,Bed,"metalliferous, phosphatic black shale "
IDP;0,Minor,Sedimentary,Chemical,Phosphorite,,,Phosphorite,Bed,"phosphorite, phosphatic shale and carbonate "
IDP;0,Minor,Sedimentary,Carbonate,Dolostone,,,Dolostone,Bed,phosphatic dolostone 
IDP;0,Major,Sedimentary,Clastic,Sandstone,Arenite,,Arenite,Bed,phosphatic sandstone 
IDP;0,Incidental,Sedimentary,Carbonate,Limestone,,,Limestone,Bed,phosphatic limestone 
IDP;0,Incidental,Sedimentary,Chemical,Phosphorite,,,Phosphorite,Bed,phosphatic shale 
IDPM;0,Major,Sedimentary,Carbonate,Limestone,,,Limestone,Bed,"fossiliferous, especially in lower member "
IDPM;0,Minor,Sedimentary,Carbonate,Dolostone,,,Dolostone,Bed,abundant in upper part of upper member 
IDPM;0,Incidental,Sedimentary,Clastic,Siltstone,,,Siltstone,Bed,cherty limestone and dolostone with chert nodules 
IDPM;0,Incidental,Sedimentary,Chemical,Chert,,,Chert,Lense,up to 40 percent chert nodules in upper dolomite 
IDPNM;0,Major,Sedimentary,Clastic,Sandstone,Arenite,,Arenite,Bed,quartzose 
IDPNM;0,Minor,Sedimentary,Clastic,Siltstone,,,Siltstone,Bed, 
IDPNM;0,Minor,Sedimentary,Carbonate,Dolostone,,,Dolostone,Bed, 
IDPNM;0,Incidental,Sedimentary,Chemical,Chert,,,Chert,Lense,nodules and seams in dolostone 
IDPNs;0,Major,Sedimentary,Carbonate,Limestone,,,Limestone,Bed,commonly sandy or cherty 
IDPNs;0,Major,Sedimentary,Clastic,Sandstone,,,Sandstone,Bed,calcareous or interbedded with limestone 
IDPNs;0,Incidental,Sedimentary,Clastic,Mudstone,Shale,Black-shale,shale,Bed,in upper part of Manning Shale 
IDPNs;0,Incidental,Sedimentary,Chemical,Chert,,,Chert,Lense,in limestone at base of Tussing Fm 
IDPPNc;0,Major,Sedimentary,Clastic,Sandstone,,,Sandstone,Bed,calcareous sandstone 
IDPPNc;0,Major,Sedimentary,Carbonate,Limestone,,,Limestone,Bed,"sandy, silty, bioclastic, and cherty limestones "
IDPPNc;0,Minor,Sedimentary,Clastic,Siltstone,,,Siltstone,Bed,calcareous to carbonaceous siltstone 
IDPPNc;0,Incidental,Sedimentary,Clastic,Conglomerate,,,Conglomerate,Bed,basal congomerate 
IDPPNc;0,Incidental,Sedimentary,Clastic,Mudstone,Shale,Black-shale,shale,Bed, 
IDPPNs;0,Major,Sedimentary,Carbonate,Limestone,,,Limestone,Bed,with sandstone interbeds 
IDPPNs;0,Major,Sedimentary,Clastic,Sandstone,,,Sandstone,Bed,with limestone interbeds 
IDPPNs;0,Incidental,Sedimentary,Carbonate,Dolostone,,,Dolostone,Bed,"cherty dolostone in Wells Fm, Preston quad "
IDPPNs;0,Incidental,Sedimentary,Chemical,Chert,,,Chert,Lense,chert in dolostone 
IDPPNs;0,Incidental,Sedimentary,Clastic,Siltstone,,,Siltstone,Bed,"in Oquirrh Gp, Pocatello quad "
IDPPNs;0,Incidental,Sedimentary,Clastic,Mudstone,Shale,,Shale,Bed,"in Oquirrh Gp, Sublett Mtns, Pocatello quad "
IDPs;0,Major,Sedimentary,Clastic,Siltstone,,,Siltstone,Bed,some siltstone is calcareous 
IDPs;0,Major,Sedimentary,Clastic,Sandstone,Arenite,,Arenite,Bed,"quartzose sandstone, some calcareous, some cherty "
IDPs;0,Incidental,Sedimentary,Carbonate,Dolostone,,,Dolostone,Bed,"sandy, fossiliferous, near top of Fm "
IDPwm;0,Major,Metamorphic,Metasedimentary,,,,Metasedimentary,Greenschist,Hunsaker Creek predominantly metasedimentary 
IDPwm;0,Minor,Metamorphic,Metavolcanic,,,,Metavolcanic,Greenschist,Windy Ridge predominantly metavolcanic 
IDPZl;0,Major,Sedimentary,Carbonate,Limestone,,,Limestone,Bed,"Elkhead, St. Charles, Garden City, Nounan "
IDPZl;0,Minor,Sedimentary,Carbonate,Dolostone,,,Dolostone,Bed,"Langston, Fish Haven, Bighorn, Laketown "
IDY3n;0,Minor,Metamorphic,Quartzite,,,,Quartzite,Bed,"siliciclastic, dolomitic, or carbonaceous "
IDPZl;0,Minor,Sedimentary,Clastic,Sandstone,Arenite,,Arenite,Bed,"quartzites: Camelback, Sedgwick, Swan Peak "
IDPZl;0,Minor,Sedimentary,Clastic,Mudstone,Shale,,Shale,Bed,"Windy Pass Gibson Jack, Lead Bell, Gros Ventre "
IDPZl;0,Incidental,Sedimentary,Clastic,Siltstone,,,Siltstone,Bed,"Windy Pass, Gibson Jack, Bloomington "
IDPZu;0,Major,Sedimentary,Carbonate,Limestone,,,Limestone,Bed, 
IDPZu;0,Major,Sedimentary,Clastic,Sandstone,Arenite,,Arenite,Bed, 
IDPZu;0,Minor,Sedimentary,Carbonate,Dolostone,,,Dolostone,Bed, 
IDPZu;0,Incidental,Sedimentary,Chemical,Chert,,,Chert,Lense, 
IDPZu;0,Incidental,Sedimentary,Clastic,Siltstone,,,Siltstone,Bed, 
IDPZu;0,Incidental,Sedimentary,Clastic,Mudstone,Shale,,Shale,Bed, 
IDQa;0,Major,Unconsolidated,Coarse-detrital,Gravel,,,Gravel,Alluvial,"gravel in stream, terrace, and fan alluvium "
IDQa;0,Minor,Unconsolidated,Coarse-detrital,Sand,,,Sand,Alluvial,interstitial stream and proximal floodplain sand 
IDQa;0 ,Minor,Unconsolidated,Fine-detrital,Silt,,,Silt,Alluvial,interstitial stream and distal floodplain silt 
IDQa;0 ,Incidental,Unconsolidated,Fine-detrital,Clay,,,Clay,Lacustrine,interstitial stream and distal flooplain clay 
IDQa;0 ,Incidental,Unconsolidated,Peat,,,,Peat,Swamp,peat in marshes and ponds on floodplains 
IDQa;0 ,Incidental,Unconsolidated,Coarse-detrital,,,,detrital,Colluvial,coarse clasts in colluvium 
IDQa;0,Incidental,Unconsolidated,Fine-detrital,,,,detrital,Colluvial,interstitial fines in colluvium 
IDQd;0,Major,Unconsolidated,Coarse-detrital,Gravel,,,Gravel,Alluvial,proximal alluvial fan 
IDQd;0,Major,Unconsolidated,Coarse-detrital,Sand,,,Sand,Alluvial,alluvial fan and mainstream alluvium 
IDQd;0,Major,Unconsolidated,Fine-detrital,Silt,,,Silt,Alluvial,distal fan and mainstream alluvium 
IDQd;0,Incidental,Unconsolidated,Coarse-detrital,Boulders,,,Boulders,Alluvial,proximal alluvial fan 
IDQg;0,Major,Unconsolidated,Coarse-detrital,,,,detrital,Alluvial,alluvial sand and gravel 
IDQg;0,Minor,Unconsolidated,Fine-detrital,,,,detrital,Alluvial,alluvial interstitial silt and clay 
IDQg;0,Minor,Unconsolidated,Coarse-detrital,,,,detrital,Glacial,coarse glacial debris in till and outwash 
IDQg;0,Minor,Unconsolidated,Fine-detrital,,,,detrital,Glacial,fine glacial debris in till and outwash 
IDQg;0,Incidental,Unconsolidated,Coarse-detrital,,,,detrital,Colluvial,coarse colluvial detritus 
IDQg;0,Incidental,Unconsolidated,Fine-detrital,,,,detrital,Colluvial,fine interstitial colluvial detritus 
IDQpa;0,Major,Unconsolidated,Fine-detrital,Clay,,,Clay,"Glacial, outwash","glacial flood deposits, distal slackwater fines, lake or pond beds "
IDQpa;0,Major,Unconsolidated,Fine-detrital,Silt,,,Silt,"Glacial, outwash","glacial flood deposits, distal slackwater outwash "
IDQpa;0,Minor,Unconsolidated,Coarse-detrital,Sand,,,Sand,"Glacial, outwash","glacial flood deposits, distal fast to slackwater outwash "
IDQpa;0,Incidental,Unconsolidated,Coarse-detrital,Gravel,,,Gravel,"Glacial, outwash","glacial flood deposits, distal fastwater outwash "
IDQpc;0,Major,Unconsolidated,Coarse-detrital,Gravel,,,Gravel,Glacial,upland-valley till and outwash 
IDQpc;0,Major,Unconsolidated,Coarse-detrital,Sand,,,Sand,Glacial,upland-valley till and outwash 
IDQpc;0,Minor,Unconsolidated,Fine-detrital,,,,detrital,Glacial,upland-valley till and outwash 
IDQpc;0,Incidental,Unconsolidated,Coarse-detrital,Gravel,,,Gravel,Alluvial,upland-valley alluvium 
IDQpc;0,Incidental,Unconsolidated,Coarse-detrital,Sand,,,Sand,Alluvial,upland-valley alluvium 
IDQpc;0,Incidental,Unconsolidated,Fine-detrital,,,,detrital,Alluvial,upland-valley alluvium 
IDQpd;0,Major,Unconsolidated,Fine-detrital,Silt,,,Silt,Lacustrine,silty deepwater glacial-lake deposits 
IDQpd;0,Major,Unconsolidated,Coarse-detrital,Sand,,,Sand,Lacustrine,coarse near-shore glacial-lake deposits 
IDQpd;0,Incidental,Unconsolidated,Coarse-detrital,Gravel,,,Gravel,Lacustrine,deltaic gravel deposits near old lake inlets 
IDQpg;0,Major,Unconsolidated,Coarse-detrital,Gravel,,,Gravel,"Glacial, outwash","outwash and flood gravel, undivided "
IDQpg;0,Major,Unconsolidated,Coarse-detrital,Gravel,,,Gravel,Alluvial,alluvial fan and mainstream gravel 
IDQpg;0,Minor,Unconsolidated,Coarse-detrital,Sand,,,Sand,"Glacial, outwash",interstitial and distal outwash sand 
IDQpg;0,Minor,Unconsolidated,Coarse-detrital,Sand,,,Sand,Alluvial,interstitial and distal alluvial sand 
IDQpg;0,Incidental,Unconsolidated,Fine-detrital,Silt,,,Silt,"Glacial, outwash",distal and slackwater outwash silt 
IDQpg;0,Incidental,Unconsolidated,Fine-detrital,Silt,,,Silt,Alluvial,distal and slackwater alluvial silt 
IDQplf;0,Major,Igneous,Volcanic,Felsic-volcanic,Rhyolite,,Rhyolite,"Pyroclastic, ash-flow",Huckleberry Ridge Tuff of Yellowstone Group 
IDQplg;0,Major,Unconsolidated,Coarse-detrital,Gravel,,,Gravel,Alluvial,at least 5 beds of well-sorted pebble gravel 
IDQplg;0,Minor,Unconsolidated,Fine-detrital,Silt,,,Silt,Alluvial,silt interbeds 
IDQplg;0,Minor,Unconsolidated,Fine-detrital,Clay,,,Clay,Alluvial,clay interbeds 
IDQpm1f;0,Major,Igneous,Volcanic,Felsic-volcanic,Rhyolite,,Rhyolite,Flow,Big Bend Ridge Rhyolite flows 
IDQpm2f;0,Major,Igneous,Volcanic,Felsic-volcanic,Rhyolite,,Rhyolite,"Pyroclastic, ash-flow","Meas Falls Tuff, distal ash flow and pumice "
IDQpmb;0,Major,Igneous,Volcanic,Mafic-volcanic,Basalt,,Basalt,Flow,plateau- and canyon-filling basalt flows 
IDQpmb;0,"Indeterminate, major",Igneous,Volcanic,Mafic-volcanic,Basalt,,Basalt,Pyroclastic,basaltic pyroclastic deposits 
IDQpmb;0,Incidental,Sedimentary,Clastic,Mixed-clastic,,,clastic,Lense,interbeded sediments 
IDQpmb;0,Incidental,Unconsolidated,Coarse-detrital,,,,detrital,Colluvial,inter-flow colluvium 
IDQpmd;0,Major,Unconsolidated,Fine-detrital,Silt,,,Silt,Lacustrine,silt in lava-dammed lake beds and floodplains 
IDQpmd;0,Major,Unconsolidated,Fine-detrital,Clay,,,Clay,Lacustrine,clay in lava-dammed lake beds 
IDQpmd;0,Incidental,Sedimentary,Chemical,Diatomite,,,Diatomite,Bed,lacustrine diatomite beds 
IDQpmd;0,Incidental,Unconsolidated,Coarse-detrital,Sand,,,Sand,Lacustrine,alluvial fine sand beds 
IDQpmd;0,Incidental,Unconsolidated,Coarse-detrital,Gravel,,,Gravel,Lacustrine,alluvial well-sorted pebble gravel 
IDQpmg;0,Incidental,Unconsolidated,Coarse-detrital,Sand,,,Sand,Alluvial,in alluvial Black Mesa Gravel 
IDQpt;0,Minor,Unconsolidated,Coarse-detrital,Gravel,,,Gravel,Glacial,till and outwash 
IDQpt;0,Major,Unconsolidated,Coarse-detrital,Sand,,,Sand,Glacial,till and outwash 
IDQpt;0,Minor,Unconsolidated,Coarse-detrital,Boulders,,,Boulders,Glacial,till and outwash 
IDQpt;0,Incidental,Unconsolidated,Coarse-detrital,,,,detrital,Alluvial,alluvial gravel and sand 
IDQpt;0,Incidental,Unconsolidated,Fine-detrital,,,,detrital,Alluvial,alluvial silt and mud 
IDQpu1b;0,Major,Igneous,Volcanic,Mafic-volcanic,Basalt,,Basalt,Flow,"tholeiitic pahoehoe flows, columnar jointing common "
IDQpu1b;0,Minor,Unconsolidated,Fine-detrital,Silt,,,Silt,Bed,American Falls Lake beds 
IDQpu1f;0,Major,Igneous,Volcanic,Felsic-volcanic,Rhyolite,,Rhyolite,Flow,Mount Jackson Rhyolite flows 
IDQpu2b;0,Major,Igneous,Volcanic,Mafic-volcanic,Basalt,,Basalt,Flow,olivine tholeiitic and olivine-feldspar-phyric pahoehoe 
IDQpu2b;0,Minor,Unconsolidated,Coarse-detrital,Gravel,,,Gravel,Bed,Sugar Bowl Gravel 
IDQpu2f;0,Major,Igneous,Volcanic,Felsic-volcanic,Rhyolite,,Rhyolite,"Pyroclastic, ash-flow","Lava Creek Tuff, ash-flow tuff "
IDQpu3b;0,Major,Igneous,Volcanic,Mafic-volcanic,Basalt,,Basalt,Flow,"tholeiitic pahoehoe, olivine and plag-phyric, and non-phyric  "
IDQpu3b;0,Minor,Unconsolidated,Coarse-detrital,Gravel,,,Gravel,Bed,Crowsnest Gravel 
IDQpu3b;0,Incidental,Igneous,Volcanic,Mafic-volcanic,Basalt,,Basalt,"Pyroclastic, cinder cone",cinder cones and other pyroclastic deposits 
IDQpu3f;0,Major,Igneous,Volcanic,Felsic-volcanic,Rhyolite,,Rhyolite,Flow,"West Yellowstone flow, Summit Lake flow "
IDQpu3f;0,Minor,Igneous,Volcanic,Felsic-volcanic,Rhyolite,,Rhyolite,"Pyroclastic, ash-flow",Buffalo Lake ash-flow tuff 
IDQpu4b;0,Major,Igneous,Volcanic,Mafic-volcanic,Basalt,,Basalt,Flow,tholeiitic basalt flows 
IDQpu4b;0,Minor,Unconsolidated,Fine-detrital,Clay,,,Clay,Bed,Yahoo lava-damed lake beds 
IDQpu4b;0,Incidental,Igneous,Volcanic,Mafic-volcanic,Basalt,,Basalt,"Pyroclastic, cinder cone",cinder cones and other pyroclastic deposits 
IDQpub;0,Major,Igneous,Volcanic,Mafic-volcanic,Basalt,,Basalt,Flow,"olivine tholeiitic pahoehoe with feldspar, olivine phenocrysts  "
IDQpub;0,Minor,Unconsolidated,Fine-detrital,Clay,,,Clay,Bed,clay in lava-dammed lakes 
IDQpub;0,Incidental,Unconsolidated,Coarse-detrital,Gravel,,,Gravel,Alluvial,gravel interlayered with basalt along alluvial channelways 
IDQpuf;0,Major,Igneous,Volcanic,Felsic-volcanic,Rhyolite,,Rhyolite,Flow,rhyolitic flows from vents in Yellowstone Caldera 
IDQpuf;0,Major,Igneous,Volcanic,Felsic-volcanic,Rhyolite,,Rhyolite,"Pyroclastic, ash-flow",rhyolitic ash-flow tuffs from Yellowstone Caldera 
IDQpug;0 ,Major,Unconsolidated,Coarse-detrital,Gravel,,,Gravel,"Glacial, outwash",glacial-lake outburst flood gravel 
IDQpug;0,Minor,Unconsolidated,Coarse-detrital,Sand,,,Sand,"Glacial, outwash",interstitial sand in gravel and distal sand 
IDQpug;0,Minor,Unconsolidated,Fine-detrital,Silt,,,Silt,Alluvial,alluvial slackwater silt 
IDQpug;0,Minor,Unconsolidated,Fine-detrital,Clay,,,Clay,Lacustrine,clay in lava-dammed lakes 
IDQpw;0,Major,Unconsolidated,Fine-detrital,Silt,,,Silt,"Eolian, Loess",eolian loess dunes 
IDQrb;0,Major,Igneous,Volcanic,Mafic-volcanic,Basalt,,Basalt,Flow,evolved olivine tholeiitic ferrobasalt to ferrolatite pahoehoe 
IDQrb;0,Incidental,Igneous,Volcanic,Mafic-volcanic,Basalt,,Basalt,"Pyroclastic, cinder cone",basaltic cinder cones and other pyroclastics 
IDQrw;0,Major,Unconsolidated,Coarse-detrital,Sand,,,Sand,Eolian,eolian sand dunes 
IDQs;0,Major,Unconsolidated,Fine-detrital,Silt,,,Silt,"Eolian, Loess",eolian loess 
IDQs;0,Major,Unconsolidated,Coarse-detrital,Gravel,,,Gravel,Colluvial, 
IDQTb;0,Major,Igneous,Volcanic,Mafic-volcanic,Basalt,,Basalt,Flow,"olivine tholeiite, plagioclase-olivine basalt, pahoehoe basalt "
IDQTb;0,Incidental,Igneous,Volcanic,Mafic-volcanic,Basalt,,Basalt,"Pyroclastic, cinder cone",basaltic cinder cones 
IDQTb;0,Incidental,Igneous,Volcanic,Mafic-volcanic,Basalt,,Basalt,"Pyroclastic, tuff",basaltic tuffs 
IDQTf;0,Major,Igneous,Volcanic,Felsic-volcanic,Rhyolite,,Rhyolite,Dome,mildly peralkaline rhyolitic flow domes 
IDQTf;0,Minor,Igneous,Volcanic,Felsic-volcanic,Rhyolite,,Rhyolite,Flow,rhyolite and obsidian lava flows 
IDQTf;0,Minor,Igneous,Volcanic,Felsic-volcanic,Rhyolite,,Rhyolite,"Volcaniclastic, volcanic breccia","rhyolite megabreccia, autoclastic breccia, explosion breccia "
IDQTf;0,Incidental,Igneous,Volcanic,Mafic-volcanic,Basalt,,Basalt,Flow,evolved tholeiitic basalt lava flows with high iron and alkalies 
IDQTg;0,Major,Unconsolidated,Coarse-detrital,Gravel,,,Gravel,Alluvial,alluvial-fan gravel 
IDQTg;0,Minor,Unconsolidated,Coarse-detrital,Sand,,,Sand,Alluvial,interstitial sand in alluvial-fan gravel 
IDQTg;0,Minor,Unconsolidated,Fine-detrital,Clay,,,Clay,Colluvial,2-5 m of clay-rich colluvium on basalt 
IDQTg;0,Minor,Unconsolidated,Fine-detrital,Silt,,,Silt,Colluvial,silt in colluvium 
IDQTg;0,Minor,Unconsolidated,Coarse-detrital,Sand,,,Sand,Colluvial,"sand in colluvium, abundant in grus derived from granitoid rocks "
IDQTg;0,Incidental,Unconsolidated,Coarse-detrital,Boulders,,,Boulders,Colluvial,spheroidally weathered basalt clasts near base of colluvium 
IDQTib;0,Major,Igneous,Hypabyssal,Mafic-hypabyssal,Hypabyssal-andesite,,andesite,Stock or pipe,subvolcanic plugs and vent intrusions 
IDQTib;0,Minor,Igneous,Hypabyssal,Mafic-hypabyssal,Hypabyssal-basalt,,basalt,Stock or pipe,subvolcanic plugs and vent intrusions 
IDQTib;0,Minor,Igneous,Plutonic,Dioritic,Diorite,,Diorite,Dike or sill,hypabyssal dikes and sills 
IDQTs;0,Major,Unconsolidated,Fine-detrital,Silt,,,Silt,Lacustrine,lake and floodplain silt 
IDQTs;0,Minor,Unconsolidated,Fine-detrital,Clay,,,Clay,Lacustrine,lake and floodplain clay 
IDQTs;0,Incidental,Unconsolidated,Coarse-detrital,Gravel,,,Gravel,Alluvial,alluvial gravel 
IDQTvs;0,Major,Igneous,Volcanic,Felsic-volcanic,Rhyolite,,Rhyolite,"Pyroclastic, ash-flow",welded tuff of Edie School Rhyolite 
IDQTvs;0,Major,Igneous,Volcanic,Felsic-volcanic,Rhyolite,,Rhyolite,"Pyroclastic, tuff",waterlain tuff of Edie School Rhyolite 
IDQTvs;0,Minor,Igneous,Volcanic,Mafic-volcanic,Basalt,,Basalt,Flow,basalt flows of Snake River Group 
IDQTvs;0,Incidental,Igneous,Volcanic,Mafic-volcanic,Andesite,,Andesite,Flow,lava flows of Late Oligocene Medicine Lodge Volcanics 
IDQTvs;0,Incidental,Igneous,Volcanic,Mafic-volcanic,Andesite,,Andesite,"Pyroclastic, tuff",crystal tuffs of Late Oligocene Medicine Lodge Volcanics 
IDQTvs;0,Incidental,Sedimentary,Clastic,Mixed-clastic,Sandstone-Mudstone,,Mudstone,Bed,sandstone and shale in Early Miocene Medicine Lodge Beds 
IDQTvs;0,Incidental,Sedimentary,Clastic,Conglomerate,,,Conglomerate,Bed,conglomerate in Early Miocene Medicine Lodge Beds 
IDQTvs;0,Incidental,Sedimentary,Carbonate,Limestone,,,Limestone,Bed,limestone in Early Miocene Medicine Lodge Beds 
IDQw;0,Major,Unconsolidated,Fine-detrital,Silt,,,Silt,"Eolian, Loess",eolian loess 
IDS;0,Major,Sedimentary,Carbonate,Dolostone,,,Dolostone,Bed,"sparsely fossiliferous, sandy in western facies "
IDS;0,Incidental,Sedimentary,Clastic,Mudstone,Shale,,Shale,Bed,shaly to silty interbeds in western facies 
IDS;0,Incidental,Sedimentary,Chemical,Chert,,,Chert,Lense,dolomite is locally sparsely cherty 
IDSO;0,Major,Sedimentary,Carbonate,Dolostone,,,Dolostone,Lense,fossiliferous to cherty dolostone 
IDSO;0,Minor,Sedimentary,Clastic,Sandstone,Arenite,,Arenite,Bed, 
IDSO;0,Incidental,Sedimentary,Clastic,Conglomerate,,,Conglomerate,Lense, 
IDSO;0,Incidental,Sedimentary,Chemical,Chert,,,Chert,Lense,"quartzite, pure, mostly medium-grained "
IDTd;0,Major,Sedimentary,Clastic,Mudstone,Shale,,Shale,Bed,shale and tuffaceous shale 
IDTd;0,Minor,Sedimentary,Clastic,Sandstone,,,Sandstone,Bed,tuffaceous sandstone 
IDTd;0,Minor,Sedimentary,Clastic,Conglomerate,,,Conglomerate,Lense,alluvial conglomerate 
IDTd;0,Incidental,Igneous,Volcanic,,,,Volcanic,"Pyroclastic, tuff",tuff and tuffaceous clastic sediments 
IDTd;0,Incidental,Sedimentary,Clastic,Siltstone,,,Siltstone,Bed,"lacustrine, in Salt Lake Fm "
IDTd;0,Incidental,Sedimentary,Coal,Lignite,,,Lignite,Bed,impure lignite 
IDTd;0,Incidental,Sedimentary,Clastic,Mudstone,Claystone,Bentonite,Bentonite,Bed,bentonite after clay-sized tuffaceous sediment 
IDTd;0,"Indeterminate, major",Sedimentary,Clastic,Mudstone,Claystone,,Claystone,Bed,"kaolinite from laterite, eroded from uplifted areas "
IDTd;0,Incidental,Sedimentary,Carbonate,Limestone,,,Limestone,Bed,lacustrine limestone 
IDTei;0,Major,Igneous,Plutonic,Granitic,Granite,Monzogranite,Monzogranite,Pluton,undivided plutons of granite and quartz-monzodiorite suites 
IDTei;0,Minor,Igneous,Plutonic,Dioritic,Quartz-monzodiorite,,monzodiorite,Pluton,undivided quartz monzodiorite 
IDTei;0,Minor,Igneous,Plutonic,Granitic,Granodiorite,,Granodiorite,Pluton,undivided granodiorite of quartz monzodiorite suite 
IDTei;0,Incidental,Igneous,Plutonic,Syenitic,Quartz-monzonite,,monzonite,Pluton,undivided quartz monzonite or monzogranite 
IDTei;0,Incidental,Igneous,Plutonic,Granitic,Granite,Syenogranite,Syenogranite,Pluton,undivided syenogranite of pink granite suite 
IDToi;0,Major,Igneous,Plutonic,Granitic,Granodiorite,,Granodiorite,Pluton,biotite granodiorite 
IDTevr;0 ,Major,Igneous,Volcanic,Felsic-volcanic,Rhyolite,,Rhyolite,"Pyroclastic, ash-flow","Sunnyside rhyolite, crystal-rich ash-flow tuff (46-47 Ma) "
IDTei;0,Incidental,Igneous,Plutonic,Dioritic,Quartz-diorite,,diorite,Pluton,undivided quartz diorite of quartz monzodiorite suite 
IDTei;0,Incidental,Igneous,Plutonic,Dioritic,Monzodiorite,,Monzodiorite,Pluton,undivided monzodiorite of quartz monzodiorite suite 
IDTei;0,Incidental,Igneous,Plutonic,Dioritic,Diorite,,Diorite,Pluton,undivided diorite of quartz monzodiorite suite 
IDTei;0,Incidental,Igneous,Plutonic,Syenitic,Quartz-syenite,,syenite,Pluton,undivided quartz syenite of quartz monzodiorite suite 
IDTei;0,Incidental,Igneous,Hypabyssal,Felsic-hypabyssal,Hypabyssal-rhyolite,,rhyolite,Dike or sill,porphyro-aphanitic dikes and plugs of rhyolitic composition 
IDTei;0,Incidental,Igneous,Hypabyssal,Felsic-hypabyssal,Hypabyssal-dacite,,dacite,Dike or sill,porphyro-aphanitic dikes and plugs of dacitic composition 
IDTei;0,Incidental,Igneous,Hypabyssal,Mafic-hypabyssal,Hypabyssal-andesite,,andesite,Dike or sill,porphyro-aphanitic dikes and plugs of andesitic composition 
IDTeif;0,Major,Igneous,Plutonic,Granitic,Granite,Monzogranite,Monzogranite,Pluton,monzogranite of Eocene pink granite suite 
IDTeif;0,Incidental,Igneous,Plutonic,Granitic,Granite,Syenogranite,Syenogranite,Pluton,syenogranite of Eocene pink granite suite 
IDTeif;0,Incidental,Igneous,Plutonic,Syenitic,Quartz-syenite,,syenite,Pluton,quartz syenite of Eocene pink granite suite 
IDTeif;0,"Indeterminate, major",Igneous,Hypabyssal,Felsic-hypabyssal,Hypabyssal-rhyolite,,rhyolite,Dike or sill,porphyritic dikes and plugs of rhyolitic composition 
IDTeii;0,Major,Igneous,Plutonic,Dioritic,Quartz-monzodiorite,,monzodiorite,Pluton,quartz monzodiorite is mid-range composition for suite 
IDTeii;0,Major,Igneous,Plutonic,Granitic,Granite,Monzogranite,Monzogranite,Pluton,hornblende-bearing monzogranite with <30% qtz/Q+P+Alk fld 
IDTeii;0,Minor,Igneous,Plutonic,Syenitic,Quartz-monzonite,,monzonite,Pluton,qtz monz of some source maps is monzogranite 
IDTeii;0,Incidental,Igneous,Plutonic,Dioritic,Quartz-diorite,,diorite,Pluton,small qtz diorite plutons or zones in composite plutons 
IDTeii;0,Incidental,Igneous,Plutonic,Dioritic,Monzodiorite,,Monzodiorite,Pluton,small diorite plutons or zones in composite plutons 
IDTeii;0,Incidental,Igneous,Hypabyssal,Mafic-hypabyssal,Hypabyssal-andesite,,andesite,Dike or sill,porphyro-aphanitic dikes and plugs of andesitic composition 
IDTeii;0,Incidental,Igneous,Hypabyssal,Felsic-hypabyssal,Hypabyssal-dacite,,dacite,Dike or sill,porphyro-aphanitic dikes and plugs of dacitic composition 
IDTevf;0,Major,Igneous,Volcanic,Felsic-volcanic,Dacite,,Dacite,"Pyroclastic, ash-flow","mostly ""rhyodacite"" on source maps (trachydacite, chemically) "
IDTevf;0,Minor,Igneous,Volcanic,Felsic-volcanic,Dacite,,Dacite,Flow,"mostly ""rhyodacite"" on source maps (trachydacite, chemically) "
IDTevf;0,Minor,Igneous,Volcanic,Felsic-volcanic,Rhyolite,,Rhyolite,"Pyroclastic, ash-flow",rhyolitic ignimbrites 
IDTevf;0,Incidental,Igneous,Volcanic,Felsic-volcanic,Rhyolite,,Rhyolite,Flow,rhyolitic lava flows 
IDTevf;0,Incidental,Igneous,Hypabyssal,Felsic-hypabyssal,Hypabyssal-dacite,,dacite,Dike or sill,"mostly ""rhyodacite"" on source maps (trachydacite, chemically) "
IDTevf;0,Incidental,Igneous,Volcanic,Felsic-volcanic,Quartz-latite,,Quartz-latite,Flow,quartz latite to rhyolite 
IDTevf;0,Incidental,Igneous,Volcanic,Mafic-volcanic,Basaltic-andesite,,andesite,Flow,"High-K andesite, basaltic andeside, basalt, shoshonite flows "
IDTevf;0,Incidental,Igneous,Volcanic,Felsic-volcanic,,,volcanic,"Volcaniclastic, volcanic breccia","megabreccia, explosion breccia, flow breccia "
IDTevf;0,Incidental,Sedimentary,Clastic,Sedimentary-breccia,,,breccia,Tuffaceous,mudflow breccia and conglomerate 
IDTevf;0,Incidental,Sedimentary,Clastic,Mixed-clastic,Sandstone-Mudstone,,Mudstone,Tuffaceous,alluvial and lacustrine tuffaceous sedimentary deposits 
IDTevi;0,Major,Igneous,Volcanic,Mafic-volcanic,Andesite,,Andesite,Flow,"K-rich andesite, andesite, basaltic andesite lava flows "
IDTevi;0,Major,Igneous,Volcanic,Felsic-volcanic,Latite,,Latite,Flow,"latite lava flows, small composite volcanoes "
IDTevi;0,Minor,Igneous,Volcanic,Mafic-volcanic,Basalt,,Basalt,Flow,"Mg-rich basalt, K-rich basalt, shoshonite lava flows "
IDTevi;0,Incidental,Igneous,Volcanic,Felsic-volcanic,Dacite,,Dacite,Flow,"dacitic lava flows, small composite volcanoes "
IDTevi;0,Incidental,Igneous,Volcanic,Felsic-volcanic,Trachyte,,Trachyte,Flow,trachytic lava flows 
IDTevi;0,Incidental,Igneous,Volcanic,Felsic-volcanic,,,volcanic,Dome,felsic dome complexes 
IDTevi;0,Incidental,Igneous,Volcanic,Mafic-volcanic,,,volcanic,"Volcaniclastic, volcanic breccia",mafic flow breccia 
IDTevi;0,Incidental,Igneous,Volcanic,Felsic-volcanic,,,volcanic,"Volcaniclastic, volcanic breccia",felsic flow breccia 
IDTevi;0,Incidental,Igneous,Hypabyssal,Mafic-hypabyssal,Hypabyssal-basaltic-andesite,,andesite,Dike or sill,"discordant subvolcanic intrusions (plugs, dikes, sills) "
IDTevi;0,Incidental,Sedimentary,Clastic,Conglomerate,,,Conglomerate,Bed,basal arkosic conglomerate grades up to tuffaceous conglomerate 
IDTevr;0 ,Minor,Igneous,Volcanic,Felsic-volcanic,Latite,,Latite,"Pyroclastic, ash-flow","lower Latitic units, Thunder Mtn cauldron complex (46-50 Ma) "
IDTevr;0 ,Incidental,Igneous,Volcanic,Felsic-volcanic,Rhyolite,,Rhyolite,Flow,"two rhyolitic flows in upper rhyolitic unit, Sunnyside rhyolite "
IDTevr;0 ,Incidental,Igneous,Volcanic,Felsic-volcanic,Latite,,Latite,Flow,upper latite flows (43 Ma) 
IDTevr;0 ,Incidental,Igneous,Volcanic,Mafic-volcanic,Basalt,,Basalt,Flow,basalt flows in Kadletz Volcanics of Salmon area 
IDTevr;0 ,Incidental,Sedimentary,Clastic,Mixed-clastic,Conglomerate-sandstone,,sandstone,Bed,Dewey beds of tuffaceous conglomerate and sandstone 
IDTevr;0 ,Incidental,Sedimentary,Clastic,Mixed-clastic,Sandstone-Mudstone,,Mudstone,Bed,"Dewy beds, tuffaceous sandstone and carbonaceous mudstone "
IDTKcg;0,Major,Sedimentary,Clastic,Conglomerate,,,Conglomerate,Lense,alluvial fan deposits of limestone and quartzite conglomerate 
IDTKcg;0,Minor,Sedimentary,Clastic,Sandstone,Arkose,,Arkose,Bed,braided stream deposits of sandstone 
IDTKcg;0,Minor,Sedimentary,Clastic,Siltstone,,,Siltstone,Bed,lacustrine siltstone with alluvial sandstone interbeds 
IDTKcg;0,Incidental,Sedimentary,Carbonate,Limestone,,,Limestone,Bed,lacustrine freshwater limestone 
IDTKi;0,Major,Igneous,Plutonic,Granitic,Granodiorite,,Granodiorite,Pluton,"mostly medium- to coarse-grained, porphryitic "
IDTKi;0,Minor,Igneous,Plutonic,Syenitic,Quartz-monzonite,,monzonite,Pluton,"mostly medium- to coarse-grained, porphryitic "
IDTKi;0,Minor,Igneous,Plutonic,Granitic,Granite,Monzogranite,Monzogranite,Pluton,"mostly medium- to coarse-grained, porphryitic "
IDTKi;0,Incidental,Igneous,Plutonic,Dioritic,Quartz-monzodiorite,,monzodiorite,Pluton,"mostly medium- to coarse-grained, porphryitic "
IDTKi;0,Incidental,Igneous,Plutonic,Dioritic,Diorite,,Diorite,Pluton,"mostly medium- to coarse-grained, porphryitic "
IDTKi;0,Incidental,Igneous,Plutonic,Granitic,Leucocratic-granitic,Alaskite,Alaskite,Dike or sill,alaskite differentiates 
IDTKi;0,Incidental,Igneous,Hypabyssal,Felsic-hypabyssal,Hypabyssal-quartz-latite,,latite,Dike or sill,"porphyro-aphanitic quartz latite dikes, sills, apophyses "
IDTKib;0,Major,Igneous,Plutonic,Gabbroic,Gabbro,,Gabbro,Dike or sill,pyroxene gabbro with plagioclase An47 to An53 
IDTKib;0,Minor,Igneous,Hypabyssal,Mafic-hypabyssal,Hypabyssal-andesite,,andesite,Dike or sill,diabase 
IDTKib;0,Minor,Igneous,Hypabyssal,Lamprophyre,,,Lamprophyre,Dike or sill,lamprophyre dikes with biotite phenocrysts 
IDTm1b;0,Major,Igneous,Volcanic,Mafic-volcanic,Basalt,,Basalt,Flow,porphyritic basalt with plagioclase and olivine phenocrysts 
IDTm3b;0,Major,Igneous,Volcanic,Mafic-volcanic,Basalt,,Basalt,Flow,basalt flows of diverse chemistry and age 
IDTmb;0,Major,Igneous,Volcanic,Mafic-volcanic,Basalt,,Basalt,Flow,basalt flows of Columbia River Basalt Group 
IDTmb;0,Incidental,Igneous,Volcanic,Felsic-volcanic,Latite,,Latite,Flow,"latite flows interlayered with basalt flows, Owyhee Plateau "
IDTmb;0,Incidental,Igneous,Volcanic,Mafic-volcanic,Andesite,,Andesite,Flow,andesite flows on Owyhee Plateau 
IDTmd;0,Minor,Sedimentary,Clastic,Sandstone,Arkose,,Arkose,Bed,alluvial to lacustrine 
IDTmd;0,Minor,Sedimentary,Clastic,Mudstone,Claystone,,Claystone,Bed,"lacustrine, derived from laterite and weathered volcanic ash "
IDTmd;0,Incidental,Sedimentary,Clastic,Mudstone,Shale,,Shale,Bed,lacustrine 
IDTmd;0,Incidental,Sedimentary,Clastic,Conglomerate,,,Conglomerate,Bed,alluvial 
IDTmd;0,Incidental,Sedimentary,Clastic,Siltstone,,,Siltstone,Bed,alluvial to lacustrine 
IDTmd;0,Incidental,Sedimentary,Coal,Lignite,,,Lignite,Bed,impure lignite in Payette Fm 
IDTmf;0,Major,Igneous,Volcanic,Felsic-volcanic,Rhyolite,,Rhyolite,"Pyroclastic, ash-flow",welded rhyolite ash-flow tuff 
IDTmf;0,Minor,Igneous,Volcanic,Felsic-volcanic,Latite,,Latite,"Pyroclastic, ash-flow",welded silicic latite ash-flow tuff 
IDTmf;0,Minor,Igneous,Volcanic,Felsic-volcanic,Rhyolite,,Rhyolite,Flow,"rhyolitic lava flows (quartz, alkali feldspar phenos) "
IDTmf;0,Minor,Igneous,Volcanic,Felsic-volcanic,Latite,,Latite,Flow,"silicic latite lava flows (andesine, cpx, opx, phenos, rhyo matrix) "
IDTmf;0,Incidental,Igneous,Volcanic,Felsic-volcanic,Quartz-latite,,Quartz-latite,Pyroclastic,"quartz latitic remobilized ash-flow tuff (qtz, plag, px phenos) "
IDTmib;0,Major,Igneous,Hypabyssal,Mafic-hypabyssal,Hypabyssal-basalt,,basalt,Dike or sill,basaltic feeder dikes for lavas of Columbia River Basalt Group 
IDTmif;0,Major,Igneous,Hypabyssal,Felsic-hypabyssal,Hypabyssal-rhyolite,,Hypabyssal-rhyolite,Dike or sill,feeder dikes for rhyolites of the Silver City Range (15.6-16 Ma) 
IDTmif;0,Minor,Igneous,Hypabyssal,Felsic-hypabyssal,Hypabyssal-rhyolite,,Hypabyssal-rhyolite,Stock or pipe,feeder plugs for rhyolites of the Silver City Range (15.6-16 Ma) 
IDToev;0,Major,Igneous,Volcanic,Felsic-volcanic,Rhyolite,,Rhyolite,"Pyroclastic, ash-flow",rhyolitic welded ash-flow tuff of Potato Hill volcanics 
IDToev;0,Major,Igneous,Volcanic,Mafic-volcanic,Andesite,,Andesite,Flow,"andesite, basaltic andesite, and basalt flows of Kamiah Volcanics "
IDToev;0,Minor,Igneous,Volcanic,Felsic-volcanic,Dacite,,Dacite,"Pyroclastic, ash-flow",dacitic welded ash-flow tuff of Potato Hill volcanics 
IDToev;0,Minor,Igneous,Volcanic,Felsic-volcanic,Quartz-latite,,Quartz-latite,Flow,quartz latite (chemically rhyolite) flows of Kamiah Volcanics 
IDToev;0,Incidental,Igneous,Volcanic,Felsic-volcanic,,,volcanic,"Pyroclastic, air fall",air-fall tuffs of Kamiah Volcanics 
IDToev;0,Incidental,Igneous,Volcanic,Mafic-volcanic,Andesite,,Andesite,Pyroclastic,"lapillistone, tuff breccia, top and bottom flow breccias "
IDTRwsm;0,Incidental,Metamorphic,Skarn,,,,Skarn,"Hornfels, hornblende",Martin Bridge Limestone 
IDToev;0,Incidental,Igneous,Volcanic,Felsic-volcanic,,,volcanic,"Volcaniclastic, volcanic breccia",clast-rich volcanic rocks with volcanic and granitoid clasts 
IDToev;0,"Indeterminate, major",Igneous,Hypabyssal,Mafic-hypabyssal,Hypabyssal-andesite,,andesite,Dike or sill,andesite dike cuts lower rhyolitic unit in Kamiah Volcanics 
IDToi;0,Minor,Igneous,Plutonic,Granitic,Granite,Monzogranite,Monzogranite,Pluton,muscovite ademellite (monzogranite) 
IDQplg;0,Major,Unconsolidated,Coarse-detrital,Sand,,,Sand,Alluvial,sand interbeds 
IDTeii;0,Minor,Igneous,Plutonic,Granitic,Granodiorite,,Granodiorite,Pluton,hornblende-bearing granodiorite 
IDTKib;0,Minor,Igneous,Plutonic,Dioritic,Diorite,,Diorite,Dike or sill,diorite 
IDTpb;0,Major,Igneous,Volcanic,Mafic-volcanic,Basalt,,Basalt,Flow,"basalt, olivine basalt, fine-grained vesicular olivene basalt flows "
IDTpb;0,Incidental,Igneous,Volcanic,Mafic-volcanic,Basalt,,Basalt,"Pyroclastic, tuff",basaltic tuff 
IDTpb;0,Incidental,Sedimentary,Clastic,Mixed-clastic,,,clastic,Lense,stream and lake sediments interlayered with basalt 
IDTpb;0,Incidental,Sedimentary,Chemical,Diatomite,,,Diatomite,Lense,local diatomite 
IDTpd;0,Major,Sedimentary,Clastic,Sandstone,,,Sandstone,Bed,"tuffaceous, poorly consolidated lacustrine and alluvial sandstone "
IDTpd;0,Minor,Sedimentary,Clastic,Conglomerate,,,Conglomerate,Bed,poorly consolidated alluvial gravel to conglomerate 
IDTpd;0,Minor,Sedimentary,Clastic,Siltstone,,,Siltstone,Bed,"tuffaceous, poorly consolidated siltstone "
IDTpd;0,Minor,Igneous,Volcanic,,,,Volcanic,"Pyroclastic, tuff","tuff, both mafic and felsic "
IDTpd;0,Incidental,Sedimentary,Clastic,Mudstone,Claystone,,Claystone,Bed,lacustrine 
IDTpd;0,Incidental,Sedimentary,Clastic,Mudstone,Shale,,Shale,Bed,lacustrine 
IDTpd;0,Incidental,Sedimentary,Carbonate,Limestone,,,Limestone,Bed,lacustrine oolitic limestone 
IDTpd;0,Incidental,Sedimentary,Chemical,Diatomite,,,Diatomite,Bed,impure diatomite 
IDTpf;0,Major,Igneous,Volcanic,Felsic-volcanic,Rhyolite,,Rhyolite,"Pyroclastic, ash-flow",welded tuff 
IDTpf;0,Minor,Igneous,Volcanic,Felsic-volcanic,Rhyolite,,Rhyolite,Flow,rhyolitic flows 
IDTpf;0,Incidental,Igneous,Volcanic,Felsic-volcanic,Rhyolite,,Rhyolite,"Volcaniclastic, volcanic breccia",volcanic breccia 
IDTpf;0,Incidental,Igneous,Volcanic,Felsic-volcanic,Trachyte,,Trachyte,"Pyroclastic, ash-flow",trachytic welded tuff 
IDTpmv;0 ,Major,Igneous,Volcanic,Felsic-volcanic,,,Felsic-volcanic,"Pyroclastic, tuff",friable tuff and pumiceous tuff of Starlight Fm 
IDTpmv;0 ,Minor,Igneous,Volcanic,Felsic-volcanic,,,Felsic-volcanic,"Pyroclastic, ash-flow","welded Tuff of Arbon Valley, tuff of Blacktail "
IDTpmv;0 ,Minor,Igneous,Volcanic,Felsic-volcanic,Rhyolite,,Rhyolite,Flow,"rhyolite of Stevens Peak, rhyolite of 2.5-Mile Creek "
IDTpmv;0 ,Minor,Igneous,Volcanic,Mafic-volcanic,Basalt,,Basalt,Flow,"interlayered basalt, basalts of Buckskin Basin, Table Mtn. "
IDTpmv;0 ,Incidental,Sedimentary,Clastic,Conglomerate,,,Conglomerate,Bed,basal diamictite 
IDTpmv;0,Incidental,Sedimentary,Carbonate,Marlstone,,,Marlstone,Bed,marl interlayered with upper friable tuff 
IDTR;0,Major,Sedimentary,Clastic,Mudstone,Shale,,Shale,Bed,predominant in Wood Shale and Dinwoody Fm 
IDTR;0,Major,Sedimentary,Carbonate,Limestone,,,Limestone,Bed,"predominant in Portneuf, Fort Hall, Ross Fk Mbrs "
IDTR;0,Minor,Sedimentary,Clastic,Sandstone,,,Sandstone,Bed,predominant in Higham Grit and Timothy sandstone 
IDTR;0,Incidental,Sedimentary,Chemical,Chert,,,Chert,Lense,Fort Hall Mbr is siliceous and cherty ls 
IDTR;0,Incidental,Sedimentary,Clastic,Conglomerate,,,Conglomerate,Lense,Higham Grit is conglomeratic 
IDTRl;0,Major,Sedimentary,Clastic,Siltstone,,,Siltstone,Bed,"in Lanes Tongue, Thaynes, Woodside, Dinwoody "
IDTRl;0,Major,Sedimentary,Clastic,Mudstone,Shale,,Shale,Bed,"in Lanes Tongue, Woodside, Dinwoody "
IDTRl;0,Major,Sedimentary,Carbonate,Limestone,,,Limestone,Bed,"in Portneuf, Ross, Woodside, Dinwoody "
IDTRl;0,Minor,Sedimentary,Clastic,Sandstone,,,Sandstone,Bed,"Timothy sandstone, and Ft Hall Fm "
IDTRl;0,Incidental,Sedimentary,Chemical,Chert,,,Chert,Lense,in Dinwoody 
IDTRl;0,Incidental,Sedimentary,Carbonate,Dolostone,,,Dolostone,Lense,in Dinwoody 
IDTRMwm;0,Minor,Metamorphic,Phyllite,,,,Phyllite,Greenschist,phyllite after argillite of ophiolite assemblage 
IDTRMwm;0,Minor,Sedimentary,Chemical,Chert,,,Chert,Bed,metamorphosed radiolarian chert of ophiolite assemblage 
IDTRMwm;0,Minor,Metamorphic,Marble,,,,Marble,Greenschist,limestone-marble lenses in ophiolite assemblage 
IDTRMwm;0,Minor,Metamorphic,Argillite,,,,Argillite,,bedded argillite of ophiolite assemblage 
IDTRMwm;0,Minor,Metamorphic,Greenstone,,,,Greenstone,Greenschist,greenstone after basalt and gabbro of ophiolite assemblage 
IDTRMwm;0,Incidental,Metamorphic,Schist,,,,Schist,Greenschist,greenschist after aquagene mafic tuff of ophiolite assemblage 
IDTRMwm;0,Incidental,Metamorphic,Quartzite,,,,Quartzite,Greenschist,quartzite beds in ophiolite assemblage 
IDTRMwm;0,Incidental,Metamorphic,Metavolcanic,,,,Metavolcanic,Greenschist,metamorphosed mafic pillows and tuffs of ophiolite assemblage 
IDTRu;0,Major,Sedimentary,Clastic,Mudstone,Shale,,Shale,Bed,"Wood shale, bright red  "
IDTRu;0,Minor,Sedimentary,Clastic,Siltstone,,,Siltstone,Bed,siltstone in Wood shale 
IDTRu;0,Minor,Sedimentary,Carbonate,Limestone,,,Limestone,Bed,"Deadman limestone, gray-blue "
IDTRu;0,Minor,Sedimentary,Clastic,Sandstone,,,Sandstone,Bed,"Higham grit, conglomeratic "
IDTRu;0,Incidental,Sedimentary,Chemical,Chert,,,Chert,Lense,chert in Deadman limestone 
IDTRwsm;0,Major,Sedimentary,Carbonate,Limestone,,,Limestone,Lense,Martin Bridge Limestone with local skarns 
IDTRwsm;0,Minor,Metamorphic,Slate,,,,Slate,Greenschist,Lucile slate 
IDTRwsm;0,Minor,Sedimentary,Clastic,Mudstone,Shale,Black-shale,shale,Bed,Hurwal Fm 
IDTRwsm;0,Incidental,Sedimentary,Carbonate,Dolostone,,,Dolostone,Lense,Martin Bridge Formation 
IDTRwsm;0,Minor,Metamorphic,Phyllite,,,,Phyllite,Greenschist,Lucile slate 
IDTRwsm;0,Incidental,Metamorphic,Marble,,,,Marble,Greenschist,Martin Bridge Limestone 
IDTRwsm;0,Incidental,Metamorphic,Schist,,,,Schist,"Amphibolite, epidote-amphibolite",Lucile slate 
IDTRwvm;0,Major,Metamorphic,Metasedimentary,,,,Metasedimentary,Greenschist,Doyle Creek Fm 
IDY3nmh;0,Minor,Metamorphic,Gneiss,,,,Gneiss,Amphibolite,"biotite gneiss +/- garnet, staurolite, kyanite "
IDTRwvm;0,Major,Metamorphic,Metavolcanic,,,,Metavolcanic,Greenschist,Wild Sheep Creek Fm 
IDTYmix;0,Major,Igneous,Plutonic,Granitic,Leucocratic-granitic,Alaskite,Alaskite,Dike or sill,"multiple leuco-granite intrusions, too small to map separately "
IDTYmix;0,Minor,Metamorphic,Hornfels,,,,Hornfels,Hornfels,probably calc-silicate hornfels after Y1s 
IDTYmix;0,Minor,Metamorphic,Quartzite,,,,Quartzite,,probably quartzite after Y2s 
IDTZib;0,Major,Igneous,Plutonic,Gabbroic,Gabbro,,Gabbro,Dike or sill,"gabbro dikes, sills, and small plutons "
IDTZib;0,Major,Igneous,Plutonic,Dioritic,Diorite,,Diorite,Dike or sill,Wishards dioritic sill dated Late Proterozoic 
IDTZib;0,Minor,Metamorphic,Amphibolite,,,,Amphibolite,Amphibolite,"mafic dikes and sills, metamorphosed to amphibolite "
IDTZib;0,Incidental,Igneous,Hypabyssal,Lamprophyre,,,Lamprophyre,Dike or sill,lamporphyre dikes dated Paleocene 
IDTZmig;0,Major,Metamorphic,Migmatite,,,,Migmatite,"Amphibolite, epidote-amphibolite","T pegmatitic granite in Pz to Z quartzite, marble, and schist "
IDwater;0,Major,Water,,,,,Water,"Lake, stream, or ocean", 
IDXmh;0,Major,Metamorphic,Gneiss,,,,Gneiss,Amphibolite,quartzofeldspathic gneiss 
IDXmh;0,Minor,Metamorphic,Gneiss,,,,Gneiss,Amphibolite,hornblende-rich mafic gneiss after mafic intrusions 
IDXmh;0,Incidental,Metamorphic,Gneiss,,,,Gneiss,Amphibolite,orthogneiss after quartz monzonitic intrusions 
IDXmh;0 ,Incidental,Metamorphic,Marble,,,,Marble,Amphibolite,pyroxene-phlogopite-scapolite-scheelite calc-silicate marble 
IDXWnmh;0,Major,Metamorphic,Migmatite,,,,Migmatite,Amphibolite,mica schist and two-mica pegmatite 
IDXWnmh;0,Minor,Metamorphic,Quartzite,,,,Quartzite,Amphibolite,quartzite of Gold Cup Mountain 
IDXWnmh;0,Minor,Metamorphic,Gneiss,,,,Gneiss,Amphibolite,"Laclede augen gneiss (1.6 Ga), Pend Oreille orthogneiss (2.7 Ga) "
IDXWnmh;0,Incidental,Metamorphic,Amphibolite,,,,Amphibolite,Amphibolite,amphibolite after small mafic dike or sill 
IDXWsmh;0,Major,Igneous,Plutonic,Granitic,,,Granitic,Pluton,granitoid orthogneiss (2.4 to 2.7 Ga) 
IDXWsmh;0,Incidental,Metamorphic,Schist,,,,Schist,Amphibolite,muscovite-biotite schist 
IDXWsmh;0,Incidental,Metamorphic,Amphibolite,,,,Amphibolite,Amphibolite,metamorphosed mafic dikes (2 Ga) 
IDY1n;0,Major,Sedimentary,Clastic,Siltstone,,,Siltstone,Bed,siltite laminae grade upward to argillite 
IDY1n;0,Major,Metamorphic,Argillite,,,,Argillite,Greenschist,"locally contains pyrrhotite, pyrite, tourmaline "
IDY1n;0,Minor,Metamorphic,Quartzite,,,,Quartzite,Greenschist,commonly feldspathic to micaceous 
IDZXmh;0,Minor,Metamorphic,Gneiss,,,,Gneiss,Amphibolite,quartz-feldspar-biotite paragneiss 
IDY1nKm;0,Major,Metamorphic,Schist,,,,Schist,"Hornfels, biotite",indicates Cretaceous dynamothermal metamorphism of Y1n 
IDY1nKm;0,Incidental,Tectonite,Mylonite,Phyllonite,,,Phyllonite,,indicates Eocene uplift and deformation of TY1nm 
IDY1nKm;0,Incidental,Metamorphic,Amphibolite,,,,Amphibolite,Amphibolite,amphibolite after mafic sills in Y1n 
IDY1nmh;0,Major,Metamorphic,Schist,,,,Schist,Amphibolite,garnet-sillimanite-biotite schist 
IDY1nmh;0,Minor,Metamorphic,Gneiss,,,,Gneiss,Amphibolite,biotite gneiss 
IDY1nmh;0,Minor,Metamorphic,Quartzite,,,,Quartzite,Amphibolite,biotitic quartzite 
IDY1sm;0,Major,Metamorphic,Argillite,,,,Argillite,Greenschist,"calcareous argillite and siltite, with local mud chips "
IDY1sm;0,Minor,Metamorphic,Quartzite,,,,Quartzite,Greenschist,"quartzitic beds, 70% quartz, 15% feldspar, 15% biotite "
IDY1sm;0,Minor,Metamorphic,Skarn,,,,Skarn,Greenschist,scapolitic calc-silicate rock after calcareous evaporitic sediment 
IDY2n;0,Major,Metamorphic,Argillite,,,,Argillite,Bed,"argillite in graded siltite-argillite couplets, beds, partings "
IDY2n;0,Major,Sedimentary,Clastic,Siltstone,,,Siltstone,Bed,"siltite in beds, and in graded couplets "
IDY2n;0,Major,Metamorphic,Quartzite,,,,Quartzite,Bed,"quartzite, some vitreous, some sericitic "
IDY2nm;0,Major,Metamorphic,Quartzite,,,,Quartzite,Greenschist,quartzite with muscovitic partings 
IDY2nm;0,Minor,Metamorphic,Schist,,,,Schist,Greenschist,muscovite schist 
IDY2s;0,Major,Metamorphic,Quartzite,,,,Quartzite,Bed,"90% well-rounded quartz, 10% feldspar "
IDY2s;0,Incidental,Metamorphic,Marble,,,,Marble,Lense,marble and calcarenite lenses near base 
IDY3n;0,Major,Sedimentary,Clastic,Siltstone,,,Siltstone,Bed,"siliciclastic, dolomitic, or carbonaceous "
IDY3n;0,Major,Metamorphic,Argillite,,,,Argillite,Bed,"black, carbonaceous argillite "
IDY3n;0,Minor,Sedimentary,Carbonate,Dolostone,,,Dolostone,Bed,"micritic, oolitic, or stromatolitic "
IDY3nm;0,Major,Metamorphic,Schist,,,,Schist,"Amphibolite, epidote-amphibolite","quartz-feldspar-mica schist +/- scapolite, chloritoid "
IDY3nm;0,Major,Metamorphic,Phyllite,,,,Phyllite,Greenschist,"quartz-feldspar-mica phyllite +/ scapolite, chloritoid "
IDY3nm;0,Minor,Metamorphic,Quartzite,,,,Quartzite,Greenschist,impure metasandstone 
IDY3nm;0,Minor,Metamorphic,Hornfels,,,,Hornfels,Greenschist,"dolomitic siltite +/- chlorite, chloritoid, actinolite, diopside "
IDY3nmh;0,Major,Metamorphic,Schist,,,,Schist,Amphibolite,"coarse-grained biotite schist +/- garnet, staurolite, kyanite "
IDY3nmh;0,"Indeterminate, major",Metamorphic,Gneiss,,,,Gneiss,Amphibolite,diopside gneiss 
IDY3sm;0,Major,Metamorphic,Quartzite,,,,Quartzite,Bed,feldspathic quartzite in turbidites 
IDY3sm;0,Major,Sedimentary,Clastic,Siltstone,,,Siltstone,Bed,biotite siltite (meta-siltstone) in turbidites 
IDY3sm;0,Major,Metamorphic,Argillite,,,,Argillite,Greenschist,biotite argillite in turbidites 
IDY3sm;0,Incidental,Sedimentary,Chemical,Chert,,,Chert,Bed,metachert after siliceous exhalite with Cu-Co mineralization 
IDY3sm;0,Incidental,Igneous,Hypabyssal,Lamprophyre,,,Lamprophyre,Dike or sill,porphyritic mafic dikes and sills 
IDY3sm;0,Incidental,Metamorphic,Schist,,,,Schist,"Hornfels, biotite",schistose biotite hornfels with garnet porphyroblasts 
IDY3smh;0,Major,Metamorphic,Gneiss,,,,Gneiss,Amphibolite,metasedimentary garnet-sillimanite-biotite gneiss 
IDY3smh;0,Minor,Metamorphic,Quartzite,,,,Quartzite,Amphibolite,quartzite with schistose partings and interlayers 
IDY3smh;0,Incidental,Metamorphic,Amphibolite,,,,Amphibolite,Amphibolite,amphibolite after mafic sill-like intrusions 
IDY4n;0,Major,Metamorphic,Argillite,,,,Argillite,Bed,"argillite (gray, green, red, lavender, purplish red) "
IDY4n;0,Major,Sedimentary,Clastic,Siltstone,,,Siltstone,Bed,"siltite, dolomitic siltite, interbeded siltite/argillite "
IDY4n;0,Major,Metamorphic,Quartzite,,,,Quartzite,Bed,white quartzite and red arkosic sandstone 
IDY4n;0,Minor,Sedimentary,Carbonate,Dolostone,,,Dolostone,Bed,algal and oolitic dolostone and dolomitic siltstone 
IDY4n;0,Incidental,Sedimentary,Carbonate,Limestone,,,Limestone,Bed,ferruginous magnesian limestone in Libby Fm 
IDY4s;0,Major,Metamorphic,Quartzite,,,,Quartzite,Bed,quartzite 
IDY4s;0,Incidental,Sedimentary,Clastic,Conglomerate,,,Conglomerate,Lense,a few lenses of conglomerate 
IDY4s;0,Incidental,Sedimentary,Carbonate,Dolostone,,,Dolostone,Lense,a few lenses of rusty impure dolostone 
IDY4s;0,Incidental,Metamorphic,Argillite,,,,Argillite,Greenschist,"argillite in Lemhi Range, maroon, green, brown, gray to black  "
IDYian;0,Major,Igneous,Plutonic,Anorthosite,,,Anorthosite,Pluton,folded sill-like bodies of anorthosite in schist 
IDYian;0,Incidental,Metamorphic,Granofels,,,,Granofels,,plag-garnet-aluminosilicate granofels along anorthosite contacts 
IDYib;0,Major,Igneous,Hypabyssal,Mafic-hypabyssal,Hypabyssal-basalt,,basalt,Dike or sill,thin diabasic sills and dikes 
IDYib;0,Major,Igneous,Plutonic,Gabbroic,Gabbro,,Gabbro,Dike or sill,thick gabbroic sills and dikes 
IDYib;0,Minor,Igneous,Plutonic,Dioritic,,,Dioritic,Dike or sill,dioritic zones in thick differentiated sills 
IDYib;0,Incidental,Igneous,Plutonic,Dioritic,Quartz-diorite,,diorite,Dike or sill,granophyric quartz diorite zone in thick Crossport C sill 
IDYib;0,Incidental,Igneous,Plutonic,Granitic,Leucocratic-granitic,Aplite,Aplite,Dike or sill,granophyric zone at top of Crossport C sill (1433 +/ 10 Ma) 
IDYibm;0,Major,Metamorphic,Amphibolite,,,,Amphibolite,,amphibolite and garnet amphibolite after mafic intrusions 
IDYibm;0,Minor,Igneous,Plutonic,Gabbroic,Gabbro,,Gabbro,Pluton,gabbro in thick mafic sills 
IDYibm;0,Incidental,Igneous,Hypabyssal,Mafic-hypabyssal,Hypabyssal-basalt,,basalt,Diabase,diabase dikes and pods in granitic augen gneiss 
IDYibm;0,Incidental,Igneous,Plutonic,Dioritic,Diorite,,Diorite,Pluton,diorite in differentiated mafic sills 
IDYifm;0,Major,Igneous,Plutonic,Granitic,Alkalli-feldspar-granite,Alkali-granite,granite,Pluton,porphyritic two-mica granite with rapakivi texture 
IDYifm;0,Major,Metamorphic,Gneiss,,,,Gneiss,,orthogneiss with microcline augen 
IDYifm;0,Incidental,Igneous,Plutonic,Gabbroic,,,Gabbroic,Diabase,globular masses of diabase (chilled gabbroic magma) in granite 
IDYifm;0,Incidental,Metamorphic,Amphibolite,,,,Amphibolite,Amphibolite,inclusions of amphibolite after mafic sills 
IDYm;0,Major,Metamorphic,Quartzite,,,,Quartzite,,"argillized feldspathic quartzite, Missoula Gp? "
IDYm;0,Minor,Metamorphic,Schist,,,,Schist,"Amphibolite, epidote-amphibolite","biotite schist, Lemhi Gp, Apple Creek Fm? "
IDYm;0,Minor,Metamorphic,Argillite,,,,Argillite,Greenschist,"argillite, silty argillite, siltite, Spokane and Greyson Fms? "
IDYm;0,Incidental,Metamorphic,Hornfels,,,,Hornfels,Greenschist,tremolite-actinolite calc-silicate hornfels after Helena dolomite? 
IDYm;0,Incidental,Igneous,Plutonic,Gabbroic,,,Gabbroic,,"gabbroic sills in Lemhi Gp, Apple Creek Fm? "
IDYm;0,Incidental,Metamorphic,Skarn,,,,Skarn,Greenschist,chalcopyrite in green skarn marginal to gabbro sills 
IDYs;0,Major,Metamorphic,Quartzite,,,,Quartzite,Greenschist,"feldspathic quartzite, minor pure quartzite "
IDYs;0,Minor,Sedimentary,Clastic,Siltstone,,,Siltstone,Bed,siltite 
IDYs;0,Incidental,Metamorphic,Argillite,,,,Argillite,Greenschist,argillite 
IDYXnmh;0,Major,Metamorphic,Schist,,,,Schist,Amphibolite,"mica-garnet-sillimanite schist, and quartz-feldspar schist "
IDYXnmh;0,Minor,Metamorphic,Quartzite,,,,Quartzite,Amphibolite,foliated quartzite 
IDYXnmh;0,Minor,Metamorphic,Migmatite,,,,Migmatite,Amphibolite,migmatite of schist and 2-mica granitoid pegmatite 
IDYXnmh;0,Incidental,Metamorphic,Amphibolite,,,,Amphibolite,Amphibolite,amphibolite after mafic sills and dikes 
IDYXsmh;0,Major,Metamorphic,Schist,,,,Schist,Amphibolite,"biotite, quartz, oligoclase-andesine, garnet, staurolite schist "
IDYXsmh;0,Minor,Metamorphic,Marble,,,,Marble,Amphibolite,tremolite-bearing dolomite marble 
IDYXsmh;0,Minor,Metamorphic,Quartzite,,,,Quartzite,Amphibolite,muscovitic quartzite 
IDYXsmh;0,Minor,Metamorphic,Amphibolite,,,,Amphibolite,Amphibolite,paragneissic hornblende-oligoclase-andesine amphibolite 
IDZ1s;0,Major,Sedimentary,Clastic,Mixed-clastic,Siltstone-Mudstone,,Mudstone,Bed,"black shale, slate, argillite, siltite "
IDZ1s;0,Minor,Sedimentary,Clastic,Sandstone,Arenite,,Arenite,Bed,quartzite 
IDZ1s;0,Minor,Sedimentary,Clastic,Conglomerate,,,Conglomerate,Bed,glaciogenic diamictite of Scout Mtn Member 
IDZ1s;0,Minor,Igneous,Volcanic,Mafic-volcanic,Andesite,,Andesite,Flow,greenstone after quartz andesite flows of Bannock Member 
IDZ1s;0,Incidental,Igneous,Volcanic,Mafic-volcanic,Andesite,,Andesite,Pyroclastic,plagioclase-phyric tuff breccia (717 Ma) lower Scout Mtn Mbr 
IDZ1s;0,Incidental,Igneous,Volcanic,Mafic-volcanic,Andesite,,Andesite,"Pyroclastic, air fall",green reworked fallout tuff (667 Ma) upper Scout Mtn Mbr 
IDZ1s;0,Incidental,Igneous,Volcanic,Felsic-volcanic,Rhyolite,,Rhyolite,Pyroclastic,"rhyolite porphyry clast (717 Ma), upper Scout Mtn Mbr  "
IDZ2s;0,Major,Sedimentary,Clastic,Sandstone,Arenite,,Arenite,Bed,arenite and quartzite 
IDZ2s;0,Minor,Sedimentary,Carbonate,,,,Carbonate,Bed,dolomite and limestone 
IDZ2s;0,Minor,Sedimentary,Clastic,Conglomerate,,,Conglomerate,Bed, 
IDZ2s;0,Incidental,Sedimentary,Clastic,Mudstone,Shale,,Shale,Bed, 
IDZc;0,Major,Metamorphic,Metasedimentary,,,,Metasedimentary,Amphibolite,"schist, phyllite, quartzite, calc-silicate gneiss, marble "
IDZc;0,Minor,Metamorphic,Metavolcanic,,,,Metavolcanic,Amphibolite,mafic and felsic metavolcanic rocks 
IDZisy;0,Major,Igneous,Plutonic,Syenitic,Syenite,,Syenite,Stock or pipe,composite stocks 
IDZisy;0,Minor,Igneous,Plutonic,Syenitic,Quartz-syenite,,syenite,Stock or pipe,composite stocks 
IDZisy;0,Minor,Igneous,Plutonic,Dioritic,Monzodiorite,,Monzodiorite,Stock or pipe,composite stocks 
IDZisy;0,Minor,Igneous,Plutonic,Dioritic,Quartz-diorite,,diorite,Stock or pipe,composite stocks 
IDZisy;0,Incidental,Igneous,Plutonic,Gabbroic,Gabbro,,Gabbro,Stock or pipe,composite stocks 
IDZisy;0,Incidental,Igneous,Plutonic,Ultramafic,Pyroxenite,,Pyroxenite,Stock or pipe,composite stocks 
IDZisy;0,Incidental,Igneous,Plutonic,Ultramafic,Hornblendite,,Hornblendite,Stock or pipe,composite stocks 
IDZn;0,Major,Sedimentary,Clastic,Conglomerate,,,Conglomerate,Lense,"Shedroof Conglomerate, diamicte (glacial) "
IDZn;0,Minor,Metamorphic,Metavolcanic,,,,Metavolcanic,Greenschist,greenstones after basaltic volcanics 
IDZn;0,Incidental,Sedimentary,Clastic,Siltstone,,,Siltstone,Bed,siltite 
IDZn;0,Incidental,Metamorphic,Argillite,,,,Argillite,Greenschist,argillite to phyllite 
IDZn;0,Incidental,Sedimentary,Carbonate,Limestone,,,Limestone,Bed,limestone 
IDZs;0,Major,Metamorphic,Quartzite,,,,Quartzite,Greenschist, 
IDZs;0,Major,Metamorphic,Argillite,,,,Argillite,Greenschist,limestone and dolomite of Blackfoot Canyon Member 
IDZs;0,Incidental,Sedimentary,Carbonate,,,,Carbonate,Bed, 
IDZs;0,Incidental,Sedimentary,Clastic,Conglomerate,,,Conglomerate,Bed, 
IDZs;0,Incidental,Sedimentary,Clastic,Siltstone,,,Siltstone,Bed, 
IDZs;0,Incidental,Igneous,Volcanic,Mafic-volcanic,Andesite,,Andesite,Flow,"quartz andesite: qtz, plag, amphibole, pyroxene and chlorite "
IDZs;0,Incidental,Igneous,Volcanic,Mafic-volcanic,Andesite,,Andesite,Pyroclastic,andesitic pyroclastic breccia 
IDZXmh;0,Major,Metamorphic,Schist,,,,Schist,Amphibolite,"biotite or muscovite schist +/- sillimanite, garnet, kyanite "
IDZXmh;0,Major,Metamorphic,Quartzite,,,,Quartzite,Amphibolite,quartzite and micaceous quartzite 
IDZXmh;0,Minor,Metamorphic,Gneiss,,,,Gneiss,Amphibolite,calc-silicate paragneiss 
IDZXmh;0,Incidental,Metamorphic,Amphibolite,,,,Amphibolite,Amphibolite,mostly concordant lenticular bodies 
IDZXmhc;0,Major,Metamorphic,Schist,,,,Schist,Amphibolite,"mica schist +/- sillimanite, kyanite, garnet "
IDZXmhc;0,Minor,Metamorphic,Quartzite,,,,Quartzite,Amphibolite,coarsely recrystallized quartzite 
IDZXmhc;0,Minor,Metamorphic,Gneiss,,,,Gneiss,Amphibolite,"calc-silicate gneiss +/- diopside, amphibole, garnet, epidote "
IDZXmhc;0,Incidental,Metamorphic,Amphibolite,,,,Amphibolite,Amphibolite,amphibolite in meta-Wallace 
IDZXmhq;0,Major,Metamorphic,Quartzite,,,,Quartzite,Amphibolite,micaceous quartzite 
IDZXmhq;0,Minor,Metamorphic,Schist,,,,Schist,Amphibolite,biotite schist 
IDZXmhq;0,Incidental,Metamorphic,Hornfels,,,,Hornfels,Amphibolite,amphibole-diopside-quartz rock 
IDZXmhs;0,Major,Metamorphic,Schist,,,,Schist,Amphibolite,coarse biotite schist +/- garnet +/- sillimanite +/- kyanite 
IDZXmhs;0,Major,Metamorphic,Gneiss,,,,Gneiss,Amphibolite,quartzo-feldspathic biotite paragneiss 
IDZXmhs;0,Minor,Metamorphic,Quartzite,,,,Quartzite,Amphibolite,"minor quartzite, interlayered with biotite schist and gneiss "
IDZXmhs;0,Incidental,Metamorphic,Gneiss,,,,Gneiss,Amphibolite,incidental augen-bearing granitoid orthogneiss 
IDZYm;0,Major,Metamorphic,Quartzite,,,,Quartzite,Amphibolite,quartzite 
IDZYm;0,"Indeterminate, major",Sedimentary,Clastic,Siltstone,,,Siltstone,Bed,carbonaceous to calcareous meta-siltite 
IDZYm;0,Minor,Sedimentary,Clastic,Conglomerate,,,Conglomerate,Bed,diamictic meta-conglomerate with metavolc and metased clasts 
IDZYm;0,Minor,Metamorphic,Schist,,,,Schist,Amphibolite,"mica schist +/- sillimanite, staurolite "
IDZYm;0,Minor,Metamorphic,Hornfels,,,,Hornfels,Amphibolite,calc-silicate rock 
IDZYm;0,Minor,Metamorphic,Marble,,,,Marble,,dolomitic marble 
IDZYm;0,Incidental,Metamorphic,Amphibolite,,,,Amphibolite,Amphibolite, 
IDZYm;0,Incidental,Metamorphic,Phyllite,,,,Phyllite,, 
IDZYm;0,Incidental,Igneous,Volcanic,Mafic-volcanic,,,volcanic,, 
IDZYm;0,"Indeterminate, major",Igneous,Volcanic,Felsic-volcanic,,,volcanic,,"rhyodacite dated 684 +/-4 Ma, rhyolite dated 685 +/- 7 Ma "
IDKu;0,Major,Sedimentary,Clastic,Sandstone,,,Sandstone,Bed,retro-arc foreland basin deposits 
IDQpmg;0,Major,Unconsolidated,Coarse-detrital,Gravel,,,Gravel,Alluvial,pediment gravel 
IDQTs;0,Minor,Unconsolidated,Coarse-detrital,Sand,,,Sand,Alluvial,alluvial sand 
IDTm2b;0,Major,Igneous,Volcanic,Mafic-volcanic,Basalt,,Basalt,Flow,"aphyric basalt, dense to fine-grained  "
IDDc;0,Minor,Metamorphic,Quartzite,,,,Quartzite,,quartzitic 
IDOZm;0,Incidental,Metamorphic,Marble,,,,Marble,Greenschist,dolomitic marble 
IDQow;0,Major,Water,,,,,Water,"Lake, stream, or ocean", 
IDTmd;0,Major,Igneous,Volcanic,,,,Volcanic,"Pyroclastic, tuff","tuff and tuffaceous clastic sediments, semi-consolidated "
IDY1nKm;0,Major,Metamorphic,Hornfels,,,,Hornfels,"Hornfels, biotite",indicates Cretaceous thermal metamorphism of Y1n 
