ref_id,reference,onlink
ID001,"Bond, J.G., Kauffman, J.D., Miller, D.A., and Venkatakrishnan, Ramesh, 1978, Geologic map of Idaho: Moscow, Idaho, Idaho Bureau of Mines and Geology, with contributions from U.S. Geological Survey, scale 1:500,000. ",
ID002,"Anderson, H.E. and Parrish, R.R., 2000, U-Pb geochronological evidence for the geological history of the Belt-Purcell Supergroup, southeastern British Columbia; Chapter 7: in Lydon, J.W., Hoy, T., Slack, J.F., and Knapp, M.E., eds., The Geological Environment of the Sullivan Deposit, British Columbia: Geological Association of Canada, Mineral Deposits Division, Special Publication No 1., p. 113-126. ",
ID003,"Doughty, P.T., Price, R.A., and Parrish, R.R., 1998, Geology and U-Pb geochronology of Archean basement and Proterozoic cover in the Priest River complex, northwestern Unitied States, and their implications for Cordilleran structure and Precambrian continent reconstructions: Canadian Journal of Earth Sciences, v. 35, no. 1, p. 39-54. ",
ID005,"Lund, Karen, Aleinikoff, J.N., Evans, K.V., and Fanning, C.M., 2003, SHRIMP U-Pb geochronology of Neoproterozoic Windermere Supergroup, central Idaho; implications for rifting of western Laurentia and synchroneity of Sturtian glacial deposits: Geological Society of America Bulletin, v. 115, no. 3, p. 349-372, 8 figures, 2 tables. ",
ID008,"Lewis, R.S., and Kiilsgaard, T.H., 1991, Eocene plutonic rocks in south central Idaho: Journal of Geophysical Research, v. 96, no. B8, p. 13,295-13,311. ",
ID009,"Hardyman, R.F., 1989, Eocene magmatism, Challis volcanic field, central Idaho: in 28th International Geological Congress Field Trip Series, Volcanism and Plutonism of western North America, Vol. 2, Washington D.C., American Geophysical Union, p. T337: 32-38. ",
ID015,"Pierce, K.L., and Scott, W.E., 1982, Pleistocene episodes of alluvial-gravel deposition, southeastern Idaho: in Bonnicksen, Bill, and Breckenridge, R.M., eds, Cenozoic Geology of Idaho: Moscow, Idaho, Idaho Bureau of Mines and Geology Bulletin 26, p. 685-702. ",
ID016,"Anonymous, undated, Glacial Lake Missoula and the channeled scabland, a digital portrait of landforms of the last ice age, Washington, Oregon, northern Idaho and western Montana: Missoula Montana, U.S. Forest Service, Geology Program, Digital Mapping, scale 1:1,000,000. ",
ID017,"Alt, D.D., and Hyndman, D.W., 1989, Roadside geology of Idaho: Missoula, Montana, Mountain Press Publishing Co., 393 p. ",
ID019,"Alt, David, and Hyndman, D.W., 1995, Northwest Exposures, a Geologic Story of the Northwest: Missoula Montana, Mountain Press Publishing Co., 443 p. ",
ID021,"Malde, H.E. and Powers, H.A., 1962, Upper Cenozoic stratigraphy of western Snake River Plain, Idaho: Geological Society of America Bulletin, v. 73, no. 10, p. 1197-1220. ",
ID022,"Malde, H.E., 1982, The Yahoo Clay, a lacustrine unit impounded by the McKinney basalt in the Sanke River Canyon near Bliss, Idaho: in Bonnichsen, Bill, and Breckenridge, R.M., eds., Cenozoic Geology of Idaho: Moscow, Idaho, Idaho Bureau of Mines and Geology Bulletin 26, p. 617-628. ",
ID023,"Lindgren, Waldemar, 1898, The mining districts of the Idaho Basin and the Boise Ridge, Idaho, with a report on the fossil plants of the Payette formation by F.H., Knowlton: U.S. Geological survey Annual report 18, pt. 3, p. 617-744. ",
ID024,"Ryder, R.T., and Sholten, R., 1973, Syntectonic conglomerates in southwestern Montana; their nature, origin, and tectonic significance: Geological Society of America Bulletin, v. 84, no. 3, p. 773-796. ",
ID026,"Churkin, Michael, Jr., 1962, Facies across Paleozoic miogeosynclinal margin of central Idaho: American Association of Petroleum Geologists Bulletin, v. 46, no. 5, p. 569-591. ",
ID027,"Kittleman, L.R., Green, A.R., Hagood, A.R., Johnson, A.M., McMurray, J.M., Russel, R.G., and Weeden, D.A., 1965, Cenozoic stratigraphy of the Owyhee region, southeastern Oregon: University of Oregon, Museum of Natural History Bulletin, no. 1, 45 p. ",
ID028,"McIntyre, D.H., 1972, Cenozoic geology of the Reynolds Creek experimental watershed, Owyhee County, Idaho: Moscow, Idaho, Idaho Bureau of Mines and Geology Pamphlet, no. 151. ",
ID029,"Isaacson, P.E., 1983, Stratigraphic correlation of the Paleozoic and Mesozoic rocks of Idaho: Moscow, Idaho, Idaho Bureau of Mines and Geology, Information Circular 37. ",
ID030,"Brooks, H.C., 1979, Geologic map of the Huntington and part of the Olds ferry quadrangle, Baker and Malheur counties, Oregon: Oregon Department of Geology and Mineral Industries Geological Map Series, GMS-13, 1 sheet, scale 1:62,500. ",
ID032,"O'Neill, J.M, and Christiansen, R.L., 2002, Geologic map of the Hebgen Lake quadrangle, Beaverhead, Madison, and Gallatin Counties, Montana, Park and Teton Counties, Wyoming, and Clark and Fremont Counties, Idaho: U.S. Geological survey Open-File Report 02-464, 1:100,000 scale with pamphlet, 20 p.  ",
ID010,"Scott, W.E., 1982, Surficial geologic map of the eastern Snake River Plain and adjacent areas, 111o to 115o W., Idaho and Wyoming: U.S. Geological Survey Map I-1372, scale 1:250,000. ",http://pubs.er.usgs.gov/publication/i1372
ID011,"Bookstrom, A.A., Box, S.E., Jackson, B.L., Brandt, T.R., Derkey, P.D., and Munts, S.R., 1999, Digital map of surficial geology, wetlands, and deepwater habitats, Coeur d'Alene River valley, Idaho: U.S. Geological Survey Open-File Report OF 99-548, 121 p., 2 pl., 1:24,000 scale, 9 pl., 1:50,000 scale. ",http://pubs.er.usgs.gov/publication/ofr99548
ID012,"Moyle, P.R., Wallis, J.C., Bliss, J.D., and Bolm, K.S., 2004, Digital database of selected aggregate and related resources in Ada, Boise, Canyon, Elmore, Gem, and Owyhee Counties, southwestern Idaho: U.S. Geological Survey Open-File Report OF 2004-1067, 84 p. ",http://pubs.er.usgs.gov/publication/ofr20041067
ID013,"Fisher, F.S., McIntyre, D.H., and Johnson, K.M., 1992, Geologic map of the Challis 1o x 2o quadrangle, Idaho: U.S. Geological Survey Miscellaneous Investigations Series Map I-1819, scale 1:250,000 with pamphlet, 39 p. ",http://pubs.er.usgs.gov/publication/i1819
ID018,"Oriel, S.S., and Platt, L.B., 1980, Geologic map of the Preston 1o x 2o quadrangle, southeastern Idaho and western Wyoming: U.S. Geological Survey Miscellaneous Investigations Series, Map I-1127, scale 1:250,000. ",http://pubs.er.usgs.gov/publication/i1127
ID020,"Miller, F.K., Burmester, R.F., Miller, D.M., Powell, R.E., and Derkey, P.D., 1999, Digital geologic map of the Sandpoint 1o x 2o quadrangle, Washington, Idaho, and Montana: U.S. Geological Survey Open-File Report OF 99-144, scale 1:250,000 with report, 71 p. ",http://pubs.er.usgs.gov/publication/ofr99144
ID025,"Evans, K.V. and Green, G.N., 2003, Geologic map of the Salmon National Forest and vicinity, east-central Idaho: U.S. Geological Survey Geological Investigations Series I-2765, scale 1:100,000 with pamphlet, 19 p. ",http://pubs.er.usgs.gov/publication/i2765
ID031,"Vallier, T.L., 1977, The Permian and Triassic Seven Devils Group, western Idaho and northeastern Oregon: U.S. Geological Survey Bulletin 1437, 58 p. ",http://pubs.er.usgs.gov/publication/b1437
ID004,"Lewis, R.S., Burmeister, R.F., Bennett, E.H., and White, D.L., 1990, Preliminary geologic map of the Elk City region, Idaho: Moscow, Idaho, Idaho Geological Survey Technical Report 90-2, scale 1:100,000 with pamphlet, 5 p.  ",http://www.idahogeology.org/PDF/Technical_Reports_(T)/TR-90-2.pdf
ID033,"Mansfield, G.R., 1916, Subdivisions of the Thaynes Limestone and Nugget Sandstone, Mesozoic, in the Fort Hall Indian Reservation, Idaho: Washington Academy of Sciences Journal, v. 6., p. 31-42. ",
ID040,"Piper, D.Z., 2001, Marine chemistry of the Permian Phosphoria Formation and Basin, southeast Idaho: Economic Geology, v. 96, no. 3, p. 599-620 ",
ID041,"Hall, W.E., Batchelder, John, and Douglass, R.C., 1974, Stratigraphic section of the Wood River Formation, Blaine County, Idaho: U.S. Geological Survey Journal of Research, v. 2, no. 1, p. 89-95. ",
ID045,"Rember, W.C., and Bennett, E.H., 1979, Geologic map of the Pocatello quadrangle, Idaho: Moscow, Idaho, Idaho Bureau of Mines and Geology, Geologic Map Series, Pocatello 2o quadrangle, scale 1:250,000. ",
ID046,"Cramer, H.R., 1971, Permian rocks from Sublett Range, southern Idaho: American Association of Petroleum Geologists Bulletin, v. 55, no. 10, p. 1787-1801. ",
ID047,"Rember, W.C., and Bennett, E.H., 1979, Geologic map of the Twin Falls quadrangle, Idaho: Moscow, Idaho, Idaho Bureau of Mines and Geology, Geologic Map Series, Twin Falls 2o quadrangle, scale 1:250,000. ",
ID050,"Rember, W.C., and Bennett, E.H., 1979, Geologic map of the Dubois quadrangle, Idaho: Moscow, Idaho, Idaho Bureau of Mines and Geology Map Series, Dubois 2o quadrangle, scale 1:250,000. ",
ID051,"Rember, W.C., and Bennett, E.H., 1979, Geologic map of the Idaho Falls quadrangle, Idaho: Moscow, Idaho, Idaho Bureau of Mines and Geology, Geologic Map Series, Idaho Falls 2o quadrangle, scale 1:250,000. ",
ID052,"Skipp, Betty and Mamet, B.L., 1970, Stratigraphic micropaleontology of the type locality of the White Knob Limetsonte (Mississippian), Custer County, Idaho: in Geolgical Survey Research 1970: U.S. Geolgical Survey Professional Paper 700-B, p. B118-B123. ",
ID053,"Mamet, B.L., Skipp, Betty, Sando, W.J., and Mapel, W.J., 1971, Biostratigraphy of Upper Mississippian and associated rocks in south-central Idaho: American Association of Petroleum Geologists Bulletin, v. 55, no. 1, p. 20-33. ",
ID055,"Paull, R.A., Wolbrink, M.A., Volkmann, R.G., and Grover, R.L., 1972, Stratigraphy of the Copper Basin Group, Pioneer Mountains, south-central Idaho: American Association of Petroleum Geologists Bulletin, v. 56, no. 8, p. 1370-1401. ",
ID056,"Skipp, Betty and Hall, W.E., 1975, Structure and Paleozoic stratigraphy of a complex of thrust plates in the Fish Creek Reservoir area, south-central Idaho: U.S. Geological Survey Journal of Research, v. 3, no. 6, p. 671-689. ",
ID057,"Link, P.K., Warren, Ian., Preacher, J.M., and Skipp, B.A., 1996, Stratigraphic analysis and interpretation of the Mississippian Copper Basin Group, McGowan Creek Formation and White Knob Limestone, south-central Idaho: in Longman, M.W., and Sonnenfeld, M.D., eds., Paleozoic Systems of the Rocky Mountain Region: Rocky Mountain Section, SEPM (Society of Sedimentary Geology), p. 117-144 ",
ID059,"Dutro, J.T., Jr. and Sando, W.J., 1963, New Mississippian formations and faunal zones in Chesterfield Range, Portneuf quadrangle, southeast Idaho: American Association of Petroleum Geologists Bulletin, v. 47, no. 11, p. 1963-1986. ",
ID061,"Sandberg, C.A., Hall, W.E., Batchelder, J. and Axelsen, C., 1975, Stratigraphy, conodont dating, and paleotectonic interpretation of the type Milligen Formeation (Devonian), Wood River area, Idaho: U.S. Geological Survey Journal of Research, v. 3, no. 6, p. 707-720. ",
ID121,"Fitzgerald, J.F., 1982, Geology and basalt stratigraphy of the Weiser embayment, west-central Idaho: in Bonichsen, Bill, and Breckenridge, R.M., eds., Cenozoic Geology of Idaho: Moscow, Idaho, Idaho Bureau of Mines and Geology Bulletin 26, p. 103-158. ",
ID036,"Hamilton, Warren, 1963, Metamorphism in the Riggins region western Idaho: U.S. Geological Survey Professional Paper 436, 95 p., 3 sheets, scales 1:96,000 and 1:250,000. ",http://pubs.er.usgs.gov/publication/pp436
ID037,"Lund, Karen, McCollough, W.F. and Price, E.H., 1993, Geologic map of the Slate Creek-John Day Creek area, Idaho County, Idaho: U.S. Geological Survey Miscellaneous Investigations Series Map, I-2299, 1 sheet, scale 1:50,000. ",http://pubs.er.usgs.gov/publication/i2299
ID038,"Lund, Karen, in press, Geology of the Payette National Forest, Valley, Idaho, Washington and Adams counties, Idaho: U.S. Geological Survey Professional Paper 1666, scale 1:100,000. ",http://pubs.er.usgs.gov/publication/pp1666
ID039,"McKelvey, V.E., Williams, J.S., Sheldon, R.P., Cressman, E.R., Cheney, T.M., and Swanson, R.W., 1959, The Phosphoria, Park City, and Shedhorn Formations in the Western Phosphate Feld: U.S. Geological Survey Professional Paper 313-A, 47 p. ",http://pubs.er.usgs.gov/publication/pp313A
ID043,"Witkind, I.J., 1972, Geolgic map of the Henrys Lake quadrangle, Idaho and Montana: U.S. Geological Survey Map I-781-A, 1:62,500 scale. ",http://pubs.er.usgs.gov/publication/i781A
ID048,"Trimble, D.E., and Carr, W.J., 1976, Geology of the Rockland and Arbon quadrangles, Power County, Idaho: U.S. Geological Survey Bulletin 1399, 115 p., 1 plate 1:48000 scale. ",http://pubs.er.usgs.gov/publication/b1399
ID054,"Sandberg, C.A., 1975, McGowan Creek Formation, new name for Lower Mississippian flysch sequence in east-central Idaho: in Contributions to Stratigraphy: U.S. Geological Survey Bulletin, 1405-E, p. E1-E11. ",http://pubs.er.usgs.gov/publication/b1405E
ID049,"Mahoney, B.J. and Sengebush, R.M., 1989, Stratigraphy of the Lower Permian Grand Prize Formation, central Idaho: in Link, P.K., and Hackett, W.R., Guidebook to the Geology of Central and Southern Idaho: Moscow, Idaho, Idaho Geological Survey Bulletin 27, p. 169-179.  ",http://www.idahogeology.org/PDF/Bulletins_(B)/B-27Full.pdf
ID060,"Hobbs, S.W., Hays, W.H., and McIntyre, D.H., 1975, Geologic map of the Clayton quadrangle, Custer C ounty, Idaho: U.S. Geological Survey Open File Report OF-75-76, geologic map scale 1:62,500, with pamphlet, 23 p. ",http://pubs.er.usgs.gov/publication/ofr7576
ID058,"Wardlaw, B.R., and Pecora, W.C., 1985, New Mississippian-Pennsylvanian stratigraphic units in southwest Montana and adjacent Idaho: in Sando, W.J., ed., Mississippian and Pennsylvanian stratigraphy in southwest Montana and adjacent Idaho: U.S. Geological Survey Bulletin 1656-B, p. B1-B9. ",http://pubs.er.usgs.gov/publication/b1656
ID065,"Ross, C.P., 1934, Correlation and interpretation of Paleozoic stratigraphy in south-central Idaho: Geological Society of America Bulletin, v. 45, no. 5, p. 937-1000. ",
ID095,"Ross, C.P., 1947, Geology of the Borah Peak quadrangle, Idaho: Geological Society of America Bulletin, v. 58, no. 12, pt. 1, p. 1085-1160. ",
ID067,"Rember, W.C. and Bennett, Earl H., 1979, Geologic map of the Hailey quadrangle, Idaho: Moscow, Idaho, Idaho Bureau of Mines and Geology, Geologic Map Series, Hailey 2o quadrangle, scale 1:250,000. ",
ID068,"Skipp, Betty and Sandberg, C.A., 1975, Silurian and Devonian miogeosynclinal and transitional rocks of the Fish Creek reservoir window, central Idaho: U.S. Geological Survey Journal of Research, v. 3, no. 6, p. 691-706. ",
ID069,"Dover, J.H., 1983, Geologic map and sections of the central Pioneer Mountains, Blaine and Custer Counties, central Idaho: U.S. Geological Survery Miscellaneous Investigations Series Map I-1319, 1 sheet, scale 1:48,000. ",
ID070,"Rember, W.C. and Bennett, E.H., 1979, Geologic map of the Challis quadrangle, Idaho: Moscow, Idaho, Idaho Bureau of Mines and Geology, Geologic Map Series, Challis 2o quadrangle, scale 1:250,000. ",
ID071,"Link, P.K., and Jansen, S.T., 1987, Stratigraphy of Brigham Group[ (Late Proterozoic -Cambrian), Bannock, Portneuf, and Bear River Ranges, southeastern Idaho: in Miller, W.R., ed., The Thrust Belt Revisited: Wyoming Geological Association Field Conference Guidebook, no. 38, p. 133-147. ",
ID073,"Crittenden, M.D., Schaeffer, F.E., Trimble, D.E., and Woodward, L.A., 1971, Nomenclature and correlations of some upper Precambrian and basal Cambrian sequences in western Utah and southeastern Idaho: Geological Society of America Bulletin, v. 82, no. 3, p. 581-602. ",
ID078,"Winston, D., 1986, Sedimentation and tectonics of the Middle Proterozoic Belt Basin and their influence on Phanerozoic compression and extension in western Montana and northern Idaho: in Peterson, J.A., ed., Paleotectonics and Sedimentation in the Rocky Mountain Region, United States: Tulsa, Oklahoma, American Association of Petroleum Geologists, Memoir 41, p. 87--118.  ",
ID079,"Winston, D. and Link, P.K., 1993, Middle Proterozoic rocks of Montana, Idaho and eastern Washington: The Belt Supergroup: in Link, P.K., ed., Middle and Late Proterozoic stratified rocks of the western U.S. Cordillera, Colorado Plateau, and Basin and Range province: in Reed, J.C., Jr., Bickford, M.E., Houston, R.S., Link, P.K., Rankin, D.W., Sims, P.K., and Van Schmus, W.R., eds., Precambrian: Conterminous U.S.: Boulder, Colorado, Geological Society of America, The Geology of North America, v. C-2, p. 467-517. ",
ID080,"Mauk, J.L., and White, B.G., 2004, Stratigraphy of the Proterozoic Revett Formation and its control on Ag-Pb-Zn vein mineralization in the Coeur d'Alene district, Idaho: Economic Geology, v. 99, no. 2, p. 295-312. ",
ID081,"Sears, J.W. and Price, R.A., 2003, Tightening the Siberian connection to western Laurentia: Geological Society of America Bulletin, v. 115, no. 8, p. 943-953. ",
ID082,"Ross, G.M. and Villeneuve, Mike, 2003, Provenance of the Mesoproterozoic (1.45 Ga) Belt basin (western North America): Another piece in the pre-Rodinia paleogeographic puzzle: Geological Society of America Bulletin, v. 115, no. 10, p. 1191-1217.  ",
ID083,"Harrison, J.E., 1972, Precambrian Belt Basin of northwestern United States: Its geometry, sedimentation, and copper occurrences: Geological Society of America Bulletin, v. 83, p. 1215-1240. ",
ID085,"Ross, C.P., 1934, Geology and ore deposits of the Casto quadrangle, Idaho: U.S. Geolgical Survey Bulletin 854, 135 p. ",
ID063,"Mapel, W.J., Read, W.H., and Smith, R.K., 1965, Geologic map and sections of the Doublespring quadrangle, Custer and Lemhi Counties, Idaho: U.S. Geological Survey, Map GQ-464, scale 1:62,500.  ",http://pubs.er.usgs.gov/publication/gq464
ID064,"Rupel, E.T. and Lopez, D.A., 1981, Geologic map of the Gilmore quadrangle, Lemhi and Custer Counties, Idaho: U.S. Geological Survey Geologic quadrangle Map GQ-1543, scale 1:62,500. ",http://pubs.er.usgs.gov/publication/gq1543
ID066,"Dover, J.H., Berry, W.B.N. and Ross, R.J., Jr., 1980, Ordovician and Silurian Phi Kappa and Trail Creek Formations, Pioneer Mountains, central Idaho: stratigraphic and structural revisions, and new data on graptolite faunas: U.S. Geological Survey Professional Paper 1090, 54 p. ",http://pubs.er.usgs.gov/publication/pp1090
ID072,"Hobbs, S.W. and Hays, W.H., 1990, Ordovician and older rocks of the Bayhorse region, Custer County, Idaho: U.S. Geological Survey Bulletin, 1891, 40 p., (incl. geologic map, scale 1:125,000). ",http://pubs.er.usgs.gov/publication/b1891
ID075,"Cressman, E.R., 1985, The Prichard Formation of the lower part of the Belt Supergroup (Middle Proterozoic), near Plains, Sanders County, Montana: U.S. Geological Survey bulletin 1553, 64 p. ",http://pubs.er.usgs.gov/publication/b1553
ID076,"Harrison, J.E., Griggs, A.B., and Wells, J.D., 1986, Geologic and structure maps of the Wallace 1o x 2o quadrangle, Montana and Idaho: U.S. Geological Survey Map I-1509-A, scale 1:250,000. ",http://pubs.er.usgs.gov/publication/i1509A
ID077,"Griggs, A.B., 1973, Geologic map of the Spokane quadrangle, Washington, Idaho, and Montana: U.S. Geological Survey Map I-768, scale 1:250,000. ",http://pubs.er.usgs.gov/publication/i768
ID084,"Whipple, J.W. and Johnson, S.N., 1988, Stratigraphy and lithocorrelation of the Snowslip Formation (Middle Proterozoic Belt Supergroup), Glacier National Park, Montana: U.S. Geological Survey Bulletin, 1833, 30 p. ",http://pubs.er.usgs.gov/publication/b1833
ID074,"Ruppel, E.T., Ross, R.J., Jr., and Schleicher, David, 1975, Precambrian Z and Lower Ordovician rocks in east-central Idaho: in Ruppel, E.T., Ross, R.J., Jr., and Schleicher, David, Precambrian and lower Ordovician rocks in east-central Idaho: U.S. Geological Survey Professional Paper, 889-B, p. B25-B34. ",http://pubs.er.usgs.gov/publication/pp889
ID087,"Eckren, E.B., 1988, Stratigraphic and structural relations of the Hoodoo Quartzite and Yellowjacket Formatison of Middle Proterozoic age from Hoodoo Creek eastward to Mount Taylor, central Idaho: U.S. Geological Survey Bulletin 1570, 17 p. ",http://pubs.er.usgs.gov/publication/b1570
ID088,"Lopez, David, 1981, Stratigraphy of the Yellowjacket Formation of east-central Idaho: U.S. Geological Survey Open-File Report 81-1088, 218 p. ",http://pubs.er.usgs.gov/publication/ofr811088
ID089,"Hahn, G.A. and Hughes, G.J., Jr., 1984, Sedimentation, tectonism and associated magmatism of the Yellowjacket Formation in the Idaho cobalt belt, Lemhi County, Idaho: in Hobbs, S.W., ed., The Belt, abstracts and summaries; Belt Symposium II: Montana Bureau of Mines and Geology Special Publication 90, p. 65-67. ",
ID091,"Winston, Don, Link, P.K., and Hathaway, Nate, 1999, The Yellowjacket is not the Prichard and other heresies: Belt Supergroup correlations, structure and paleogeography, east-central Idaho: in Hughes, S.S., and Thackary, G.D., eds., Guidebook to the Geology of Eastern Idaho: Pocatello, Idaho, Idaho Museum of Natural History, p. 3-20. ",
ID092,"Link, P.K., and Fanning, C.M., 2003, Detrital zircon ages from the Yellowjacket, Apple Creek and Gunsight Formations, Blackbird mining district, Salmon River Mountains, central Idaho: Bozeman, Department of Earth Sciences, Montana State University, Northwest Geology, v. 32, p. 206-207.; ",
ID093,"Link, K.L., Winston, Don, and Boyack, Diana, 2003, Stratigraphy of the Mesoproterozoic Belt Supergroup, Salmon River Mountains, Lemhi County, Idaho: Bozeman, Montana, Department of Earth Sciences, Montana State University, Northwest Geology, v. 32, p. 107-123. ",
ID094,"Anderson, A.L., 1957, Geology and mineral resources of the Baker quadrangle, Lemhi County, Idaho: Moscow, Idaho, Idaho Bureau of Mines and Geology Panphlet, no 112, 71p. ",
ID097,"Scott, W.E., Pierce, K.L., Bradbury, J.P., and Forrester, R.M., 1982, Revised Quaternary stratigraphy and chronology in the American Falls area, southeastern Idaho: in Bonnachsen, Bill and Breckenridge, R.M., eds., Cenozoic Geology of Idaho: Moscow, Idaho, Idaho Bureau of Mines and Geology Bulletin, no. 26, p. 581-595. ",
ID098,"Kuntz, M.A., Covington, H.R., and Schorr, L.J., 1992, An overview of basaltic volcanism of the eastern Snake River Plain, Idaho: in Link, P.K., Kuntz, M.A., and Platt, L.B., eds., Regional Geology of Eastern Idaho and Western Wyoming: Geological Society of America Memoir 179, p. 227-267. ",
ID099,"Armstrong, R.L., Leeman, W.P., and Malde, H.E., 1975, K-Ar dating, Quaternary and Neogene volcanic rocks of the Snake River Plain, Idaho: American Journal of Science, v. 275, p. 225-251. ",
ID100,"Mitchell, V.E.., and Bennett, E.H., 1979, Geologic map of the Ashton quadrangle, Idaho: Moscow, Idaho, Idaho Bureau of Mines and Geology, Geologic Map Series, Ashton 2o Quadrangle, scale 1:250,000. ",
ID101,"Mitchell, V.E., and Bennett, E.H., 1979, Geologic map of the Driggs quadrangle, Idaho: Moscow, Idaho, Idaho Bureau of Mines and Geology, Geologic Map Series, Driggs 2o Quadrangle, scale 1:250,000. ",
ID102,"Mitchell, V.E., and Bennett, E.H., 1979, Geologic map of the Boise quadrangle, Idaho: Moscow, Idaho, Idaho Bureau of Mines and Geology, Geologic Map Series, Boise 2o Quadrangle, scale 1:250,000. ",
ID103,"Greeley, Ronald, 1982, The style of basaltic volcanism in the eastern Snake River Plain, Idaho: in Bonnichsen, Bill, and Breckenridge, R.M., eds., Cenozoic Geology of Idaho: Moscow, Idaho, Idaho Bureau of Mines and Geology Bulletin 26, p. 407-421 ",
ID104,"Ludlum, J.C., 1942, Pre-Cambrian formatisons at Pocatello Idaho: Journal of Geology, v. 50, no. 1, p. 85-95. ",
ID105,"Miller, F.K., McKee, E.H., and Yates, R.G., 1973, Age and correlation of the Windermere Group in northeastern Washington: Geological Society of America Bulletin, v. 84, no. 11, p. 3723-3730. ",
ID106,"Scholten, R., Keenmon, K.A. and Kupsch, W.O., 1955, Geology of the Lima region, southwestern Montana and adjacent Idaho: Geological Society of America Bulletin, v. 66, no. 4, p. 345-404. ",
ID108,"Mitchell, V.E. and Bennett, E.H., Geologic map of the Baker quadrangle, Idaho: Moscow, Idaho, Idaho Bureau of Mines and Geology, Geologic Map Series, Baker 2o Quadrangle, scale 1:250,000. ",
ID109,"Joseph, N.L., 1990, Geologic map of the Spokane 1:100,000 quadrangle, Washington - Idaho: Washington Division of Geology and Earth Resources, Open File Report 90-17, scale 1:100,000, pamphlet 29 p. ",
ID110,"Rember, W.C. and Bennett, E.H., 1979, Geologic map of the Pullman quadrangle, Idaho: Moscow, Idaho, Idaho Bureau of Mines and Geology, Geologic Map Series, Pullman 2o Quadrangle, scale 1:250,000.  ",
ID111,"Mitchell V.E.. and Bennett, E.H., 1979, Geologic map of the Elk City quadrangle, Idaho: Moscow, Idaho, Idaho Bureau of Mines and Geology, Geologic Map Series, Elk City 2o Quadrangle, scale 1:250,000. ",
ID112,"Idaho Bureau of Mines and Geology, undated, Geology of the Jordan Valley quadrangle, Oregon-Idaho: Moscow, Idaho, Idaho Bureau of Mines and Geology, scale 1:250,000. ",
ID113,"Gaston, M.P. and Bennett, E.H., 1979, Geologic map of the Grangeville quadrangle, Idaho: Moscow, Idaho, Idaho Bureau of Mines and Geology, Geologic Map Series, Grangeville 2o Quadrangle, scale 1:250,000 ",
ID114,"Anderson, A.L., 1959, Geology and mineral resources of the North Fork quadrangle, Lemhi County, Idaho: Moscow, Idaho, Idaho Bureau of Mines and Geology Pamphlet no. 118, 92 p. ",
ID115,"Janecke, S.U., 1994, Sedimentation and paleogeography of an Eocene to Oligocene rift zone, Idaho and Montana: Geological Society of America Bulletin, v. 106, p. 1083-1095. ",
ID116,"Othberg, K.L., 1982, Surficial geologic map of the Pullman quadrangle, Idaho: Moscow, Idaho, Idaho Bureau of Mines and Geology, Surficial Geology Map Series, Pullman 1o x 2o Quadrangle , scale 1:250,000. ",
ID117,"Othberg, K.L., 1982, Surficial geologic map of the Grangeville quadrangle, Idaho: Moscow, Idaho, Idaho Bureau of Mines and Geology, Surficial Geology Map Series, Grangeville 1o x 2o Quadrangle , scale 1:250,000.  ",
ID120,"Camp, V.E., Hooper, P.R., Swanson, D.A., and Wright, T.L., 1982, Columbia River basalt in Idaho: Physical and chemical characteristics, flow distribution, and tectonic implications: in Bill Bonichsen and R.M. Breckenridge, eds., Cenozoic Geology of Idaho: Moscow, Idaho, Idaho Bureau of Mines and Geology Bulletin 26, p. 55-75. ",
ID107,"Malde, H.E., 1968, The catastrophic late Pleistocene Bonneville Flood in the Snake River Plain, Idaho: U.S. Geological Survey Professional Paper 596, 52 p. ",http://pubs.er.usgs.gov/publication/pp596
ID118,"Carr, W.J. and Trimble, D.E., 1963, Geology of the American Falls quadrangle, Idaho: in Contributions to General Geology, 1960: U.S. Geological Survey Bulletin, 1121-G, p. G1-G44. ",http://pubs.er.usgs.gov/publication/b1121G
ID119,"Lewis, R.S., Burmester, R.F., McFadden, M.D., Derkey, P.D., and Oblad, J.R., 1999, Digital geologic map of the Wallace 1:100,000 quadrangle, Idaho: U.S. Geological Survey Open-File Report 99-390, with pamphlet 46 p. ",http://pubs.er.usgs.gov/publication/ofr99390
ID122,"Christiansen, R.L., and Blank, H.R., Jr., 1972, Volcanic stratigraphy of the Quaternary rhyolite plateau in Yellowstone National Park: in Geology of Yellowstone National Park: U.S. Geological survey Professional Paper 729-B, p. B1-B18. ",
ID123,"Christiansen, R.L., 1982, Late Cenozoic volcanism of the Island Park area, eastern Idaho: in Bonnichsen, Bill, and Breckenridge, R.M., eds., Cenozoic Geology of Idaho: Moscow, Idaho, IdahoBureau of Mines and Geology Bulletin 26, p. 345-368. ",
ID124,"Spear, D.B. and King, J.S., 1982, The geology of Big Southern Butte, Idaho: in Bonnichsen, Bill, and Breckenridge, R.M., eds., Cenozoic Geology of Idaho: Moscow, Idaho, Idaho Bureau of Mines and Geology Bulletin 26, p. 395-403 ",
ID125,"Leeman, W.P., 1982, Olivine tholeiitic basalts of the Snake River Plain, Idaho: in Bonnichsen, Bill, and Breckenridge, R.M., eds., Cenozoic Geology of Idaho: Moscow, Idaho, Idaho Bureau of Mines and Geology Bulletin 26, p. 181-191. ",
ID126,"Leeman, W.P., 1982, Evolved and hybrid lavas from the Snake River Plain, Idaho: in Bonnichsen, Bill, and Breckenridge, R.M., eds., Cenozoic Geology of Idaho: Moscow, Idaho, Idaho Bureau of Mines and Geology Bulletin 26, p. 193-202. ",
ID129,"Kellogg, K.S., Harlan, S.S., Mehnert, H.H., Snee, L.W., Pierce, K.L., Hackett, W.R., and Rodgers, D.W., 1994, Major 10.2-Ma rhyolitic volcanism in the eastern Snake Rver Plain, Idaho: Isotopic age and stratigraphic setting of the Arbon Valley Tuff Member of the Starlight Formation: U.S. Geological survey Bulletin 2091, 18 p. ",
ID130,"Jones, R.W., 1982, Early Tertiary-age Kamiah volcanics, north-central Idaho: in Bonnichsen, Bill, and Breckenridge, R.M., eds., Cenozoic Geology of Idaho: Moscow, Idaho, Idaho Bureau of Mines and Geology Bulletin 26, p. 43-52. ",
ID133,"Rember, W.C., and Bennett, E.H., 1979, Geologic map of the Hamilton quadrangle, Idaho: Moscow, Idaho, Idaho Bureau of Mines and Geology, Geologic Map Series, Hamilton 2o quadrangle, 1:250,000 scale. ",
ID135,"Leonard, B.F., and Marvin, R.F., 1982, Temporal evolution of the Thunder Mountain caldera and related features, central Idaho: in Bonnichsen, Bill, and Breckenridge, R.M., eds., Cenozoic geology of Idaho: Moscow, Idaho, Idaho Bureau of Mines and Geology Bulletin 26, p. 23-41. ",
ID137,"Christiansen, R.L., and Yeats, R.S., 1992, Post-Laramide geology of the U.S. Cordilleran region: in Burchfiel, B.C., Lipman, P.W., and Zoback, M.L., eds., The Cordilleran Orogen: Conterminous U.S.: Boulder, Colorado, Geological Society of America, The Geology of North America, v. G-3, p. 261-406. ",
ID138,"McIntyre, D.H., Ekren, E.B., and Hardyman, R.F., 1982, Stratigraphic and structural framework of the Challis Volcanics in the eastern half of the Challis 1o x 2o quadrangle, Idaho: in Bonnichsen, Bill, and Breckenridge, R.M., eds., Cenozoic geology of Idaho: Moscow, Idaho, Idaho Bureau of Mines and Geology Bulletin 26, p. 3-22 ",
ID139,"Snider, L.G., 1995, stratigraphic framework, geochemistry, geochronology and eruptive styles of Eocene volcanic rocks in the White Knob Mountains area, southeastern Challis Volcanic Field, central Idaho: Pocatello, Idaho, Idaho State University, M.S. thesis, about 200 p. ",
ID140,"Anderson, A.L., 1961, Geology and mineral resources of the Lemhi quadrangle, Lemhi County, Idaho: Moscow, Idaho, Idaho Bureau of Mines and Geology Pamphlet no. 124. ",
ID142,"Armstrong, R.L., 1976, The geochronometry of Idaho: Isochron/West, no. 15, p. 1-33. ",
ID143,"Saltzer, S.D., and Hodges, K.V., 1988, The Middle Mountain shear zone, southern Idaho: Kinematic analysis of an early Tertiary high-temperature detachment: Geological Society of America Bulletin, v. 100, no. 1, p. 96-103. ",
ID144,"Fanning, M.C., and Link, P.K., 2004, U-Pb SHRIMP ages of Neoproterozoic (Sturtian) glaciogenic Pocatello Formation, southeastern Idaho: Geology, v. 32, no. 10, p. 881-884. ",
ID145,"Miller, D.M., Armstrong, R.L., Compton, R.R., and Todd, V.R., 1983, Geology of the Albion-Raft River-Grouse Creek Mountains area, northwestern Utah and southern Idaho: Utah Geological and Mineral Survey Special Studies 59, Part 1, p. 1-62. ",
ID149,"Kiilsgaard, T.H., 1946, Compiled geologic map of Latah County: Moscow, Idaho, Idaho Bureau of Mines and Geology, 1:190,080 scale (1inch = 3 miles). ",
ID150,"Lewis, R.S., 2003, Unpublished report on IGS digital geologic maps in preparation, north-central Idaho: Moscow, Idaho, Idaho Geological Survey, 1:100,000 scale. ",
ID128,"Kellogg, K.S. and Marvin, R.S., 1988, New potassium-argon ages, geochemistry, and tectonic setting of upper Cenozoic volcanic rocks near Blackfoot, Idaho: U.S. Geological Survey Bulletin 1806, 19 p. ",http://pubs.er.usgs.gov/publication/b1806
ID141,"Armstrong, R.L., Smith, J.F., Jr., Covington, H.R., and Williams, P.L., 1978, Preliminary geologic map of the west half of the Pocatello 1o x 2o quadrangle, Idaho: U.S. Geological Survey Open-File Report 78-533, 1:250,000 scale. ",http://pubs.er.usgs.gov/publication/ofr78533
ID147,"Munts, S.R., 2000, Digital geologic map of the Coeur d'Alene 1:100,000 quadrangle, Idaho and Montana: U.S. Geological Survey Open-File Report 00-135, 1:100,000 scale, pamphlet, 30 p.  ",http://pubs.er.usgs.gov/publication/ofr99135
ID131,"Kauffmann, J.D., Lewis, R.S., and Myers, P.E., in prep., Geologic map of the Kamiah quadrangle, Lewis and Idaho Counties, Idaho: Moscow, Idaho, Idaho Geological Survey, 1:24,000 scale. ",http://www.idahogeology.org/PDF/Maps_(M)/Geologic_Maps_(GM)/PDF/kamiah_GM-42_M.pdf
ID151,"Bennett, E.H., and Knowles, C.R., 1985, Tertiary plutons and related rocks in central Idaho: in McIntyre, D.H., ed., Symposium on the Geology and Mineral Deposits of the Challis 1o x 2o Quadrangle, Idaho: U.S. Geological Survey Bulletin 1658 A-S, chapter F, p. 81-95. ",http://pubs.er.usgs.gov/publication/b1658AS
ID132,"Lewis, R.S., and others, in prep., Geologic map of the Potlatch 30' x 60' quadrangle, Idaho: Moscow, Idaho, Idaho Geological Survey, 1:100,000 scale. ",http://www.idahogeology.org/PDF/Maps_(M)/Geologic_Maps_(GM)/PDF/Potlatch_GM-41_M.pdf
ID146,"Lewis, R.S., Burmester, R.F., Kauffman J.D., and Frost, T.P., 2000, Geologic map of the St. Maries 30 x 60 minute quadrangle, Idaho: Moscow, Idaho, Idaho Geological Survey Geologic Map 28, 1:100,000 scale, pamphlet, 36 p. ",http://www.idahogeology.org/PDF/Maps_(M)/Geologic_Maps_(GM)/PDF/GM-28-m.pdf
ID148,"Schalck, D.K., 1989, The geology and alteration of the Gem stocks, Shoshone County, Idaho: in V.E. Chamberlain, R.M. Breckenridge, and Bill Bonnichsen, eds., Guidebook to the Geology of Northern and Western Idaho and Surrounding Areas: Moscow, Idaho, Idaho Geological Survey Bulletin 28, p. 125-135. ",http://www.idahogeology.org/Products/reverselook.asp?switch=title&value=Guidebook_to_the_Geology_of_Northern_and_Western_Idaho_and_Surrounding_Area
ID152,"Conyer, S.J., Foster, D.A., and Fanning, M.C., 2001, Emplacement chronology of the Paradise pluton: Implications for the development of the Bitterroot metamorphic core complex, Montana/Idaho: Bozeman, Montana, Montana State University, Northwest Geology, v. 30, p. 10-20. ",
ID153,"Aadland, R.K., and Bennett, E.H., 1979, Geologic map of the Sandpoint quadrangle, Idaho: Moscow, Idaho, Idaho Bureau of Mines and Geology, Geologic Map Series, Sandpoint 2o Quadrangle, 1:250,000 scale. ",
ID155,"Schmidt, E.A., Broch, M.J., and White, R.O., 1982, Geology of the Thompson Creek molybdenum de;posit, Custer County, Idaho: in p. 79-84, Ranta, D.E., Kamilli, R.J., and Pansze, A.J., eds., Symposium on the Genesis of Rocky Mountain Ore Deposits: Changes with Time and Tectonics: Denver, Colorado, Denver Region Exploration Geologists Society, p. 79-84. ",
ID156,"Winick, J.A., Taylor, C.D., Kunk, M.J., and Unruh, D., 2002, Revised 40Ar/39Ar ages of the White Cloud molybdenum deposit, Custer County, Idaho: Geological Society of America, Abstracts with Programs, v. 34, no. 6, p. 337. ",
ID158,"Nold, J.L., 1968, Geology of the northeastern border zone of the Idaho batholith, Montana and Idaho: Ann Arbor, Michigan, University Microfilms International, Missoula, Montana, University of Montana, Ph.D. thesis, 159 p., 2 maps, 1:48,000 scale. ",
ID159,"Shea, M.J., 1980, Geology of the Orofino - Kamiah - Nez Perce Area, Idaho: Moscow, Idaho, Idaho Bureau of Mines and Geology, Open-File Report 80-4, 1:36,000 scale. ",
ID163,"Chang, Zhaoshan, 2004, Skarn and mineralization at the Empire Mine, Idaho: Geological Society of America, Abstracts with Programs, v. 36, no. 4, p. 23. ",
ID164,"Doughty, P.T., and Chamberlain, K.R., 1996, Salmon River Arch revisited: new evidence for 1370 Ma rifting near the end of deposition in the Middle Proterozoic Belt basin: Canadian Journal of Earth Sciences, v. 33, no. 7, p. 1037-1052. ",
ID167,"Evans, K.V., and Zartman, R.E., 1988, Early Paleozoic alkalic plutonism in east-central Idaho: Geological Society of America, v. 100, p. 1981-1987. ",
ID168,"Zartman, R.E., Peterman, Z.E., Obradovich, J.D., Gallego, M.D., and Bishop, D.T., 1982, Age of the Crossport C sill near Eastport, Idaho: in Reed, R.R., and Williams, G.A., eds., Society of Economic Geologists, Coeur d'Alene Field Conference: Moscow, Idaho, Idaho Bureau of Mines and Geology Bulletin 24, p. 61-69. ",
ID169,"Mora, C.I., Riciputi, L.R., and Cole, D.R., 2003, Origin of coexisting plagioclases (andesine-anorthite) in the Boehls Butte anorthosite, northern Idaho: Geological Society of America, Abstracts with Programs, v. 35, no. 6, p. 631. ",
ID174,"Armstrong, R.L., 1968, Mantled gneiss domes in the Albion Range, southern Idaho: Geological Society of America Bulletin, v. 79, no. 10, p. 1295-1314. ",
ID175,"Miller, D.M., 1983, Allochthonous quartzite sequence in the Albion Mountains, Idaho, and proposed Proterozoic Z and Cambrian correlatives in the Pilot Range, Utah and Nevada: in Miller, D.M., Todd, V.R., and Howard, K.A., eds., Tectonic and Stratigraphic Studies in the Eastern Great Basin: Geological Society of America Memoir 157, p. 191-213. ",
ID177,"Armstrong, R.L., Taubeneck, W.H., and Hales, P.O., 1977, Rb-Sr and K-Ar geochronometry of Mesozoic granitic rocks and their Sr isotopic composition, Oregon, Washington, and Idaho: Geological Society of America Bulletin, v. 88, p. 397-411. ",
ID161,"Fleck, R.J., and Criss, R.E., 2004, Location, age, and tectonic significance of the Western Idaho Suture Zpone (WISZ): U.S. Geological Survey Open-File Report 2004-1039, 48 p. ",http://pubs.er.usgs.gov/publication/ofr20041039
ID165,"Heitanen, Anna, 1963, Anorthosite and associated rocks in the Boehls Butte quadrangle and vicinity, Idaho: U.S. Geological Survey Professional Paper 344-B, 78 p., with map 1:48,000 scale. ",http://pubs.er.usgs.gov/publication/pp344B
ID171,"Cater, F.W., Pinckney, D.M., Hamilton, W.B., Parker, R.L., Weldin, R.D., Close, T.J., and Zilka, N.T., 1973, Mineral resources of the Idaho Primitive Area and vicinity, Idaho; an evaluation of the mineral potential of the area, with a section on the Thunder Mountain district by B.F. Leonard, and a section on Aeromagnetic interpretation by W.E. Davis: U.S. Geological Survey Bulletin 1304, 431 p. ",http://pubs.er.usgs.gov/publication/b1304
ID172,"Murchey, B.L., and Jones, D.L., 1994, The environmental and tectonic significance of two coeval Permian radiolarian-sponge associations in eastern Oregon: in Vallier, T.L., and Brooks, H.C., eds., Geology of the Blue Mountains Region of Oregon, Idaho, and Washington; Stratigraphy physiography, and mineral resources of the Blue Mountains region: U.S. Geological Survey Professional Paper 1439, p. 183-198. ",http://pubs.er.usgs.gov/publication/pp1439
ID176,"Silberling, D.L., Jones, D.L., blake, M.C., Jr., and Howell, D.G., 1987, Lithotectonic terranes of the western conterminous United States: U.S. Geological Survey map MF-1874-C, 1:2,500,000 scale, with pamphlet, 20 p. ",http://pubs.er.usgs.gov/publication/mf1874C
ID184,"Ruppel, E.T., O'Neill, J.M., and Lopez, D.A., 1993, Geologic map of the Dillon 1o x 2o quadrangle, Idaho and Montana: U.S. Geological Survey Miscellaneous Investigations Series, Map I-1803-H, 1:250,000 scale. ",http://pubs.er.usgs.gov/publication/i1803H
ID154,"Kiilsgaard, T.H., Stanford, L.R., and Lewis, R.S., 2001, Geologic map of the Idaho City 30 x 60 minute quadrangle, Idaho: Moscow-Boise-Pocatello, Idaho, Idaho Geological Survey, Geologic Map 29, 1:100,000 scale. ",http://www.idahogeology.org/PDF/Maps_(M)/Geologic_Maps_(GM)/PDF/GM-29-m.pdf
ID160,"Lewis, R.S., Burmester, R.F., McFaddan, M.D., Eversmeyer, B.A., Wallace, C.A., and Bennett, E.H., 1992, Geologic map of the Clearwater River area, northern Idaho: Moscow, Idaho, Idaho Geological Survey Press, Geologic Map Series, map GM-20, 1:100,000 scale. ",http://www.idahogeology.org/PDF/Geological_Maps_(GM)/GM-20.pdf
ID162,"Lewis, R.S., Burmester, R.F., Reynolds, R.W., Bennett, E.H., Myers, P.E., and Reid, R.R., 1992, Geologic map of the Lochsa River area, northern Idaho: Moscow, Idaho, Idaho Geological Survey Press, Geologic Map Series, map GM-19, 1:100,000 scale. ",http://www.idahogeology.org/PDF/Geological_Maps_(GM)/GM-19.pdf
ID166,"Lewis, R.S., and Stanford, L.R., 2000, Geologic map compilation of the Hamilton 30 x 60 minute quadrangle, Idaho: Moscow, Idaho, Idaho Geological Survey Technical Report 00-? , 1:100,000 scale. ",http://www.idahogeology.org/PDF/Maps_(M)/Geologic_Maps_(GM)/PDF/GM-32-m.pdf
ID178,"Armstrong, R.L., Parrish, R.R., van der Heyden, Peter, Reynolds, S.J, and Rehrig, W.A., 1987, Rb-Sr and U-Pb geochronometry of the Priest River metamorphic complex -- Precampbrian X basement and its Mesozoic-Cenozoic plutonic-metamorphic overprint, northeastern Washington and northern Idaho: in Schuster, J.E., ed., Selected Papers on the Geology of Washington: Washington Division of Geology and Earth Resources Bulletin, v. 77, p. 15-40. ",
ID179,"Evans, K.V., and Fischer, L.B., 1986, U-Pb geochronology of two augen gneiss terranes, Idaho, and new data and tectonic implications: Canadian Journal of Earth Sciences, v. 23, no. 12, p. 1919-1927.  ",
ID181,"Armstrong, R.L., 1975, Precambrian (1500 m.y. old) rocks of central Idaho -- the Salmon River Arch and its role in Cordilleran sedimentation and tectonics: American Journal of Science, v. 275-A, p. 437-467). ",
ID182,"Ruppel, E.T., 1986, The Lemhi Arch; a Late Proterozoic and Early Paleozoic landmass in central Idaho: in Peterson, J.A., ed., Paleotectonics and Sedimentation in the Rocky Mountain Region, United States: Tulsa, Oklahoma, American Association of Petroleum Geologists, Memoir 41, p. 119-130. ",
ID183,"Pitz, C.F., and Thiessen, 1986, Lineament analysis and structural mapping of the Trans-Idaho Discontinuity and their implications for regional tectonic models: Proceedings of the 6th International Conference of Basement Tectonics, p. 16-24. ",
ID185,"Lewis, R.S., Burmester, R.F., and Bennett, E.H., 1997, Metasedimentary rocks between the Bitterroot and Atlanta lobes of the Idaho batholith and their relationship to the Belt Supergroup: in Berg, R.B., ed., Belt Symposium III, 1993: Montana Bureau of Mines and Geology, Special Publication 112, p. 130-144. ",
ID186,"Burmester, R.F., Lewis, R.S., and Bennett, E.H., 1997, Belt rocks north of the Bitterroot lobe of the Idaho batholith; the southwest basin margin? in Berg, R.B., ed., Belt Symposium III, 1993: Montana Bureau of Mines and Geology, Special Publication 112, p. 145-156. ",
ID187,"Lund, Karen, 1997, Metamorphic rocks of central Idaho; a progress report: in Berg, R.B., ed., Belt Symposium III, 1993: Montana Bureau of Mines and Geology, Special Publication 112, p. 114-129. ",
ID188,"Nash, J.T., and Hahn, G.A., 1989, Stratabound Co-Cu deposits and mafic vocaniclastic rocks in the Blackbird mining district, Lemhi County, Idaho: in Boyle, R.W., Brown, A.C., Jefferson, C.W., Jowett, E.C., and Kirkham, R.V., eds, Sediment-Hosted Stratiform Copper Deposits: Geological Association of Canada, Special Paper 36, p. 339-356. ",
ID189,"Miller, F.K., and Engels, J.C., 1975, Distribution and trends of discordant ages of the plutonic rocks of northeastern Washington and northern Idaho: Geological Society of America Bulletin, v. 86, p. 517-528. ",
ID190,"Doughty, P.T., and Price, R.A., 1999, Tectonic evolution of the Priest River complex, northern Idaho and Washington; a reappraisal of the Newport fault with new insights on metamorphic core complex formation: Tectonics, v. 18, no. 3, p. 375-393. ",
ID191,"U.S. Geological Survey, 1978, State of Idaho: topographic map, 1:500,000 scale, 500 ft contour interval. ",
ID180,"Heitanen, Anna, 1963, Metamorphism of the Belt Series in the Elk River-Clarkia area Idaho; metamorphic and igneous rocks along the northwest border zone of the Idaho batholith: U.S. Geological Survey Professional Paper 344-C, 49 p., map scale 1:48,000. ",http://pubs.er.usgs.gov/publication/pp344C
ID006,"Toth, M.I., 1987, Petrology and origin of the Bitterroot lobe of the Idaho batholith: in Vallier, T.L., and Brooks, H.C., eds., Geology of the Blue Mountains region of Oregon, Idaho, and Washington: U.S. Geological Survey Professional Paper 1436, p. 9-35. ",http://pubs.er.usgs.gov/publication/pp1436
ID007,"Lewis, R.S., Kiilsgaard, T.H., Bennett, E.H., and Hall, W.E., 1987, Lithologic and chemical characteristics of the central and southeastern part of the southern lobe of the Idaho batholith: in Vallier, T.L., and Brooks, H.C., eds., Geology of the Blue Mountains region of Oregon, Idaho, and Washington: U.S. Geological Survey Professional Paper 1436, p. 9-35. ",http://pubs.er.usgs.gov/publication/pp1436
ID044,"Skipp, Betty, Hoggan, R.D., Schleicher, D.L., and Douglass, R.C., 1979, Upper Paleozoic carbonate bank in east-central Idaho -- Snaky Canyon, Bluebird Mountain, and Arco Hills Formations, and their paleotectonic significance: U.S. Geological Survey Bulletin 1486, 78 p. ",http://pubs.er.usgs.gov/publication/b1486
ID034,"Cressman, E.R., 1964, Geology of the Georgetown Canyon-Snowdrift Mountain area, southeastern Idaho: U.S. Geological Survey Bulletin 1153, 105 p. ",http://pubs.er.usgs.gov/publication/b1153
ID035,"Rioux, R.L., Hite, R.J., Dyni, J.R. and Gere, W.C., 1975, Geologic map of the Upper Valley quadrangle, Caribou County, Idaho: U.S. Geological Survey Geologic Quadrangle Map, GQ-1194, 6 p., 1 sheet, scale 1:24,000. ",http://pubs.er.usgs.gov/publication/gq1194
ID062,"Link, P.K., Mahoney, J.B., Bruner, D.J., Batatian, L.D., Wilson, Eric and Williams, F.J.C., 1995, Stratigraphic setting of sediment-hosted mineral deposits in the eastern part of the Hailey 1o x 2o quadrangle and part of the southern part of the Challis 1o x 2o quadrangle, south-central Idaho: in Worl, R.G., Link, P.K., Winkler, G.R., and Johnson, K.M., eds., Geology and mineral resources of the Hailey 1o x 2o quadrangle and the western part of the Idaho Falls 1o x 2o quadrangle, Idaho: U.S. Geological Survey Bulletin 2064-C, p. C1-C33 (includes geologic map, scale 1:100,000), prepared in cooperation with the Idaho Geological Survey, Idaho State University, and University of Idaho. ",http://pubs.er.usgs.gov/publication/b2064C
ID096,"Malde, H.E., 1971, History of the Snake River Canyon indicated by revised stratigraphy of Snake River Group near Hagerman and King Hill, Idaho: in Shorter Contributions to General Geology, 1969: U.S. Geological Survey Professional Paper 644-F, F1-F21. ",http://pubs.er.usgs.gov/publication/pp644F
ID127,"Ekren, E.B., McIntyre, D.H., Bennett, E.H., and Malde, H.E., 1981, Geologic map of Owyhee County, Idaho, west of longitude 116o W.: U.S. Geological Survey Miscellaneous Investigations Series, Map I-1256, 1:125,000 scale. ",http://pubs.er.usgs.gov/publication/i1256
ID134,"Worl, R.G., Kiilsgaard, T.H., Bennett, E.H., Link, P.K., Lewis, R.S., Mitchell, V.E., Johnson, K.M., and Snyder, L.D., 1991, Geologic map of the Hailey 1o x 2o quadrangle, Idaho: U.S. Geological Survey Open-File Report 91-340, 1:250,000 scale. ",http://pubs.er.usgs.gov/publication/ofr91340
ID157,"Hall, W.E., 1995, Stockwork deposits, Cretaceous molybdenum stockworks: in Fisher, F.S., and Johnson, K.M., eds., Geology and Mineral Resource Assessment of the Challis 1o x 2o Quadrangle, Idaho: U.S. Geological Survey Professional Paper 1525, p. 127-130. ",http://pubs.er.usgs.gov/publication/pp1525
ID170,"Marvin, R.F., Zartman, R.E., Obradovich, J.D., and Harrison, J.E., 1984, Geochronometric and lead isotope data on samples from the Wallace 1o x 2o quadrangle, Montana and Idaho: U.S. Geological Survey Miscellaneous Field Studies Map MF-1354-G, scale 1:250,000. ",http://pubs.er.usgs.gov/publication/mf1354G
ID173,"Vallier, T.L., 1995, Petrology of pre-Tertiary igneous rocks in the Blue Mountains region of Oregon, Idaho, and Washington; implications for the geologic evolution of a complex island arc: in Vallier, T.L., and Brooks, H.C., eds., Geology of the Blue Mountains Region of Oregon, Idaho, and Washingtron; Petrology and tectonic evolution of pre-Tertiary rocks of the Blue Mountains region: U.S. Geological Survey Professional Paper 1438, p. 125-209. ",http://pubs.er.usgs.gov/publication/pp1438
ID090,"Tysdal, R.G., 2000, Revision of Middle Proterozoic Yellowjacket Formation, central Idaho: U.S. Geological Survey Professional Paper 1601-A, p. A1-A13. ",http://pubs.er.usgs.gov/publication/pp1601AB
ID086,"Ruppel, E.T., 1975, Precambrian Y sedimentary rocks in east-central Idaho: in Ruppel, E.T., Ross, R.J., Jr., and Schleicher, David, Precambrian and lower Ordovician rocks in east-central Idaho: U.S. Geological Survey Professional Paper, 889-A, p. A1-A23. ",http://pubs.er.usgs.gov/publication/pp889
ID014,"Othberg, K.L., and Stanford, L.R., 1992, Geologic map of the Boise valley and adjoining area, western Snake River Plain, Idaho: Moscow, Idaho, Idaho Geological Survey, Geologic Map Series, scale 1:100,000. ",http://www.idahogeology.org/PDF/Maps_(M)/Geologic_Maps_(GM)/PDF/GM-18-M.PDF
ID042,"Link, K.L., Skipp, Betty, Hait, M.H., Jr., Janecke, Susanne, and Burton, B.R., 1988, Structural and stratigraphic transect of south-central Idaho: A field guide to the Lost River, White Knob, Pioneer, Boulder, and Smoky Mountains: in Link, P.K., and Hackett, W.R., eds., Guidebook to the Geology of Central and Southern Idaho: Moscow, Idaho, Idaho Geological Survey Bulletin 27, p. 5-42. ",http://www.idahogeology.org/PDF/Bulletins_(B)/B-27Full.pdf
ID136,"Moye, F.J., Hackett, W.R., Blakely, J.D., and Snider, L.G., 1988, Regional geologic setting and volcanic stratigraphy of the Challis Volcanic Field, central Idaho: in Link, P.K., and Hackett, W.R., eds., Guidebook to the Geology of central and southern Idaho: Moscow, Idaho, Idaho Geological Survey Bulletin 27, p. 87-97. ",http://www.idahogeology.org/PDF/Bulletins_(B)/B-27Full.pdf
