unit_link,lith_rank,lith1,lith2,lith3,lith4,lith5,low_lith,lith_form,lith_com
NMKpn;0,Major,Sedimentary,Clastic,Mixed-clastic,,,Mixed-clastic,Bed,"no lith description on map mostly shale ut some ss, clayst, shaly ls "
NMKnf;0,Major,Sedimentary,Carbonate,Limestone,,,Limestone,Bed, 
NMKmv;0,"Indeterminate, major",Sedimentary,Clastic,Mixed-clastic,,,Mixed-clastic,Bed,"sandstone, also fine to coarse grained clastics. "
NMKch;0,Major,Sedimentary,Clastic,Sandstone,,,Sandstone,Bed, 
NMKlv;0,"Indeterminate, major",Sedimentary,Clastic,Mixed-clastic,Sandstone-Mudstone,,Sandstone-Mudstone,Bed,"no lith description on map mostly ss, some sh "
NMKmf;0,"Indeterminate, major",Sedimentary,Clastic,Mixed-clastic,Sandstone-Mudstone,,Sandstone-Mudstone,Bed,mostly the finer grained clastics to sandstone 
NMKpl;0,"Indeterminate, major",Sedimentary,Clastic,Sandstone,,,Sandstone,Bed,sandstone and arkosic sandstone 
NMKms;0,Major,Sedimentary,Clastic,Mudstone,Shale,,Shale,Bed,no lith description on map 
NMKph;0,"Indeterminate, major",Sedimentary,Clastic,Sandstone,,,Sandstone,, 
NMKmm;0,Major,Sedimentary,Clastic,Mixed-clastic,Sandstone-Mudstone,,Sandstone-Mudstone,Bed,shale and sandstone 
NMKcc;0,Major,Sedimentary,Clastic,Mixed-clastic,Sandstone-Mudstone,,Sandstone-Mudstone,Bed,no lith description on map 
NMKg;0,"Indeterminate, major",Sedimentary,Clastic,Sandstone,,,Sandstone,Bed, 
NMKmg;0,Major,Sedimentary,Clastic,Mixed-clastic,Sandstone-Mudstone,,Sandstone-Mudstone,Bed,mostly ss 
NMKmr;0,Major,Sedimentary,Clastic,Mudstone,Shale,,Shale,Bed,no lith description on map 
NMTRcu;0,Minor,Sedimentary,Carbonate,Limestone,,,Limestone,Bed, 
NMKpg;0,Major,Sedimentary,Clastic,Mixed-clastic,Sandstone-Mudstone,,Sandstone-Mudstone,Bed,"mostly ss, some sh "
NMKth;0,Major,Sedimentary,Clastic,Sandstone,,,Sandstone,Bed,no lith description on map 
NMKma;0,Major,Sedimentary,Clastic,Mixed-clastic,Sandstone-Mudstone,,Sandstone-Mudstone,Bed,"mostly sandstone, some shale "
NMKm;0,Major,Sedimentary,Clastic,Mudstone,Shale,,Shale,Bed,"mostly shale, some other mixed clastics "
NMKmu;0,Major,Sedimentary,Clastic,Mudstone,Shale,,Shale,Bed,"mostly sh, some other clastics "
NMKml;0,Major,Sedimentary,Clastic,Mudstone,Shale,,Shale,Bed, 
NMKdr;0,Major,Sedimentary,Clastic,Mixed-clastic,,,Mixed-clastic,Bed,no lith description on map 
NMKdm;0,Major,Sedimentary,Clastic,Mixed-clastic,,,Mixed-clastic,Bed, 
NMKd;0,Major,Sedimentary,Clastic,Sandstone,,,Sandstone,Bed,no lith description on map 
NMKgc;0,Major,Sedimentary,Clastic,Mudstone,Shale,,Shale,Bed, 
NMKc;0,Major,Sedimentary,Clastic,Mudstone,Shale,,Shale,Bed, 
NMKgg;0,Major,Sedimentary,Clastic,Mudstone,Shale,,Shale,Bed,no lith description on map 
NMKgh;0,Major,Sedimentary,Clastic,Mudstone,Shale,,Shale,Bed,no lith description on map 
NMKdg;0,"Indeterminate, major",Sedimentary,Clastic,Mixed-clastic,,,Mixed-clastic,Bed,"mostly sandstone, but a wide variety of clastic grain sizes. "
NMKbm;0,Major,Sedimentary,Clastic,Mudstone,Shale,,Shale,Bed,shale and quartzite? no lith description on map 
NMKl;0,Major,Sedimentary,Clastic,,,,Clastic,Bed,no lith description on map 
NMJ;0,Major,Sedimentary,Clastic,,,,Clastic,Bed,most Jurassic rock units in NM are clastic. 
NMJm;0,Major,Sedimentary,Clastic,Mixed-clastic,,,Mixed-clastic,Bed, 
NMJmsu;0,"Indeterminate, major",Sedimentary,Clastic,Mixed-clastic,Sandstone-Mudstone,,Sandstone-Mudstone,Bed,no lith description on map 
NMJz;0,Major,Sedimentary,Clastic,Sandstone,,,Sandstone,Bed,no lith description on map 
NMJze;0,"Indeterminate, major",Sedimentary,Clastic,Sandstone,,,Sandstone,, 
NMJe;0,"Indeterminate, major",Sedimentary,Clastic,Sandstone,,,Sandstone,Bed, 
NMJsr;0,Major,Sedimentary,Clastic,Sandstone,,,Sandstone,Bed,no lith description on map. contains 3 sandstone formations and 2 other formation types. 
NMTR;0,"Indeterminate, major",Sedimentary,Clastic,Mixed-clastic,,,Mixed-clastic,Bed,"""continental redbeds"" "
NMTRrp;0,"Indeterminate, major",Sedimentary,Clastic,Mixed-clastic,Sandstone-Mudstone,,Sandstone-Mudstone,Bed,no lith description on map 
NMTRc;0,Major,Sedimentary,Clastic,Mixed-clastic,,,Mixed-clastic,Bed,no lith description on map 
NMTRb;0,Major,Sedimentary,Clastic,Mudstone,,,Mudstone,Bed,no lith description on map 
NMTRt;0,Major,Sedimentary,Clastic,,,,Clastic,Bed,no lith description on map 
NMTRg;0,Major,Sedimentary,Clastic,Mudstone,,,Mudstone,Bed, 
NMTRs;0,Major,Sedimentary,Clastic,Sandstone,,,Sandstone,Bed,no lith description on map 
NMTRcu;0,Major,Sedimentary,Clastic,Mixed-clastic,,,Mixed-clastic,Bed, 
NMTRm;0,Major,Sedimentary,Clastic,Sandstone,,,Sandstone,Bed,no lith description on map 
NMPz;0,"Indeterminate, major",Sedimentary,,,,,Sedimentary,,no lith description on map. presumably sedimentary 
NMP;0,"Indeterminate, major",Sedimentary,,,,,Sedimentary,Bed,no lith description on map. presumably sedimentary 
NMPqr;0,Major,Sedimentary,Clastic,Mixed-clastic,Sandstone-Mudstone,,Sandstone-Mudstone,Bed, 
NMPqm;0,Major,Sedimentary,Clastic,Mixed-clastic,Sandstone-Mudstone,,Sandstone-Mudstone,Bed, 
NMPr;0,Major,Sedimentary,Carbonate,,,,Carbonate,Bed,"siltstone, gypsum, sandstone, dolomite "
NMPsl;0,"Indeterminate, major",Sedimentary,Chemical,Evaporite,,,Evaporite,Bed, 
NMPc;0,Major,Sedimentary,Chemical,Evaporite,Anhydrite,,Anhydrite,Bed,anhydrite sequence 
NMPat;0,Major,Sedimentary,Clastic,Mixed-clastic,Sandstone-Mudstone,,Sandstone-Mudstone,Bed,fine-grained mixed clastic 
NMPty;0,Major,Sedimentary,Clastic,Mixed-clastic,Sandstone-Mudstone,,Sandstone-Mudstone,Bed,"sandstone, siltstone, limestone, dolomite, and anhydrite "
NMPsr;0,Major,Sedimentary,Chemical,Evaporite,,,Evaporite,Bed,"gypsum, anhydrite, salt, dolmite, and siltstone "
NMTKr;0,Minor,Sedimentary,Coal,,,,Coal,Bed,"ss, mudstone, cgl coal "
NMTKpr;0,Minor,Sedimentary,Coal,,,,Coal,Bed,"ss, mudst, cgl coal-bearing "
NMTps;0,Minor,Unconsolidated,,,,,Unconsolidated,,"sand, clay, mud "
NMTps;0,Minor,Sedimentary,Carbonate,Limestone,,,Limestone,Bed, 
NMTfl;0,Minor,Igneous,Volcanic,,,,Volcanic,,"contains volacniclastics, and carbonates "
NMTfl;0,Incidental,Sedimentary,Carbonate,,,,Carbonate,Bed,"contains volacniclastics, and carbonates "
NMTsf;0,"Indeterminate, major",Unconsolidated,,,,,Unconsolidated,,no lith description on map 
NMTsf;0,Incidental,Igneous,Volcanic,,,,Volcanic,"Pyroclastic, tuff",no lith description on map 
NMTsf;0,Incidental,Sedimentary,Chemical,Chert,,,Chert,,no lith description on map 
NMTo;0,"Indeterminate, major",Unconsolidated,,,,,Unconsolidated,Eolian, 
NMTo;0,Minor,Sedimentary,Chemical,,,,Chemical,Calcareous,"caliche, marl "
NMTlp;0,Minor,Igneous,Volcanic,Mafic-volcanic,Basalt,,Basalt,,no lith description on map 
NMTos;0,"Indeterminate, major",Igneous,Volcanic,,,,Volcanic,,sedimentary and volcaniclastic sedimentary rocks with andesitic to intermediate volcanics 
NMTos;0,Minor,Unconsolidated,,,,,Unconsolidated,,sedimentary and volcaniclastic sedimentary rocks with andesitic to intermediate volcanics 
NMThb;0,Minor,Igneous,Volcanic,Felsic-volcanic,Rhyolite,,Rhyolite,Flow, 
NMThb;0,Minor,Unconsolidated,,,,,Unconsolidated,Alluvial, 
NMTnb;0,"Indeterminate, major",Igneous,Volcanic,Mafic-volcanic,Andesite,,Andesite,Flow, 
NMTpb;0,"Indeterminate, major",Igneous,Volcanic,Mafic-volcanic,Andesite,,Andesite,Flow, 
NMTmb;0,"Indeterminate, major",Igneous,Volcanic,Mafic-volcanic,Andesite,,Andesite,Flow, 
NMTif;0,"Indeterminate, major",Igneous,Volcanic,Alkalic-volcanic,Phonolite,,Phonolite,, 
NMTlv;0,"Indeterminate, major",Sedimentary,Clastic,,,,Clastic,,volcanics are interbedded with volcaniclastic rocks 
NMTuau;0,Minor,Igneous,Volcanic,,,,Volcanic,, 
NMTual;0,"Indeterminate, major",Igneous,Volcanic,Mafic-volcanic,Basaltic-andesite,,Basaltic-andesite,, 
NMTual;0,"Indeterminate, major",Igneous,Volcanic,,,,Volcanic,, 
NMTurp;0,Incidental,Sedimentary,,,,,Sedimentary,, 
NMTlrp;0,Incidental,Sedimentary,,,,,Sedimentary,, 
NMTla;0,"Indeterminate, major",Igneous,Volcanic,Mafic-volcanic,Basaltic-andesite,,Basaltic-andesite,Flow, 
NMTla;0,"Indeterminate, major",Igneous,Volcanic,Mafic-volcanic,Basalt,,Basalt,Flow, 
NMTla;0,"Indeterminate, major",Igneous,Volcanic,,,,Volcanic,Flow, 
NMTla;0,Minor,Sedimentary,,,,,Sedimentary,,volcaniclastics associated with volcanics 
NMTli;0,"Indeterminate, major",Igneous,Plutonic,,,,Plutonic,,intermediate and felsic plutonic rocks 
NMTps;0,Minor,Igneous,Volcanic,,,,Volcanic,"Pyroclastic, tuff",no lith description on map 
NMPty;0,"Indeterminate, major",Sedimentary,Carbonate,,,,Carbonate,Bed,"sandstone, siltstone, limestone, dolomite, and anhydrite, marl "
NMTKa;0,"Indeterminate, major",Sedimentary,Clastic,Mixed-clastic,Conglomerate-sandstone,,Conglomerate-sandstone,Bed,"no lith description on map assumed clay is from alteration of volcanics, not unconsolidated. "
NMK;0,Minor,Sedimentary,Carbonate,,,,Carbonate,Bed,no lith description on map 
NMK;0,"Indeterminate, major",Igneous,Volcanic,,,,Volcanic,Bed,no lith description on map volcaniclastics too. 
NMKu;0,Minor,Sedimentary,Carbonate,,,,Carbonate,Bed,no lith description on map 
NMKu;0,"Indeterminate, major",Igneous,Volcanic,,,,Volcanic,,no lith description on map 
NMKvt;0,Minor,Sedimentary,Coal,,,,Coal,Bed,sandstone and shale 
NMKkf;0,Minor,Sedimentary,Coal,,,,Coal,Bed,"ss, mudst, cgl coal-bearing "
NMKpc;0,Minor,Sedimentary,Clastic,Mixed-clastic,Siltstone-Mudstone,,Siltstone-Mudstone,Bed, 
NMKls;0,Incidental,Sedimentary,Carbonate,Limestone,,,Limestone,Bed, 
NMKpn;0,Minor,Sedimentary,Carbonate,Limestone,,,Limestone,Bed,"no lith description on map mostly shale ut some ss, clayst, shaly ls "
NMKmv;0,Minor,Sedimentary,Coal,,,,Coal,Bed,"sandstone, also fine to coarse grained clastics. "
NMKch;0,Minor,Sedimentary,Clastic,Mudstone,Shale,,Shale,Bed, 
NMKmf;0,Minor,Sedimentary,Carbonate,Limestone,,,Limestone,Bed,mostly the finer grained clastics to sandstone 
NMKmf;0,Minor,Sedimentary,Coal,,,,Coal,Bed,mostly the finer grained clastics to sandstone 
NMKcc;0,Minor,Sedimentary,Coal,,,,Coal,Bed, 
NMKmr;0,Minor,Sedimentary,Carbonate,,,,Carbonate,Bed,no lith description on map 
NMKma;0,Minor,Sedimentary,Coal,,,,Coal,Bed,"mostly sandstone, some shale "
NMKm;0,Minor,Sedimentary,Clastic,,,,Clastic,Bed,"mostly shale, some other mixed clastics "
NMKmu;0,Minor,Sedimentary,Clastic,,,,Clastic,Bed,"mostly sh, some other clastics "
NMKml;0,Minor,Sedimentary,Clastic,,,,Clastic,Bed, 
NMKdr;0,Minor,Sedimentary,Carbonate,Limestone,,,Limestone,Bed, 
NMKdm;0,Minor,Sedimentary,Carbonate,Limestone,,,Limestone,Bed, 
NMKd;0,Minor,Sedimentary,Clastic,,,,Clastic,Bed,no lith description on map 
NMKgc;0,Minor,Sedimentary,Clastic,Mixed-clastic,Sandstone-Mudstone,,Sandstone-Mudstone,Bed, 
NMKgc;0,Minor,Sedimentary,Carbonate,Limestone,,,Limestone,Bed, 
NMKc;0,Minor,Sedimentary,Clastic,Mixed-clastic,Sandstone-Mudstone,,Sandstone-Mudstone,Bed, 
NMKc;0,Minor,Sedimentary,Carbonate,,,,Carbonate,Bed,mixed clastic/carbonate 
NMKgg;0,"Indeterminate, major",Sedimentary,Carbonate,,,,Carbonate,Bed,no lith description on map 
NMKgh;0,Minor,Sedimentary,Carbonate,Limestone,,,Limestone,Bed, 
NMKgr;0,Minor,Sedimentary,Clastic,Mixed-clastic,,,Mixed-clastic,Bed,no lith description on map 
NMKbm;0,"Indeterminate, major",Sedimentary,Clastic,Sandstone,,,Sandstone,Bed,shale and quartzite? no lith description on map 
NMKl;0,Incidental,Sedimentary,Carbonate,,,,Carbonate,Bed,no lith description on map 
NMJ;0,"Indeterminate, major",Sedimentary,,,,,Sedimentary,Bed,"most Jurassic rock units in NM are clastic, but there are also carbonates in this section. "
NMJm;0,Minor,Sedimentary,Carbonate,,,,Carbonate,Bed, 
NMJmsu;0,Minor,Sedimentary,Carbonate,Limestone,,,Limestone,Bed,"contains mostly fine-grained clastics, minor ls "
NMJz;0,Minor,Sedimentary,Clastic,Mudstone,Shale,,Shale,Bed, 
NMJze;0,Minor,Sedimentary,Clastic,Mixed-clastic,Sandstone-Mudstone,,Sandstone-Mudstone,Bed, 
NMJsr;0,Minor,Sedimentary,Clastic,Mixed-clastic,,,Mixed-clastic,Bed,no lith description on map. contains 3 sandstone formations and 2 other formation types. 
NMJsr;0,Incidental,Sedimentary,Carbonate,Limestone,,,Limestone,Bed,no lith description on map. contains 3 sandstone formations and 2 other formation types. 
NMJsr;0,Incidental,Sedimentary,Chemical,Evaporite,,,Evaporite,Bed,no lith description on map. contains 3 sandstone formations and 2 other formation types. 
NMTRc;0,Minor,Sedimentary,Carbonate,,,,Carbonate,Bed,limestone and marl 
NMTRc;0,"Indeterminate, major",Sedimentary,Chemical,,,,Chemical,Bed,chert and gypsum 
NMTRr;0,"Indeterminate, major",Sedimentary,Clastic,Mudstone,,,Mudstone,Bed, 
NMTRr;0,Minor,Sedimentary,Carbonate,Limestone,,,Limestone,Bed, 
NMTRb;0,Minor,Sedimentary,Clastic,Sandstone,,,Sandstone,Bed,no lith description on map 
NMTRb;0,"Indeterminate, major",Sedimentary,Clastic,Mixed-clastic,,,Mixed-clastic,Bed,siltstone and conglomerate 
NMTRt;0,Minor,Sedimentary,Carbonate,Limestone,,,Limestone,Bed, 
NMTRg;0,Minor,Sedimentary,Clastic,Sandstone,,,Sandstone,Bed, 
NMTRg;0,Incidental,Sedimentary,Clastic,Conglomerate,,,Conglomerate,Bed, 
NMTRs;0,"Indeterminate, major",Sedimentary,Clastic,Mudstone,,,Mudstone,Bed,no lith description on map 
NMTRs;0,Minor,Sedimentary,Clastic,Conglomerate,,,Conglomerate,Bed,no lith description on map 
NMTRm;0,"Indeterminate, major",Sedimentary,Clastic,Mudstone,,,Mudstone,Bed,no lith description on map 
NMTRm;0,Minor,Sedimentary,Clastic,Conglomerate,,,Conglomerate,Bed,no lith description on map 
NMPqr;0,Minor,Sedimentary,Carbonate,Dolostone,,,Dolostone,Bed, 
NMPqr;0,"Indeterminate, major",Sedimentary,Chemical,Evaporite,,,Evaporite,Bed, 
NMPqm;0,Minor,Sedimentary,Chemical,Evaporite,,,Evaporite,Bed, 
NMPr;0,"Indeterminate, major",Sedimentary,Clastic,Mixed-clastic,Sandstone-Mudstone,,Sandstone-Mudstone,Bed,"siltstone, gypsum, sandstone, dolomite "
NMPr;0,"Indeterminate, major",Sedimentary,Chemical,Evaporite,Gypsum,,Gypsum,Bed,"siltstone, gypsum, sandstone, dolomite "
NMPsl;0,"Indeterminate, major",Sedimentary,Clastic,Sandstone,,,Sandstone,Bed, 
NMPc;0,Minor,Sedimentary,Carbonate,Limestone,,,Limestone,Bed,anhydrite sequence 
NMPat;0,Minor,Sedimentary,Chemical,Evaporite,Anhydrite,,Anhydrite,Bed,fine-grained mixed clastic 
NMPat;0,Minor,Sedimentary,Carbonate,Dolostone,,,Dolostone,Bed,fine-grained mixed clastic 
NMPty;0,Minor,Sedimentary,Chemical,Evaporite,Anhydrite,,Anhydrite,Bed,"sandstone, siltstone, limestone, dolomite, and anhydrite "
NMPsr;0,"Indeterminate, major",Sedimentary,Clastic,Mixed-clastic,Sandstone-Mudstone,,Sandstone-Mudstone,Bed,"gypsum, anhydrite, salt, dolmite, and siltstone ""Sandstone-Mudstone"" choice represents fine-grained mixed clastics from sandstone to siltstone. "
NMPsr;0,"Indeterminate, major",Sedimentary,Carbonate,Dolostone,,,Dolostone,Bed,"gypsum, anhydrite, salt, dolmite, and siltstone ""Sandstone-Mudstone"" choice represents fine-grained mixed clastics from sandstone to siltstone. "
NMPgq;0,Major,Sedimentary,Clastic,Sandstone,,,Sandstone,Bed,"sandstone, gysum, anydrite, dolomite, red mudstone GEOLEX describes Grayburg as dolo, ss, anhydrite, bentonite/shale Queen as ss, ls, anhydrite /carbonate includes both dolo and ls "
NMPgq;0,"Indeterminate, major",Sedimentary,Chemical,Evaporite,,,Evaporite,Bed,"sandstone, gypsum, anydrite, dolomite, red mudstone GEOLEX describes Grayburg as dolo, ss, anhydrite, bentonite/shale Queen as ss, ls, anhydrite /carbonate includes both dolo and ls "
NMPgq;0,Minor,Sedimentary,Clastic,Mixed-clastic,Siltstone-Mudstone,,Siltstone-Mudstone,Bed,"sandstone, gypsum, anydrite, dolomite, red mudstone GEOLEX describes Grayburg as dolo, ss, anhydrite, bentonite/shale Queen as ss, ls, anhydrite /carbonate includes both dolo and ls Siltstone-Mudstone represents fine-g "
NMPbc;0,"Indeterminate, major",Sedimentary,Carbonate,Limestone,,,Limestone,Bed,"sandstone, limestone, shale basin-facies "
NMPbc;0,"Indeterminate, major",Sedimentary,Clastic,Mudstone,Shale,,Shale,Bed,"sandstone, limestone, shale basin-facies "
NMPcc;0,"Indeterminate, major",Sedimentary,Carbonate,Limestone,,,Limestone,Bed,"sandstone, limestone, shale basin-facies "
NMPcc;0,"Indeterminate, major",Sedimentary,Clastic,Mudstone,Shale,,Shale,Bed,"sandstone, limestone, shale basin-facies "
NMPsa;0,Minor,Sedimentary,Clastic,Mudstone,Shale,,Shale,Bed,limestone and dolomite with minor shale 
NMPsa;0,Incidental,Sedimentary,Chemical,Evaporite,Gypsum,,Gypsum,Bed,limestone and dolomite with minor shale 
NMPsg;0,"Indeterminate, major",Sedimentary,Carbonate,,,,Carbonate,Bed,"limestone and sandstone mostly ss, but some finer grained clastics mixed in the San Andreas "
NMPsg;0,Minor,Sedimentary,Chemical,Evaporite,,,Evaporite,Bed,"limestone and sandstone mostly ss, but some finer grained clastics mixed in the San Andreas "
NMPy;0,Minor,Sedimentary,Carbonate,,,,Carbonate,Bed,"sandstone, siltstone, anhydrite, gypsum, halite, and dolomite but geolex describes limestone instead of dolo. "
NMPy;0,"Indeterminate, major",Sedimentary,Chemical,Evaporite,,,Evaporite,Bed,"sandstone, siltstone, anhydrite, gypsum, halite, and dolomite but geolex describes limestone instead of dolo. "
NMPa;0,Minor,Sedimentary,Carbonate,Limestone,,,Limestone,Bed,may include limestone 
NMPys;0,"Indeterminate, major",Sedimentary,Carbonate,,,,Carbonate,Bed,"mostly ss, but also mixed clastics, carbonate, and evap. "
NMPys;0,Minor,Sedimentary,Chemical,Evaporite,,,Evaporite,Bed,"mostly ss, but also mixed clastics, carbonate, and evap. "
NMPay;0,"Indeterminate, major",Sedimentary,Clastic,Mixed-clastic,,,Mixed-clastic,Bed,fine-grained mixed clastics 
NMPay;0,Minor,Sedimentary,Carbonate,Limestone,,,Limestone,Bed,fine-grained mixed clastics 
NMPay;0,Minor,Sedimentary,Clastic,Conglomerate,,,Conglomerate,Bed,fine-grained mixed clastics 
NMPct;0,"Indeterminate, major",Sedimentary,Clastic,Mixed-clastic,,,Mixed-clastic,Bed,"mostly medium-grained mixed clastics, but includes grit, conglomerate, and shale "
NMPct;0,"Indeterminate, major",Sedimentary,Carbonate,Limestone,,,Limestone,Bed,mostly medium-grained mixed clastics 
NMPh;0,"Indeterminate, major",Sedimentary,Clastic,Mudstone,Shale,,Shale,Bed,no lith description on map some limestone 
NMPh;0,"Indeterminate, major",Sedimentary,Clastic,Conglomerate,,,Conglomerate,Bed,no lith description on map some limestone 
NMPb;0,Minor,Sedimentary,Carbonate,Limestone,,,Limestone,Bed,"shale, arkose, limestone shale/arkose/conglomerate are in mixed-clastic "
NMPPA;0,"Indeterminate, major",Sedimentary,Carbonate,,,,Carbonate,Bed,mostly medium-grained clastics carbonate is mostly limestone 
NMPPAsc;0,"Indeterminate, major",Sedimentary,Carbonate,Limestone,,,Limestone,Bed,whole range of clastic rocks from coarse to fine grained. 
NMPA;0,"Indeterminate, major",Sedimentary,Clastic,Mixed-clastic,,,Mixed-clastic,Bed,"most Penn. rocks are clastic, but may contain carbonate and evap. "
NMPA;0,"Indeterminate, major",Sedimentary,Carbonate,,,,Carbonate,Bed,"most Penn. rocks are clastic, but may contain carbonate and evap. "
NMPAm;0,Major,Sedimentary,Clastic,Mixed-clastic,,,Mixed-clastic,Bed,mostly fine-grained clastics 
NMPAps;0,"Indeterminate, major",Sedimentary,Carbonate,Limestone,,,Limestone,Bed,mostly fine-grained clastics 
NMPAps;0,"Indeterminate, major",Sedimentary,Chemical,Evaporite,,,Evaporite,Bed,mostly fine-grained clastics 
NMPAlc;0,Major,Sedimentary,Clastic,Mudstone,Shale,,Shale,Calcareous,no lith description on map 
NMPAlc;0,Minor,Sedimentary,Clastic,Mixed-clastic,Conglomerate-sandstone,,Conglomerate-sandstone,Bed,minor sandstone and conglomerate 
NMM;0,"Indeterminate, major",Sedimentary,Clastic,Mixed-clastic,,,Mixed-clastic,Bed,"no lith description on map includes a ""limestone"" formation most Miss. rocks the western US are ls medium-grained mixed clastic "
NMMD;0,"Indeterminate, major",Sedimentary,Clastic,Mixed-clastic,,,Mixed-clastic,Bed,"no lith description on map includes a ""limestone"" formation  "
NMMCA;0,"Indeterminate, major",Sedimentary,Clastic,,,,Clastic,Bed,"no lith description on map includes ""limestone"" and ""sandstone"" formations probably mostly clastic "
NMD;0,Minor,Sedimentary,Carbonate,Limestone,,,Limestone,Bed,no lith description on map 
NMXm;0,"Indeterminate, major",Igneous,Plutonic,,,,Plutonic,,"dominantly felsic volcanic, volcaniclastic, and plutonic rocks; locally includes high-grade felsic gnieisses "
NMXm;0,"Indeterminate, major",Metamorphic,Gneiss,,,,Gneiss,,"dominantly felsic volcanic, volcaniclastic, and plutonic rocks; locally includes high-grade felsic gnieisses "
NMPAs;0,Minor,Sedimentary,Clastic,Mudstone,Shale,,Shale,Bed,"predominantly clastic (commonly arkosic) with minor black shales, and limestone. "
NMPAs;0,Minor,Sedimentary,Carbonate,Limestone,,,Limestone,Bed,"predominantly clastic (commonly arkosic) with minor black shales, and limestone. "
NMPAs;0,Incidental,Sedimentary,Clastic,Conglomerate,,,Conglomerate,Bed,"predominantly clastic (commonly arkosic) with minor black shales, and limestone. "
NMTual;0,"Indeterminate, major",Igneous,Volcanic,Mafic-volcanic,Andesite,,Andesite,, 
NMQTt;0,"Indeterminate, major",Sedimentary,Chemical,,,,Chemical,, 
NMKgr;0,Major,Sedimentary,Clastic,Mudstone,Shale,,Shale,,no lith description on map 
NMTRr;0,Major,Sedimentary,Clastic,Sandstone,,,Sandstone,Bed, 
NMTmb;0,"Indeterminate, major",Igneous,Volcanic,Mafic-volcanic,Basalt,,Basalt,Flow, 
NMTnb;0,"Indeterminate, major",Igneous,Volcanic,Mafic-volcanic,Basalt,,Basalt,Flow, 
NMKnf;0,Minor,Sedimentary,Clastic,Mudstone,Shale,,Shale,Bed, 
NMQl;0,Major,Unconsolidated,,,,,Unconsolidated,Colluvial, 
NMplaya;0,Major,Unconsolidated,,,,,Unconsolidated,,playa 
NMTsj;0,Major,Sedimentary,Clastic,,,,Clastic,Bed,no lith description on map 
NMTus;0,"Indeterminate, major",Sedimentary,Clastic,,,,Clastic,,no lith description on map 
NMTfl;0,"Indeterminate, major",Sedimentary,Clastic,Mixed-clastic,,,Mixed-clastic,Bed,"contains volacniclastics, and carbonates "
NMTlrf;0,"Indeterminate, major",Igneous,Volcanic,Felsic-volcanic,,,Felsic-volcanic,,"flows, domes, pyroclastics "
NMTurp;0,Major,Igneous,Volcanic,,,,Volcanic,"Pyroclastic, ash-flow", 
NMTuim;0,"Indeterminate, major",Igneous,Plutonic,,,,Plutonic,,mafic intrusive rock 
NMTlv;0,Major,Igneous,Volcanic,,,,Volcanic,,interbedded with volcaniclastic rocks 
NMTuv;0,Major,Igneous,Volcanic,,,,Volcanic,, 
NMTnv;0,"Indeterminate, major",Igneous,Volcanic,,,,Volcanic,, 
NMTi;0,"Indeterminate, major",Igneous,Plutonic,,,,Plutonic,, 
NMTui;0,"Indeterminate, major",Igneous,Plutonic,,,,Plutonic,,silicic to intermediate 
NMTuau;0,Major,Igneous,Volcanic,Mafic-volcanic,Basaltic-andesite,,Basaltic-andesite,, 
NMTli;0,"Indeterminate, major",Igneous,Plutonic,Syenitic,Quartz-monzonite,,Quartz-monzonite,, 
NMTps;0,Major,Sedimentary,Clastic,Mixed-clastic,,,Mixed-clastic,Bed,no lith description on map 
NMTlrp;0,"Indeterminate, major",Igneous,Volcanic,Felsic-volcanic,,,Felsic-volcanic,Pyroclastic, 
NMQbo;0,"Indeterminate, major",Igneous,Volcanic,Mafic-volcanic,Basaltic-andesite,,Basaltic-andesite,, 
NMQvr;0,Major,Igneous,Volcanic,Felsic-volcanic,Rhyolite,,Rhyolite,, 
NMTnr;0,"Indeterminate, major",Igneous,Volcanic,,,,Volcanic,, 
NMTla;0,"Indeterminate, major",Igneous,Volcanic,Mafic-volcanic,Andesite,,Andesite,Flow, 
NMKls;0,Major,Sedimentary,Clastic,Mudstone,,,Mudstone,Bed, 
NMTuv;0,Minor,Sedimentary,,,,,Sedimentary,, 
NMTurf;0,"Indeterminate, major",Igneous,Volcanic,Felsic-volcanic,,,Felsic-volcanic,, 
NMQa;0,Major,Unconsolidated,,,,,Unconsolidated,Alluvial, 
NMQl;0,Major,Unconsolidated,,,,,Unconsolidated,Landslide, 
NMQe;0,Major,Unconsolidated,,,,,Unconsolidated,Eolian,"eolian implies sand, though it would be classified as fine-detrital not coarse-detrital "
NMQeg;0,Major,Unconsolidated,,,,,Unconsolidated,Eolian,contains gypsum 
NMQd;0,Major,Unconsolidated,,,,,Unconsolidated,Glacial, 
NMQpl;0,Major,Unconsolidated,Fine-detrital,,,,Fine-detrital,Lacustrine,lacustrine and playa-lake deposits are most likely fine grained. 
NMQp;0,Major,Unconsolidated,,,,,Unconsolidated,Alluvial,alluvial 
NMQb;0,Major,Igneous,Hypabyssal,Mafic-hypabyssal,Hypabyssal-andesite,,Hypabyssal-andesite,Flow, 
NMQr;0,Major,Igneous,Volcanic,Felsic-volcanic,,,Felsic-volcanic,,silicic volcanic rocks 
NMQv;0,Major,Igneous,Volcanic,Mafic-volcanic,Basalt,,Basalt,,basaltic volcanics 
NMQbt;0,"Indeterminate, major",Igneous,Volcanic,Felsic-volcanic,,,Felsic-volcanic,"Pyroclastic, tuff",desciption in GEOLEX implies rhyolite and mostly ash-flow 
NMQoa;0,"Indeterminate, major",Unconsolidated,,,,,Unconsolidated,Alluvial,"alluvium implies coarse_detrital, eolian, lacustrine, and play suggest fine grained. "
NMQTb;0,"Indeterminate, major",Igneous,Volcanic,Mafic-volcanic,Basalt,,Basalt,, 
NMQTp;0,"Indeterminate, major",Unconsolidated,Clastic,,,,Clastic,Alluvial, 
NMQTg;0,"Indeterminate, major",Sedimentary,Clastic,Mixed-clastic,Conglomerate-sandstone,,Conglomerate-sandstone,Bed,Gila group not in GEOLEX. Mimbres Formation is only vaguely defined. 
NMQTsf;0,"Indeterminate, major",Sedimentary,Clastic,Mixed-clastic,,,Mixed-clastic,,no lith description on map 
NMQTs;0,"Indeterminate, major",Sedimentary,Clastic,,,,Clastic,Bed,no lith description on map 
NMTsf;0,"Indeterminate, major",Sedimentary,Clastic,Mixed-clastic,,,Mixed-clastic,Bed,no lith description on map 
NMTo;0,"Indeterminate, major",Unconsolidated,,,,,Unconsolidated,Alluvial, 
NMTlp;0,"Indeterminate, major",Unconsolidated,,,,,Unconsolidated,Alluvial,no lith description on map 
NMTos;0,"Indeterminate, major",Sedimentary,Clastic,,,,Clastic,Bed,sedimentary and volcaniclastic sedimentary rocks with andesitic to intermediate volcanics 
NMThb;0,Major,Igneous,Volcanic,Mafic-volcanic,Basalt,,Basalt,Flow, 
NMTpb;0,"Indeterminate, major",Igneous,Volcanic,Mafic-volcanic,Basalt,,Basalt,Flow, 
NMTc;0,"Indeterminate, major",Sedimentary,Clastic,Sandstone,,,Sandstone,Bed, 
NMTv;0,"Indeterminate, major",Igneous,Volcanic,,,,Volcanic,, 
NMTif;0,"Indeterminate, major",Igneous,Hypabyssal,Felsic-hypabyssal,,,Felsic-hypabyssal,, 
NMTn;0,Major,Sedimentary,Clastic,,,,Clastic,Bed,"mostly ss some sh, cgl "
NMToa;0,"Indeterminate, major",Sedimentary,Clastic,,,,Clastic,Bed,"mostly sandstone some shale, cgl "
NMTpc;0,"Indeterminate, major",Sedimentary,Clastic,,,,Clastic,,"sandstone and mudstone (incl. slts, sh) minor coal, cgl. "
NMTKr;0,Major,Sedimentary,Clastic,,,,Clastic,Bed,"ss, mudstone, cgl "
NMTKpr;0,Major,Sedimentary,Clastic,,,,Clastic,Bed,"ss, mudst, cgl coal-bearing "
NMTKa;0,Major,Igneous,Volcanic,,,,Volcanic,"Pyroclastic, tuff","no lith description on map assumed clay is from alteration of volcanics, not unconsolidated. "
NMTKav;0,"Indeterminate, major",Igneous,Volcanic,Mafic-volcanic,Andesite,,Andesite,,andesitic volcanics 
NMTKi;0,"Indeterminate, major",Igneous,Plutonic,,,,Plutonic,,Hanover is granodiorite contains a range of compositions from granodiorite to quartz monzonite 
NMK;0,Major,Sedimentary,Clastic,,,,Clastic,Bed,no lith description on map 
NMKi;0,"Indeterminate, major",Igneous,Plutonic,,,,Plutonic,,no lith description on map 
NMKa;0,"Indeterminate, major",Igneous,Volcanic,Mafic-volcanic,Andesite,,Andesite,Flow, 
NMKu;0,Major,Sedimentary,Clastic,,,,Clastic,Bed,no lith description on map 
NMKmc;0,"Indeterminate, major",Sedimentary,Clastic,Mixed-clastic,,,Mixed-clastic,Bed,ranges from siltstone to conglom. 
NMKvt;0,Major,Sedimentary,Clastic,Mixed-clastic,Sandstone-Mudstone,,Sandstone-Mudstone,Bed,sandstone and shale 
NMKkf;0,Major,Sedimentary,Clastic,Mixed-clastic,Sandstone-Mudstone,,Sandstone-Mudstone,Bed,"ss, mudst, cgl coal-bearing "
NMKpc;0,Major,Sedimentary,Clastic,Sandstone,,,Sandstone,Bed, 
NMPgq;0,Major,Sedimentary,Carbonate,,,,Carbonate,Bed,"sandstone, gysum, anydrite, dolomite, red mudstone GEOLEX describes Grayburg as dolo, ss, anhydrite, bentonite/shale Queen as ss, ls, anhydrite /carbonate includes both dolo and ls "
NMPcp;0,Major,Sedimentary,Carbonate,,,,Carbonate,Calcareous,reef facies geolex describes limestone to dolomite 
NMPbc;0,"Indeterminate, major",Sedimentary,Clastic,Sandstone,,,Sandstone,Bed,"sandstone, limestone, shale basin-facies "
NMPcc;0,"Indeterminate, major",Sedimentary,Clastic,Sandstone,,,Sandstone,Bed,"sandstone, limestone, shale basin-facies "
NMPsa;0,Major,Sedimentary,Carbonate,,,,Carbonate,Calcareous,limestone and dolomite with minor shale 
NMPg;0,"Indeterminate, major",Sedimentary,Clastic,Sandstone,,,Sandstone,Bed, 
NMPsg;0,Major,Sedimentary,Clastic,Mixed-clastic,Sandstone-Mudstone,,Sandstone-Mudstone,Bed,"limestone and sandstone mostly ss, but some finer grained clastics mixed in the San Andreas "
NMPco;0,Major,Sedimentary,Clastic,Mudstone,Shale,,Shale,Bed, 
NMPvp;0,Major,Sedimentary,Carbonate,Limestone,,,Limestone,Calcareous, 
NMPy;0,Major,Sedimentary,Clastic,Mixed-clastic,Sandstone-Mudstone,,Sandstone-Mudstone,Bed,"sandstone, siltstone, anhydrite, gypsum, halite, and dolomite "
NMPa;0,Major,Sedimentary,Clastic,Mixed-clastic,,,Mixed-clastic,Bed,may include limestone 
NMPau;0,Major,Sedimentary,Clastic,Mixed-clastic,Sandstone-Mudstone,,Sandstone-Mudstone,Bed,ss and shale 
NMPal;0,Major,Sedimentary,Clastic,Mixed-clastic,,,Mixed-clastic,Bed,"ss, sh, and cgl. entire range of clastics. "
NMPys;0,Major,Sedimentary,Clastic,Sandstone,,,Sandstone,Bed,"mostly ss, but also mixed clastics, carbonate, and evap. "
NMPay;0,Major,Sedimentary,Clastic,Sandstone,,,Sandstone,Bed, 
NMPct;0,Major,Sedimentary,Clastic,Sandstone,,,Sandstone,Bed,no lith description on map 
NMPh;0,"Indeterminate, major",Sedimentary,Carbonate,Limestone,,,Limestone,Bed,no lith description on map some limestone 
NMPb;0,Major,Sedimentary,Clastic,Mixed-clastic,,,Mixed-clastic,Bed,"shale, arkose, limestone shale/arkose/conglomerate are in mixed-clastic "
NMPPA;0,Major,Sedimentary,Clastic,Mixed-clastic,,,Mixed-clastic,Bed,mostly medium-grained clastics 
NMPPAsc;0,Major,Sedimentary,Clastic,Mixed-clastic,,,Mixed-clastic,Bed,whole range of clastic rocks from coarse to fine grained. 
NMPA;0,Major,Sedimentary,,,,,Sedimentary,Bed,"most Penn. rocks are clastic, but may contain carbonate and evap. "
NMPAm;0,Major,Sedimentary,Carbonate,Limestone,,,Limestone,Bed, 
NMPAme;0,Major,Sedimentary,Carbonate,Limestone,,,Limestone,Bed,"no lith description on map ""exotic blocks"" "
NMPAps;0,Major,Sedimentary,Clastic,Mixed-clastic,,,Mixed-clastic,Bed,mostly fine-grained clastics 
NMPAlc;0,Major,Sedimentary,Carbonate,Limestone,,,Limestone,Bed,no lith description on map 
NMM;0,Major,Sedimentary,Carbonate,Limestone,,,Limestone,Bed,"no lith description on map includes a ""limestone"" formation most Miss. rocks the western US are ls "
NMMD;0,"Indeterminate, major",Sedimentary,Carbonate,,,,Carbonate,Bed,"no lith description on map includes a ""limestone"" formation  "
NMMCA;0,"Indeterminate, major",Sedimentary,Carbonate,,,,Carbonate,Bed,"no lith description on map includes ""limestone"" and ""sandstone"" formations "
NMD;0,Major,Sedimentary,Clastic,Mudstone,Shale,,Shale,Bed,no lith description on map 
NMSO;0,"Indeterminate, major",Sedimentary,,,,,Sedimentary,,no lith description on map 
NMSOCA;0,"Indeterminate, major",Sedimentary,,,,,Sedimentary,,no lith description on map 
NMOCA;0,"Indeterminate, major",Sedimentary,,,,,Sedimentary,,no lith description on map 
NMOCAp;0,"Indeterminate, major",Igneous,Plutonic,,,,Plutonic,,no lith description on map 
NMZi;0,"Indeterminate, major",Igneous,Volcanic,Mafic-volcanic,,,Mafic-volcanic,Dike or sill, 
NMYi;0,"Indeterminate, major",Igneous,Volcanic,Mafic-volcanic,,,Mafic-volcanic,Dike or sill, 
NMYs;0,Major,Sedimentary,,,,,Sedimentary,Bed,no lith description on map 
NMYp;0,Major,Igneous,Plutonic,,,,Plutonic,,no lith description on map 
NMYXp;0,Major,Igneous,Plutonic,,,,Plutonic,,no lith description on map 
NMX;0,Major,Metamorphic,,,,,Metamorphic,,no lith description on map 
NMXms;0,"Indeterminate, major",Metamorphic,Metasedimentary,,,,Metasedimentary,,"includes ""high-grade quartzite-pelitic schist"" "
NMXm;0,"Indeterminate, major",Metamorphic,Metaigneous,Metavolcanic,,,Metavolcanic,,"dominantly felsic volcanic, volcaniclastic, and plutonic rocks; locally includes high-grade felsic gnieisses "
NMXp;0,"Indeterminate, major",Igneous,Plutonic,,,,Plutonic,, 
NMXmo;0,"Indeterminate, major",Metamorphic,,,,,Metamorphic,,dominantly mafic 
NMds;0,"Indeterminate, major",Unconsolidated,,,,,Unconsolidated,,disturbed ground 
NMXmu;0,"Indeterminate, major",Metamorphic,,,,,Metamorphic,,no lith description on map 
NMPAs;0,Major,Sedimentary,Clastic,Sandstone,,,Sandstone,Bed,"predominantly clastic (commonly arkosic) with minor black shales, and limestone. "
NMQb;0,Major,Igneous,Volcanic,Mafic-volcanic,Basalt,,Basalt,Flow, 
NMQbo;0,Major,Igneous,Volcanic,Mafic-volcanic,Basalt,,Basalt,, 
NMQTb;0,"Indeterminate, major",Igneous,Volcanic,Mafic-volcanic,Andesite,,Andesite,, 
NMQpl;0,Major,Unconsolidated,,,,,Unconsolidated,,lacustrine and playa-lake deposits are most likely fine grained. 
NMQTg;0,"Indeterminate, major",Igneous,Volcanic,Mafic-volcanic,Basalt,,Basalt,,Gila group not in GEOLEX. Mimbres Formation is only vaguely defined. 
NMQTsf;0,"Indeterminate, major",Sedimentary,Carbonate,,,,Carbonate,Bed,no lith description on map 
NMQTsf;0,"Indeterminate, major",Igneous,Volcanic,Mafic-volcanic,Andesite,,Andesite,Flow,no lith description on map 
NMQTs;0,"Indeterminate, major",Unconsolidated,,,,,Unconsolidated,,"no lith description on map. long descriptions in GEOLEX, but unclear. "
NMQTs;0,"Indeterminate, major",Igneous,Volcanic,Mafic-volcanic,Andesite,,Andesite,Flow,"no lith description on map. long descriptions in GEOLEX, but unclear. "
NMTus;0,"Indeterminate, major",Igneous,Volcanic,,,,Volcanic,,no lith description on map 
NMTus;0,Minor,Unconsolidated,,,,,Unconsolidated,,no lith description on map 
