ref_id,reference,onlink
NM002,"Anderson, O.J., Jones.G.E., and Green, G.N., compilers, 1997, Geologic map of New Mexico: U.S. Geological Survey Open-File Report 97-52. ",http://pubs.er.usgs.gov/publication/ofr9752
NM004,"Hernon, R.M., Jones, W.R. and Moore, S.L., 1953, Some geological features of the Santa Rita quadrangle, IN Kottlowski, F.E., ed., Guidebook of southwestern New Mexico: New Mexico Geological Society Guidebook, no. 4, p. 117-129.  ",
NM005,"Clemons, R.E., 1982, Geology of Massacre Peak quadrangle, Luna County, New Mexico: New Mexico Bureau of Mines and Mineral Resources Geologic Map, 51, 1 sheet, scale 1:24,000. ",
NM006,"Lovejoy, E.M.P., 1976, Geology of Cerro de Cristo Rey uplift, Chihuahua and New Mexico: New Mexico Bureau of Mines and Mineral Resources Memoir, no. 31.  ",
NM007,"Lozinsky, R.P. and Hawley, J.W., 1986, The Palomas Formation of south-central New Mexico; a formal definition: New Mexico Geology, v. 8, no. 4, p. 73-78, 82. ",
NM003,"U.S. Geological Survey, 1992, Stratigraphic Nomenclature Databases for the United States, its possessions and territories: U.S. Geological Survey Digital Data Series DDS-6 (CD). ",http://pubs.er.usgs.gov/publication/ds6
NM001,"Green, G.N., and Jones, G.E., 1997, The Digital Geologic Map of New Mexico in ARC/INFO Format: U.S. Geological Survey Open-File Report 97-0052, 9 p.; http://pubs.usgs.gov/of/1992/ofr-92-0052. ",http://pubs.er.usgs.gov/publication/ofr9752
NM008,USGS Geologic Names Lexicon (GEOLEX),http://ngmdb.usgs.gov/Geolex/
