state,orig_label,map_sym1,map_sym2,unit_link,prov_no,province,unit_name,unit_age,unitdesc,strat_unit,unit_com,map_ref,rocktype1,rocktype2,rocktype3,unit_ref,map_symb2
NM  ,TKpr,TKpr,TKpr;0,NMTKpr;0,0,,Poison Canyon and Raton Fromations,Phanerozoic | Mesozoic Cenozoic | Cretaceous Tertiary,Poison Canyon and Raton Formations; undivided ,,,NM002,sandstone,mudstone,coal; conglomerate,NM002 ,
NM  ,TKa,TKa,TKa;0,NMTKa;0,0,,Animas Formation,Phanerozoic | Mesozoic Cenozoic | Cretaceous Tertiary,Animas Formation; in northeast San Juan Basin ,,,NM002,clay or mud,tuff,clastic,NM002 ,
NM  ,Kch,Kch,Kch;0,NMKch;0,0,,Cliff House Sandstone,Phanerozoic | Mesozoic | Cretaceous,Cliff House Sandstone; transgressive marine sandstone; Campanian,Cliff House Sandstone of Mesaverde Group,,NM002,sandstone,shale,,NM002 ,
NM  ,TKi,TKi,TKi;0,NMTKi;0,0,,"intrusive rocks, Paleogene and Upper Cretatceous",Phanerozoic | Mesozoic Cenozoic | Cretaceous Tertiary,"Paleogene and Upper Cretaceous intrusive rocks; includes Hanover, Fierro, Tyrone, and Lordsburg granodiorite-quartz monzonite porphyries",,Quartz monzonite term may be old American useage for monzogranite.,NM002,granodiorite,granitoid,,NM002 ,
NM  ,P,P,P;0,NMP;0,0,,"Permian Rocks, undivided",Phanerozoic | Paleozoic | Permian,"Permian rocks, undivided",,,NM002,sedimentary rock,,,NM002 ,
NM  ,Psl,Psl,Psl;0,NMPsl;0,0,,Salado Formation,Phanerozoic | Paleozoic | Permian,Salado Formation; evaporite sequence; Upper Permian,,,NM002,evaporite,sandstone,,NM002 ,
NM  ,ds,ds,ds;0,NMds;0,0,,disturbed ground,Phanerozoic | Cenozoic | Quaternary | Holocene,"disturbed ground, manmade",,,NM002,indeterminate,,,NM002 ,
NM  ,Qa; Qa/QTs; Qa/QTsf,Qa,Qa;0,NMQa;0,0,,alluvium,Phanerozoic | Cenozoic | Quaternary,Alluvium; upper and middle Quaternary ,,,NM002,alluvium,,,NM002 ,
NM  ,Tuau,Tuau,Tuau;0,NMTuau;0,0,,basaltic andesites,Phanerozoic | Cenozoic | Tertiary,Lower Miocene and uppermost Oligocene basaltic andesites (22-26 Ma). Includes Bearwallow Mountain Andesite and basaltic andesite of Mangas Mountain,,,NM002,andesite,basalt,intermediate volcanic rock; mafic volcanic rock,NM002 ,
NM  ,QTt,QTt,QTt;0,NMQTt;0,0,,travertine,Phanerozoic | Cenozoic | Tertiary Quaternary,Travertine,,,NM002,limestone,,,NM002 ,
NM  ,Knf,Knf,Knf;0,NMKnf;0,0,,Fort Hayes Limestone Member of Niobrara Formation,Phanerozoic | Mesozoic | Cretaceous,Fort Hays Limestone Member of Niobrara Formation,,,NM002,limestone,shale,,NM002 ,
NM  ,Kph,Kph,Kph;0,NMKph;0,0,,Hosta Tongue of Point Lookout Sandstone,Phanerozoic | Mesozoic | Cretaceous,Hosta Tongue of Point Lookout Sandstone; transgressive marine sandstone,Hosta Tongue of Point Lookout Sandstone of Mesaverde Group,,NM002,sandstone,,,NM002 ,
NM  ,&lc,PAlc,PAlc;0,NMPAlc;0,0,,Lead Camp Formation,Phanerozoic | Paleozoic | Carboniferous Pennsylvanian,Lead Camp Formation; San Andres and Organ Mountains,,,NM002,limestone,shale,coarse-grained mixed clastic,NM002 ,
NM  ,Kpn,Kpn,Kpn;0,NMKpn;0,0,,Pierre Shale and Niobrara Formation,Phanerozoic | Mesozoic | Cretaceous,Pierre Shale and Niobrara Formation,,"Pierre Shale is mostly shale with some sandstone, and clay. Niobrara Formation is mostly shale with some shaly limestone.",NM002,shale,fine-grained mixed clastic,limestone,NM002 ,
NM  ,J,J,J;0,NMJ;0,0,,"middle and upper Jurassic rocks, unidivided",Phanerozoic | Mesozoic | Jurassic,"Jurassic rocks, Middle and Upper, undivided",,,NM002,clastic,sedimentary rock,,NM002 ,
NM  ,Kg,Kg,Kg;0,NMKg;0,0,,Gallup Sandstone,Phanerozoic | Mesozoic | Cretaceous,Gallup Sandstone; generally regressive marine sandstone; Turonian,,,NM002,sandstone,,,NM002 ,
NM  ,Pal,Pal,Pal;0,NMPal;0,0,,"Abo Formation, lower part",Phanerozoic | Paleozoic | Permian,"Lower part of Abo Formation; Wolfcampian, and in part Virgilian ?",,,NM002,sandstone,shale,conglomerate,NM002 ,
NM  ,Tv,Tv,Tv;0,NMTv;0,0,,"volcanic rocks, middle Tertiary",Phanerozoic | Cenozoic | Tertiary,"Middle Tertiary volcanic rocks, undifferentiated",,,NM002,volcanic rock (aphanitic),,,NM002 ,
NM  ,Kgg,Kgg,Kgg;0,NMKgg;0,0,,Graneros Shale and Greenhorn Formation,Phanerozoic | Mesozoic | Cretaceous,Graneros Shale and Greenhorn Formation; limited to northeastern area; lower Turonian and Cenomanian,,,NM002,shale,limestone,,NM002 ,
NM  ,Pqr,Pqr,Pqr;0,NMPqr;0,0,,Quatermaster and Rustler Formations,Phanerozoic | Paleozoic | Permian,Quartermaster and Rustler Formations; Upper Permian,,,NM002,sandstone,mudstone,dolostone (dolomite); evaporite,NM002 ,
NM  ,Tsf,Tsf,Tsf;0,NMTsf;0,0,,Lower and Middle Santa Fe Group,Phanerozoic | Cenozoic | Tertiary,"Lower and Middle Santa Fe Group. Includes Hayner Ranch, Rincon Valley, Popotosa, Cochiti, Tesuque, Chamita, Abiquiu, and other Formations; Miocene and uppermost Oligocene",,,NM002,coarse-grained mixed clastic,unconsolidated deposit,tuff; chert,NM002 ,
NM  ,Pgq,Pgq,Pgq;0,NMPgq;0,0,,Grayburg and Queen Fromations,Phanerozoic | Paleozoic | Permian,"Grayburg and Queen Formations; sandstone, gypsum, anhydrite, dolomite, and red mudstone; Guadalupian",,"Grayburg Formation: dolomite, sandstone, anhydite, bentonite/shale. Queen Formation: sandstone, limestone, anhydrite.",NM002,carbonate,sandstone,evaporite; shale; bentonite; mudstone,NM002 NM008 ,
NM  ,Ph,Ph,Ph;0,NMPh;0,0,,Hueco Formation,Phanerozoic | Paleozoic | Permian,Hueco Formation; limestone unit restricted to south-central area; Pendejo Tongue divides Abo Formation into upper and lower parts; Wolfcampian,,,NM002,limestone,shale,conglomerate,NM002 ,
NM  ,Tsj,Tsj,Tsj;0,NMTsj;0,0,,San Jose Formation,Phanerozoic | Cenozoic | Tertiary,"San Jose Formation; Eocene, San Juan Basin",,,NM002,medium-grained mixed clastic,,,NM002 ,
NM  ,Kgc,Kgc,Kgc;0,NMKgc;0,0,,Greenhorn Formation and Carlile Shale,Phanerozoic | Mesozoic | Cretaceous,"Greenhorn Formation and Carlile Shale, undivided; locally includes Graneros Shale","Colorado Group, Bridge Creek Limestone Member, Mancos Shale",According to NM008 reference: Greenhorn Formation no longer used in New Mexico. Replace with Bridge Creek Limestone Member of Mancos Shale. Greenhorn (Limestone) may be considered a member of the Mancos Shale. Carlile Shale is one of 4 Formations in the Colorado Group.,NM002,shale,fine-grained mixed clastic,limestone,NM002 NM003 NM008 ,
NM  ,P&,PPA,PPA;0,NMPPA;0,0,,"Permain and Pennsylvanian rocks, undivided",Phanerozoic | Paleozoic | Carboniferous Pennsylvanian Permian,"Permian and Pennsylvanian rocks, undivided; includes Horquilla Limestone, Earp Formation, Epitaph and Scherrer Formations, and Concha Limestone",,,NM002,medium-grained mixed clastic,carbonate,,NM002 ,
NM  ,P&sc,PPAsc,PPAsc;0,NMPPAsc;0,0,,Sangre de Cristo Formation,Phanerozoic | Paleozoic | Carboniferous Pennsylvanian Permian,"Sangre de Cristo Formation, in Sangre de Cristo Mountains",,,NM002,coarse-grained mixed clastic,fine-grained mixed clastic,limestone,NM002 ,
NM  ,Kdg,Kdg,Kdg;0,NMKdg;0,0,,Dakota Group,Phanerozoic | Mesozoic | Cretaceous,"Dakota Group of east-central and northeast New Mexico; in ascending order, Mesa Rica Sandstone, Pajarito Shale, and Romeroville Sandstone; includes the underlying Tucumcari Shale in Tucumcari area and Glencairn Formation in Union County. Encompasses both Upper and Lower Cretaceous rocks",,,NM002,sandstone,medium-grained mixed clastic,,NM002 ,
NM  ,Turf,Turf,Turf;0,NMTurf;0,0,,silicic flows and massess and associated pyroclastic rocks,Phanerozoic | Cenozoic | Tertiary,"Upper Oligocene silicic (or felsic) flows and masses and associated pyroclastic rocks; includes Taylor Creek, Fanney, and Rocky Canyon Rhyolites ",,,NM002,felsic volcanic rock,pyroclastic,rhyolite,NM002 ,
NM  ,Kdm,Kdm,Kdm;0,NMKdm;0,0,,intertongued Dakota-Mancos sequence,Phanerozoic | Mesozoic | Cretaceous,Intertongued Dakota-Mancos sequence of west-central New Mexico; includes the Whitewater Arroyo Tongue of Mancos Shale and the Twowells Tongue of the Dakota,,,NM002,fine-grained mixed clastic,medium-grained mixed clastic,limestone,NM002 ,
NM  ,Pz,PZ,PZ;0,NMPZ;0,0,,"Paleozoic rocks, undivided",Phanerozoic | Paleozoic,"Paleozoic rocks, undivided",,,NM002,sedimentary rock,,,NM002 ,
NM  ,Kcc,Kcc,Kcc;0,NMKcc;0,0,,Crevasse Canyon Formation,Phanerozoic | Mesozoic | Cretaceous,"Crevasse Canyon Formation; coal-bearing units are Dilco and Gibson Coal Members; other members are Bartlett Barren, Dalton Sandstone, and Borrego Pass Sandstone (or Lentil) ",Mesaverde Group,"Crevasse Canyon is made up of: Dilco member: shale, siltstone, coal, sandstone Dalton sandstone member: sandstone Gibson member: shale, siltstone, coal, sandstone",NM002,fine-grained mixed clastic,coal,,NM002 ,
NM  ,Ka,Ka,Ka;0,NMKa;0,0,,andesite flows,Phanerozoic | Mesozoic | Cretaceous,Uppermost Cretaceous andesite flows; restricted to southwestern area,,,NM002,andesite,,,NM002 ,
NM  ,Kd,Kd,Kd;0,NMKd;0,0,,Dakota Sandstone,Phanerozoic | Mesozoic | Cretaceous,"Dakota Sandstone; includes Oak Canyon, Cubero, and Paguate Tongues plus Clay Mesa Tongue of Mancos Shale; Cenomanian",,,NM002,medium-grained mixed clastic,,,NM002 ,
NM  ,Kbm,Kbm,Kbm;0,NMKbm;0,0,,Mancos Formation and Beartooth Quartzite,Phanerozoic | Mesozoic | Cretaceous,Mancos Formation and Beartooth Quartzite (and Sarten Sandstone); Mancos includes what was formerly referred to as Colorado Shale which in turn may include equivalents of Tres Hermanos Formation,,"Beartooth ""quartzite"" is a clean sandstone.",NM002,shale,sandstone,medium-grained mixed clastic,NM002 ,
NM  ,Kc,Kc,Kc;0,NMKc;0,0,,Carlile Shale,Phanerozoic | Mesozoic | Cretaceous,Carlile Shale; limited to northeastern area; Turonian-Coniacian,Part of Colorado Group,,NM002,shale,fine-grained mixed clastic,mixed clastic/carbonate,NM002 ,
NM  ,Kdr,Kdr,Kdr;0,NMKdr;0,0,,Dakota Sandstone and Rio Salado Tongue of the Mancos Shale,Phanerozoic | Mesozoic | Cretaceous,Dakota Sandstone and Rio Salado Tongue of the Mancos Shale. In northwest Socorro County locally includes overlying Tres Hermanos Formation,,Rio Salado Tongue: shale and limestone,NM002,sandstone,shale,conglomerate; limestone; medium-grained mixed clastic,NM002 NM003 ,
NM  ,@rp,TRrp,TRrp;0,NMTRrp;0,0,,Rock Point Formation of Chinle Group,Phanerozoic | Mesozoic | Triassic,Rock Point Formation of Chinle Group; Upper Triassic. May locally include Lukachukai Member of Wingate Sandstone ,Rock Point Formation of Chinle Group,,NM002,sandstone,siltstone,,NM002 ,
NM  ,@s,TRs,TRs;0,NMTRs;0,0,,Santa Rosa Formation of Chinle Group,Phanerozoic | Mesozoic | Triassic,Santa Rosa Formation; Carnian; includes Moenkopi Formation (Middle Triassic) at base in most areas ,,,NM002,sandstone,mudstone,conglomerate,NM002 ,
NM  ,D,D,D;0,NMD;0,0,,Percha Shale,Phanerozoic | Paleozoic | Devonian,Percha Shale; southern Caballo Mountains; includes the Onate and Sly Gap Formations,,"Reference NM008: The lower member is named Ready Pay member and the upper member is named Box member. Percha unconformably overlies Silurian Fusselman limestone; contact is a brown siliceous limestone (Fusselman) under black shale (Ready Pay). A thin brown nonfossiliferous siltstone bed was found at base of Ready Pay at three scattered localities in the Mimbres region. The thin siltstone is similar to a zone in the Sly Gap. Ready Pay consists of gray to black shale 132 ft thick at type. Box consists of gray shale and gray limestone 46.6"" at type. ",NM002,shale,limestone,,NM002 NM008 ,
NM  ,Je,Je,Je;0,NMJe;0,0,,Entrada Sandstone,Phanerozoic | Mesozoic | Jurassic,"Entrada Sandstone, Middle Jurassic; Callovian",Entrada Sandstone of San Rafael Group,,NM002,sandstone,,,NM002 ,
NM  ,Jm,Jm,Jm;0,NMJm;0,0,,Morrison Formation,Phanerozoic | Mesozoic | Jurassic,Morrison Formation; Upper Jurassic nonmarine rocks present only in northern one-third of state,,Limestone is minor.,NM002,fine-grained mixed clastic,limestone,,NM002 ,
NM  ,Jmsu,Jmsu,Jmsu;0,NMJmsu;0,0,,Morrison Formation and upper San Rafael Group,Phanerozoic | Mesozoic | Jurassic,Morrison Formation and upper San Rafael Group,,Not clear which Formations belong to upper San Rafeal Group: could contain Bell Ranch Fm Bluff SS Carmel Fm Entrad SS Summerville Fm Thoreau Fm Todilto Fm Wanakah Fm,NM002,fine-grained mixed clastic,sedimentary rock,limestone,NM002 NM003 NM008 ,
NM  ,Jsr,Jsr,Jsr;0,NMJsr;0,0,,San Rafael Group,Phanerozoic | Mesozoic | Jurassic,"San Rafael Group; consists of Entrada Sandstone, Todilto and Summerville Formations, Bluff Sandstone, and locally Zuni Sandstone (or only Acoma Tongue of Zuni)",,,NM002,medium-grained mixed clastic,fine-grained mixed clastic,evaporite; limestone,NM002 ,
NM  ,Jz,Jz,Jz;0,NMJz;0,0,,Zuni Sandstone,Phanerozoic | Mesozoic | Jurassic,Zuni Sandstone; consists of undivided equivalents of the Summerville Formation and Bluff Sandstone; restricted to Zuni Basin area ,"Zuni Sandstone assighed to San Rafael Goup, mentioned, but not listed that way in GEOLEX.",,NM002,sandstone,shale,,NM002 ,
NM  ,Jze,Jze,Jze;0,NMJze;0,0,,Zuni and Entrada Sandstones,Phanerozoic | Mesozoic | Jurassic,"Zuni and Entrada Sandstones, undivided",Entrada Sandstone of San Rafael Group Zuni may also be San Rafael Group,,NM002,sandstone,fine-grained mixed clastic,,NM002 ,
NM  ,K,K,K;0,NMK;0,0,,"Cretaceous rocks, undivided",Phanerozoic | Mesozoic | Cretaceous,"Cretaceous rocks, undivided ",,"Mostly clastic sedimentary rock with some volcaniclastics, volcanics, and carbonate. ",NM002,clastic,volcanic rock (aphanitic),carbonate,NM002 ,
NM  ,Kgh,Kgh,Kgh;0,NMKgh;0,0,,Greenhorn Formation,Phanerozoic | Mesozoic | Cretaceous,Greenhorn Formation; limited to northeastern area. The Upper member (Bridge Creek Limestone) can be traced into western area where it is commonly shown as a bed-rank unit in Mancos Shale on detailed maps,"per GEOLEX, used by USGS as: Greenhorn LImestone of Colorado Goup, and Greenhorn Formation, and Greenhorn Limestone Member of Benton Shale, and Greenhorn Limestone Member of Mancos Shale",,NM002,shale,limestone,,NM002 ,
NM  ,Kgr,Kgr,Kgr;0,NMKgr;0,0,,Graneros Shale,Phanerozoic | Mesozoic | Cretaceous,Graneros Shale; limited to northeastern area; Cenomanian,,,NM002,shale,fine-grained mixed clastic,,NM002 ,
NM  ,Kkf,Kkf,Kkf;0,NMKkf;0,0,,Kirtland and Fruitland Formations,Phanerozoic | Mesozoic | Cretaceous,"Kirtland and Fruitland Formations; coal-bearing, coal primarily in the Fruitland; Campanian to Maastrichtian",,"Kirtland Formation: shale, sandstone, mudstone (clay). Fruitland Formation: sandstone, shale, siltstone, mudstone, and coal.",NM002,sandstone,mudstone,coal,NM002 ,
NM  ,Kl,Kl,Kl;0,NMKl;0,0,,"Lower Cretaceous, unidivided",Phanerozoic | Mesozoic | Cretaceous,"Lower Cretaceous, undivided; in northern Lea and Roosevelt Counties includes equivalents of Tucumcari Shale. In Cornudas Mountains includes Campogrande, Cox and other Washita Group formations, and the Boquillas Formation; Cenomanian. In the southwest includes Hell-To-Finish, U-Bar, and Mojado Formations which are equivalent to Bisbee Group of Arizona",,"Boquillas--mostly shale, minor limestone.",NM002,clastic,mixed clastic/carbonate,,NM002 NM003 ,
NM  ,Kls,Kls,Kls;0,NMKls;0,0,,Lewis Shale,Phanerozoic | Mesozoic | Cretaceous,Lewis Shale; marine shale and mudstone,,,NM002,shale,fine-grained mixed clastic,limestone,NM002 ,
NM  ,Klv,Klv,Klv;0,NMKlv;0,0,,La Ventana Tongue,Phanerozoic | Mesozoic | Cretaceous,La Ventana Tongue of the Cliff House Sandstone,La Ventana Tongue of Cliff House Sandstone of Mesaverde Group,Sandstone and some shale.,NM002,sandstone,shale,,NM002 NM003 ,
NM  ,Km,Km,Km;0,NMKm;0,0,,Mancos Shale,Phanerozoic | Mesozoic | Cretaceous,Mancos Shale; divided into Upper and Lower parts by Gallup Sandstone,Mancos Shale (Formation) contains many members,,NM002,shale,fine-grained mixed clastic,,NM002 ,
NM  ,Kma,Kma,Kma;0,NMKma;0,0,,Moreno Hill Formation and Atarque Sandstone,Phanerozoic | Mesozoic | Cretaceous,Moreno Hill Formation and Atarque Sandstone; in Salt Lake coal field and extreme southern Zuni basin; Turonian,Tres Hermanos Formation ,Atarque Sandstone Member of Tres Hermanos Formation. Moreno Hill Fm subdivided into 3 unnamed members. ,NM002,sandstone,shale,coal,NM002 NM003 ,
NM  ,Kmc,Kmc,Kmc;0,NMKmc;0,0,,McRae Formation,Phanerozoic | Mesozoic | Cretaceous,McRae Formation; Engle basin - Cutter sag area; Maastrichtian,,,NM002,shale,sandstone,siltstone; conglomerate,NM002 ,
NM  ,Kmf,Kmf,Kmf;0,NMKmf;0,0,,Menefee Formation,Phanerozoic | Mesozoic | Cretaceous,"Menefee Formation; mudstone, shale, and sandstone; coal-bearing",,"Sandstone, siltstone, shale, coal, and limestone.",NM002,fine-grained mixed clastic,coal,limestone,NM002 NM003 ,
NM  ,Kmg,Kmg,Kmg;0,NMKmg;0,0,,Gallup Sandstone and underlying D-Cross Tongue of Mancos Shale,Phanerozoic | Mesozoic | Cretaceous,Gallup Sandstone and underlying D-Cross Tongue of the Mancos Shale; Turonian,,"D-Cross Tongue: shale, sandstone",NM002,sandstone,shale,,NM002 NM003 ,
NM  ,Kml,Kml,Kml;0,NMKml;0,0,,"Mancos Shale, lower part",Phanerozoic | Mesozoic | Cretaceous,"Mancos Shale, Lower part",,,NM002,shale,fine-grained mixed clastic,,NM002 ,
NM  ,Kmm,Kmm,Kmm;0,NMKmm;0,0,,Mulatto Tongue of Mancos Shale,Phanerozoic | Mesozoic | Cretaceous,Mulatto Tongue of Mancos Shale,Mulatto Tongue of Mancos Shale,,NM002,shale,sandstone,,NM002 ,
NM  ,Kmr,Kmr,Kmr;0,NMKmr;0,0,,Rio Salado Tongue of Mancos Shale,Phanerozoic | Mesozoic | Cretaceous,Rio Salado Tongue of the Mancos Shale. Overlies Twowells Tongue of Dakota Sandstone; mapped only where Tres Hermanos Formation or the Atarque Sandstone is present; mapped as Kdr in parts of Socorro County; Turonian,,,NM002,shale,limestone,,NM002 ,
NM  ,Kms,Kms,Kms;0,NMKms;0,0,,Satan Tongue of Mancos Shale,Phanerozoic | Mesozoic | Cretaceous,Satan Tongue of Mancos Shale ,,Marine shale.,NM002,shale,,,NM002 NM003 ,
NM  ,Kmu,Kmu,Kmu;0,NMKmu;0,0,,"Mancos Shale, upper part",Phanerozoic | Mesozoic | Cretaceous,"Mancos Shale, Upper part",,,NM002,shale,fine-grained mixed clastic,,NM002 ,
NM  ,Kmv,Kmv,Kmv;0,NMKmv;0,0,,Mesaverde Group,Phanerozoic | Mesozoic | Cretaceous,"Mesaverde Group includes the Gallup Sandstone, Crevasse Canyon Formation, Point Lookout Sandstone, Menefee Formation, and Cliff House Sandstone ",,,NM002,sandstone,fine-grained mixed clastic,conglomerate; coal,NM002 ,
NM  ,Kpc,Kpc,Kpc;0,NMKpc;0,0,,Pictured Cliffs Sandstone,Phanerozoic | Mesozoic | Cretaceous,Pictured Cliffs Sandstone; prominent cliff-forming marine sandstone,,,NM002,sandstone,mudstone,,NM002 ,
NM  ,Kpg,Kpg,Kpg;0,NMKpg;0,0,,Pescado Tongue of the Mancos Shale and Gallup Sandstone,Phanerozoic | Mesozoic | Cretaceous,Pescado Tongue of the Mancos Shale and Gallup Sandstone; in Zuni Basin only. Pescado is chrono-stratigraphic equivalent of Juana Lopez Member of Mancos Shale; Turonian,,"Gallup Sandstone: sandstone Pescado Tongue: sandstone, shale",NM002,sandstone,shale,,NM002 NM003 ,
NM  ,Kpl,Kpl,Kpl;0,NMKpl;0,0,,Point Lookout Sandstone,Phanerozoic | Mesozoic | Cretaceous,"Point Lookout Sandstone; regressive marine sandstone in McKinley and Sandoval Counties. The lower, Hosta Tongue, of Point Lookout is transgressive and is separated from main body by the Satan Tongue of Mancos Shale; Santonian - Campanian",,,NM002,sandstone,arkose,,NM002 ,
NM  ,Kth,Kth,Kth;0,NMKth;0,0,,Tres Hermanos Formation,Phanerozoic | Mesozoic | Cretaceous,Tres Hermanos Formation; formerly designated as Lower Gallup Sandstone in the Zuni Basin; Turonian,"Fite Ranch Member, Carthage Member, Atarque Sandstone Member",Formerly member of Mancos Shale.,NM002,sandstone,,,NM002 NM003 ,
NM  ,@t,TRt,TRt;0,NMTRt;0,0,,Trujillo Formation of Chinle Group,Phanerozoic | Mesozoic | Triassic,Trujillo Formation; Norian,,,NM002,coarse-grained mixed clastic,fine-grained mixed clastic,limestone,NM002 ,
NM  ,Ku,Ku,Ku;0,NMKu;0,0,,"undivided, Upper Cretaceous",Phanerozoic | Mesozoic | Cretaceous,"Upper Cretaceous, undivided. Includes Virden Formation in northern Hidalgo County, Ringbone Formation in Hidalgo and Luna and Grant Counties, and locally Beartooth and Sarten, Mancos in Silver City area; Cenomanian - Maastrichtian for most part, although Beartooth is pre-Cenomanian ",,,NM002,medium-grained mixed clastic,volcanic rock (aphanitic),limestone,NM002 ,
NM  ,Kvt,Kvt,Kvt;0,NMKvt;0,0,,Vermejo Formation and Trinidad Sandstone,Phanerozoic | Mesozoic | Cretaceous,Vermejo Formation and Trinidad Sandstone; Maastrichtian,,"Vermejo Formation includes Rail Canyon Sandstone Member. Vermejo lithologies: sandstone, shale, and coal.",NM002,sandstone,shale,coal,NM002 ,
NM  ,M,M,M;0,NMM;0,0,,"Mississippian rocks, undivided",Phanerozoic | Paleozoic | Carboniferous Mississippian,"Mississippian rocks, undivided; Arroyo Penasco Group in Sangre de Cristo Mountains, Sierra Nacimiento, San Pedro Mountain, and Sandia Mountains; Lake Valley Limestone in south-central New Mexico",,,NM002,limestone,medium-grained mixed clastic,,NM002 ,
NM  ,M_,MCA,MCA;0,NMMCA;0,0,,"Missippian through Cambrian rocks, undivided",Phanerozoic | Paleozoic | Cambrian Ordovician(?) Silurian(?) Devonian(?) Carboniferous Mississippian,"Mississippian through Cambrian rocks, undivided; includes Lake Valley Limestone; Mississippian; Devonian rocks, undivided; El Paso Formation and Montoya Group (or Formation); Ordovician; and Bliss Sandstone; Cambrian and Ordovician",,,NM002,carbonate,clastic,,NM002 ,
NM  ,MD,MD,MD;0,NMMD;0,0,,"Mississippian and Devonain rocks, undivided",Phanerozoic | Paleozoic | Devonian Carboniferous Mississippian,"Mississippian and Devonian rocks, undivided; includes the Lake Valley Limestone, Caballero, Las Cruces, Rancheria, and Helms Formations and Escabrosa Group; Mississippian; the Onate, Sly Gap, Contadero Formations, and Percha Shale of south-central New Mexico, and Canutillo Formation of Northern Franklin Mountains and Bishops Cap area; Devonian ",,,NM002,carbonate,medium-grained mixed clastic,,NM002 ,
NM  ,O_,OCA,OCA;0,NMOCA;0,0,,"Ordovician and Cambrian rocks, undivided",Phanerozoic | Paleozoic | Cambrian Ordovician,"Ordovician and Cambrian rocks, undivided; includes Bliss Sandstone, El Paso Formation, and Montoya Formation (or Group)",,,NM002,sedimentary rock,,,NM002 ,
NM  ,O_p,OCAp,OCAp;0,NMOCAp;0,0,,Ordovician to Cambrian plutonic rocks of Florida Mountains,Phanerozoic | Paleozoic | Cambrian Ordovician,Ordovician-Cambrian plutonic rocks of Florida Mountains,,,NM002,plutonic rock (phaneritic),,,NM002 ,
NM  ,Pa,Pa,Pa;0,NMPa;0,0,,Abo Formation,Phanerozoic | Paleozoic | Permian,"Abo Formation; red beds, arkosic at base, finer and more mature above; Wolfcampian; may include limestone beds of Pennsylvanian age (Virgilian) in Zuni Mountains. In Robledo Mountains the Abo may be considered a member of the Hueco Formation",,"Reference NM008 only indicates: sandstone, shale, and conglomerate.",NM002,sandstone,shale,conglomerate; limestone,NM002 NM008 ,
NM  ,&,PA,PA;0,NMPA;0,0,,"Pennsylvanian rocks, undivided",Phanerozoic | Paleozoic | Carboniferous Pennsylvanian,"Pennsylvanian rocks, undivided; in Sangre de Cristo Mountains may include Sandia Formation, Madera Limestone, La Pasada, Alamitos, and Flechado Formations; elsewhere may include Bar-B, Nakaye, Red House, Oswaldo, and Syrena Formations",,,NM002,sedimentary rock,medium-grained mixed clastic,carbonate,NM002 ,
NM  ,&m,PAm,PAm;0,NMPAm;0,0,,Madera Formation,Phanerozoic | Paleozoic | Carboniferous Pennsylvanian,"Madera Formation (Limestone, or Group); in Manzano Mountains includes Los Moyos Limestone and Wild Cow Formation; in Lucero Mesa includes Gray Mesa, Atrasdo, and Red Tanks Members; in Sacramento Mountains includes Beeman and Holder Formations; may include strata lumped as Magdalena Group in a few areas",,"Reference NM008: mostly limestone, lesser shale, sandstone, and siltstone.",NM002,limestone,fine-grained mixed clastic,,NM002 ,
NM  ,&me,PAme,PAme;0,NMPAme;0,0,,"Madera Limestone, exotic blocks",Phanerozoic | Paleozoic | Carboniferous Pennsylvanian,"Madera Limestone, exotic blocks; present only in the Chloride area of Sierra County",,,NM002,limestone,,,NM002 ,
NM  ,&ps,PAps,PAps;0,NMPAps;0,0,,Panther Seep Formation,Phanerozoic | Paleozoic | Carboniferous Pennsylvanian,"Panther Seep Formation; Organ, Franklin, and San Andres Mountains ",,Reference NM008 suggests mostly sandstone.,NM002,fine-grained mixed clastic,limestone,evaporite,NM002 NM008 ,
NM  ,&s,PAs,PAs;0,NMPAs;0,0,,Sandia Formation,Phanerozoic | Paleozoic | Carboniferous Pennsylvanian,"Sandia Formation; predominately clastic unit (commonly arkosic) with minor black shales, and limestone in lower part; locally includes Osha Canyon Formation in Nacimiento Mountains",,,NM002,sandstone,shale,limestone; conglomerate,NM002 ,
NM  ,Pat,Pat,Pat;0,NMPat;0,0,,Artesia Group,Phanerozoic | Paleozoic | Permian,"Artesia Group; shelf facies forming broad south-southeast trending outcrop from Glorieta to Artesia area; includes Grayburg, Queen, Seven Rivers, Yates, and Tansill Formations; Guadalupian. May locally include Moenkopi Formation (Triassic) at top",,"The Artesia is distinguishable from Moenkopi by its finer grain size, absence of conglomerate, predominance of brown, sandy siltstone. Contains: dolomite, sandstone, anhydrite, siltstone.",NM002,fine-grained mixed clastic,dolostone (dolomite),evaporite,NM002 NM003 NM008 ,
NM  ,Pau,Pau,Pau;0,NMPau;0,0,,"Abo Formation, upper part",Phanerozoic | Paleozoic | Permian,Upper part of Abo Formation; Wolfcampian,,,NM002,sandstone,shale,,NM002 ,
NM  ,Pay,Pay,Pay;0,NMPay;0,0,,Abo and Yeso Formations,Phanerozoic | Paleozoic | Permian,"Abo and Yeso Formations, undivided",,,NM002,sandstone,fine-grained mixed clastic,limestone; conglomerate,NM002 ,
NM  ,Pbc,Pbc,Pbc;0,NMPbc;0,0,,Bell Canyon Formation,Phanerozoic | Paleozoic | Permian,"Bell Canyon Formation; basin facies-sandstone, limestone, and shale; Guadalupian",,,NM002,sandstone,limestone,shale,NM002 ,
NM  ,Pc,Pc,Pc;0,NMPc;0,0,,Castile Formation,Phanerozoic | Paleozoic | Permian,Castile Formation; dominantly anhydrite sequence; Upper Permian,,,NM002,evaporite,limestone,,NM002 ,
NM  ,Pcc,Pcc,Pcc;0,NMPcc;0,0,,Cherry Canyon Formation,Phanerozoic | Paleozoic | Permian,"Cherry Canyon Formation; basin facies-sandstone, limestone, and shale",,Mostly limestone.,NM002,sandstone,limestone,shale,NM002 NM008 ,
NM  ,Pco,Pco,Pco;0,NMPco;0,0,,Cutoff Shale,Phanerozoic | Paleozoic | Permian,Cutoff Shale; in Brokeoff Mountains only,,,NM002,shale,,,NM002 ,
NM  ,Pcp,Pcp,Pcp;0,NMPcp;0,0,,Capitan Formation,Phanerozoic | Paleozoic | Permian,Capitan Formation; Upper Guadalupian age limestone (reef facies) ,,Limestone to dolomite.,NM002,carbonate,,,NM002 NM008 ,
NM  ,Pct,Pct,Pct;0,NMPct;0,0,,Cutler Formation,Phanerozoic | Paleozoic | Permian,Cutler Formation; used in northern areas and Chama embayment only,, ,NM002,sandstone,medium-grained mixed clastic,limestone,NM002 NM008 ,
NM  ,Pg,Pg,Pg;0,NMPg;0,0,,Glorieta Sandstone,Phanerozoic | Paleozoic | Permian,"Glorieta Sandstone; texturally and mineralogically mature, high-silica quartz sandstone",,,NM002,sandstone,,,NM002 ,
NM  ,Pqm,Pqm,Pqm;0,NMPqm;0,0,,Quartermaster Formation,Phanerozoic | Paleozoic | Permian,Quartermaster Formation; red sandstone and siltstone; Upper Permian,,,NM002,sandstone,mudstone,evaporite,NM002 ,
NM  ,Pr,Pr,Pr;0,NMPr;0,0,,Rustler Formation,Phanerozoic | Paleozoic | Permian,"Rustler Formation; siltstone, gypsum, sandstone, and dolomite; Upper Permian",,Limestone is the major component.,NM002,carbonate,fine-grained mixed clastic,evaporite,NM002 NM008 ,
NM  ,Psa,Psa,Psa;0,NMPsa;0,0,,San Andres Formation,Phanerozoic | Paleozoic | Permian,"San Andres Formation; limestone and dolomite with minor shale; Guadalupian in south, in part Leonardian to north",,"Limesone (dolomite in north), sandstone, gypsum/evaporites, redbeds.",NM002,carbonate,fine-grained mixed clastic,evaporite,NM002 NM008 ,
NM  ,Psg,Psg,Psg;0,NMPsg;0,0,,San Andres Limestone and Glorieta Sandstone,Phanerozoic | Paleozoic | Permian,San Andres Limestone and Glorieta Sandstone; Guadalupian and Leonardian,,"San Adreas Limestone is mostly carbonate, fine-grained mixed clastics, evaporites. Glorieta Sandstone is sandstone.",NM002,fine-grained mixed clastic,carbonate,evaporite,NM002 NM008 ,
NM  ,Psr,Psr,Psr;0,NMPsr;0,0,,Seven Rivers Formation,Phanerozoic | Paleozoic | Permian,"Seven Rivers Formation; gypsum, anhydrite, salt, dolomite, and siltstone; Guadalupian",,"Anhydrite with interbeds of shale, dolomite, siltstone, and sandstone.",NM002,evaporite,fine-grained mixed clastic,dolostone (dolomite),NM002 NM008 ,
NM  ,Pty,Pty,Pty;0,NMPty;0,0,,Yates and Tansill Formations,Phanerozoic | Paleozoic | Permian,"Yates and Tansill Formations; sandstone, siltstone, limestone, dolomite, and anhydrite; Guadalupian",Yates and Tansill Formations of Artesia Group,,NM002,fine-grained mixed clastic,carbonate,evaporite,NM002 ,
NM  ,Pvp,Pvp,Pvp;0,NMPvp;0,0,,Victoria Peak Limestone,Phanerozoic | Paleozoic | Permian,Victorio Peak Limestone; in Brokeoff Mountains only ,,,NM002,limestone,,,NM002 ,
NM  ,Py,Py,Py;0,NMPy;0,0,,Yesa Formation,Phanerozoic | Paleozoic | Permian,"Yeso Formation; sandstones, siltstones, anhydrite, gypsum, halite, and dolomite; Leonardian",,"Sandstone, limestone, shale, siltstone, gypsum. ",NM002,sandstone,limestone,mudstone; evaporite,NM002 NM008 ,
NM  ,Pys,Pys,Pys;0,NMPys;0,0,,"Yeso, Glorieta, and San Andres Formations, undivided",Phanerozoic | Paleozoic | Permian,"Yeso, Glorieta and San Andres Formations, undivided",,,NM002,sandstone,carbonate,fine-grained mixed clastic; evaporite,NM002 ,
NM  ,Qb,Qb,Qb;0,NMQb;0,0,,basalt and andesite flows and vent deposits,Phanerozoic | Cenozoic | Quaternary,Basalt and andesite flows and locally vent deposits ,,,NM002,andesite,basalt,,NM002 ,
NM  ,Qbo,Qbo,Qbo;0,NMQbo;0,0,,basalt or basaltic andesite,Phanerozoic | Cenozoic | Quaternary,Basalt or basaltic andesite; middle and lower Pleistocene,,,NM002,basalt,mafic volcanic rock,intermediate volcanic rock,NM002 ,
NM  ,Qbt,Qbt,Qbt;0,NMQbt;0,0,,Bandelier Tuff,Phanerozoic | Cenozoic | Quaternary,Bandelier Tuff; Jemez Mountains area only,,"Desciption in GEOLEX (USGS DDS-6) implies rhyolite and mostly ash-flow. Bandelier Tuff is in the Tewa Group. Tewa Group Valles Rhylite Cerro Ribio Quartz Latite Cerro Toledo Rhyolite Bandelier Tuff Bandelier further subdivided into 2 members: Tshirege Member- 1.0 my Otowi Member Guaje Member 1.4 my from GEOLEX ""Bandelier Tuff"" mostly rhyolite tuff with pumice esp. at base.",NM002,rhyolite,tuff,pumice,NM002 NM003 ,
NM  ,Qd,Qd,Qd;0,NMQd;0,0,,glacial deposits,Phanerozoic | Cenozoic | Quaternary,Glacial deposits; till and outwash: upper and middle Pleistocene,,,NM002,till,stratified glacial sediment,,NM002 ,
NM  ,Qe; Qe/QTs; Qe/QTsf; Qe/Qa; Qe/Qp; Qe/Qpl; Qe/Tnb,Qe,Qe;0,NMQe;0,0,,eolian deposits,Phanerozoic | Cenozoic | Quaternary,Eolian deposits,,,NM002,eolian,,,NM002 ,
NM  ,Qeg,Qeg,Qeg;0,NMQeg;0,0,,gypsiferous eolian deposits,Phanerozoic | Cenozoic | Quaternary,Gypsiferous eolian deposits,,,NM002,eolian,,,NM002 ,
NM  ,Ql; Ql/QTs,Ql,Ql;0,NMQl;0,0,,landslide deposits and colluvium,Phanerozoic | Cenozoic | Quaternary,Landslide deposits and colluvium,,,NM002,landslide,colluvium,,NM002 ,
NM  ,Qoa; Qoa/To,Qoa,Qoa;0,NMQoa;0,0,,older alluvial deposits of upland plains and piedmont areas,Phanerozoic | Cenozoic | Quaternary,"Older alluvial deposits of upland plains and piedmont areas, and calcic soils and eolian cover sediments of High Plains region; includes scattered lacustrine, playa, and alluvial deposits of the Tahoka, Double Tanks, Tule, Blanco, Blackwater Draw, and Gatuna Formations, the latter of which may be Pliocene at base; outcrops, however, are basically of Quaternary deposits; upper Quaternary to uppermost Pliocene(?)","Tahoka Formation, Double Tanks Formation, Tule Formation, Blanco Formation, Blackwater Draw Formation, Gatuna Formation",Blackwater Draw--sand Gatuna Formation--mostly sandstone. middle part is conglomerate,NM002,alluvium,,,NM002 ,
NM  ,Qp; Qp/QTs; Qp/QTsf,Qp,Qp;0,NMQp;0,0,,piedmont alluvial deposits,Phanerozoic | Cenozoic | Quaternary,"Piedmont alluvial deposits: upper and middle Quaternary; includes deposits of higher gradient tributaries bordering major stream valleys, alluvial veneers of the piedmont slope, and alluvial fans ",,,NM002,alluvium,,,NM002 ,
NM  ,Playa,playa,playa;0,NMplaya;0,0,,playa,None,,,,NM002,playa,,,NM002 ,
NM  ,Qpl,Qpl,Qpl;0,NMQpl;0,0,,lacustrine and playa-lake deposits,Phanerozoic | Cenozoic | Quaternary,Lacustrine and playa-lake deposits; includes associated alluvial and eolian deposits of major lake basins; upper Quaternary,,Two lithologies--lacustine and playa,NM002,lake or marine deposit (non-glacial),alluvium,eolian,NM002 ,
NM  ,Qr,Qr,Qr;0,NMQr;0,0,,silicic volcanic rocks,Phanerozoic | Cenozoic | Quaternary,Silicic volcanic rocks,,,NM002,volcanic rock (aphanitic),,,NM002 ,
NM  ,QTb,QTb,QTb;0,NMQTb;0,0,,basaltic and andesitic volcanics interbedded with sedimentary units,Phanerozoic | Cenozoic | Tertiary Quaternary,Basaltic and andesitic volcanics interbedded with Pleistocene and Pliocene sedimentary units,,,NM002,basalt,andesite,sedimentary rock,NM002 ,
NM  ,Tla,Tla,Tla;0,NMTla;0,0,,andesite and basaltic andesite flows and associated volcaniclastic units,Phanerozoic | Cenozoic | Tertiary,"Lower Tertiary, (Lower Oligocene and Eocene) andesite and basaltic andesite flows, and associated volcaniclastic units. Includes Rubio Peak Formation, and andesite of Dry Leggett Canyon",,,NM002,andesite,basalt,intermediate volcanic rock; mafic volcanic rock; mixed clastic/volcanic ,NM002 ,
NM  ,Tli,Tli,Tli;0,NMTli;0,0,,"quartz monzonites, intermediate intrusives, and other intermediate felsic dikes and plugs",Phanerozoic | Cenozoic | Tertiary,"Quartz monzonites (Eocene) in the Silver City and Los Pinos Range, intermediate intrusives of the Cooke's Range (Oligocene), and other intermediate to felsic dikes and plugs of Oligocene and Eocene age",,,NM002,quartz monzonite,granitoid,,NM002 ,
NM  ,Tlp,Tlp,Tlp;0,NMTlp;0,0,,Los Pinos Formation of Lower Santa Fe Group,Phanerozoic | Cenozoic | Tertiary,"Los Pinos Formation of Lower Santa Fe Group (Miocene and upper Oligocene); includes Carson Conglomerate (Dane and Bachman, 1965) in Tusas Mountains-San Luis Basin area",,,NM002,unconsolidated deposit,sand,gravel; basalt,NM002 NM003 ,
NM  ,QTg,QTg,QTg;0,NMQTg;0,0,,Gila Group,Phanerozoic | Cenozoic | Tertiary Quaternary,Gila Group. Includes Mimbres Formation and several informal units in southwestern basins; Middle Pleistocene to uppermost Oligocene,"Gila Formation, Mimbres Formation, Mimbres Conglomerate","Gila Formation or Gila Group (ref. no. NM003): Conglomerate, sandstone, and basalt Summary Mimbre Formation (Ref NM004): First use of name; shown on chart only. Origin of name not stated. Intent to name not stated and no type locality designated. Area of report is the Santa Rita quadrangle, Grant Co, NM in Basin-and-Range province. Unconformably underlies Pleistocene and Holocene alluvium; unconformably overlies Miocene? lava flows. Consists of consolidated and deformed sand, gravel, silt, and clay, with interbedded basalt flows in the desert flat south of the district, and north and east of the quadrangle. Is 1,000 +/-ft thick. Is of Miocene?-Pliocene age. Summary Mimbre Formation (Ref NM005): Mimbres revised in report area, Massacre quadrangle, Luna Co, NM, Basin-and-Range province--author proposes that unit be used informally as ""Mimbres formation"" and restricted to the closed Mimbres basin. [Clemons proposal is specifically contrary to the North American Stratigraphic Code (1983, Article 30, Remarks (h), p. 859) which states, ""Geographic names should be combined with the terms ""formation"" or ""group"" only in formal nomenclature.""] Name ""Mimbres conglomerate"" was introduced by Hernon and others (1953) but was later dropped in favor of either Gila Conglomerate or Santa Fe Group. On geologic map informal Mimbres is described as having two facies (descending): 1) a piedmont-slope facies; fan gravel and fanglomerate with interbedded sandy zones; includes thin erosion-surface veneers near mountain fronts; upper layers contain thick carbonate accumulations (caliche); thickness to 40 ft; Pleistocene age; and 2) a facies similar to the first, except it contains more intensely weathered boulders and thicker carbonate zones and is often preserved in higher level terrace remnants than those composed of first facies; Pliocene-Pleistocene age. This is an age modification--Hernon and others (1953) gave an age of Miocene?-Pliocene; author gives an age of Pliocene to Pleistocene. [Possibly this is also a lithologic redescription--original description was so sketchy, it's difficult to tell.] Geologic map. ",NM002,conglomerate,sandstone,basalt,NM002 NM003 NM004 NM005 ,
NM  ,QTp,QTp,QTp;0,NMQTp;0,0,,older piedmont alluvial deposits and shallow basin fill,Phanerozoic | Cenozoic | Tertiary Quaternary,"Older piedmont alluvial deposits and shallow basin fill; includes Quemado Formation and in northeast, high level pediment gravels",Quemado Formation,,NM002,alluvium,unconsolidated deposit,,NM002 ,
NM  ,QTs,QTs,QTs;0,NMQTs;0,0,,Upper Santa Fe Group,Phanerozoic | Cenozoic | Tertiary Quaternary,"Upper Santa Fe Group. Includes Camp Rice, Fort Hancock, Palomas, Sierra Ladrones, Ancha, Puye, and Alamosa Formations; middle Pleistocene to uppermost Miocene","Camp Rice Formation, Fort Hancock Formation, Palomas Formation, Sierra Ladrones Formation, Ancha Fromation, Puye Formation, Alamosa Formation","Summary Fort Hancock Formation (Ref. no. NM006): Mapped in Cerro de Cristo Rey, Dona Ana Co, NM, Orogrande basin and Chihuahua, MX. Consists of basal conglomerate and interbedded sand and clay beds; cobbles and boulders are mainly andesite on north and east sides of Cristo Rey and mainly felsite on south side. Basal conglomerate forms most of unit in map area. Thickness variable but generally in tens of ft in map area. Forms valley fill on east side of Franklin Mountains northeast of study area and where Fort Hancock may be as thick as 9000 ft. Deposits are lake and fluvial sediments that cover all pre-Cenozoic rocks of region except for those around local intrusions and in Franklin Mountains. Cross sections. Tertiary (Blancan) and Quaternary age based on fossils (Strain, 1973, pers. comm.) [fossils not discussed]. Summary Fort Hancock Formation (Ref. no. NM007): Name Palomas Gravel changed to Palomas Formation because of its varied lithology and assigned to the Santa Fe Group. A composite type section designated as the sections measured in NE1/4 SW1/4 sec 33, T14S, R4W; NW1/4 NW1/4 sec 30, T14S, R4W; and secs 3 and 4, T14S, R4W, Sierra Co, NM. Name Palomas applied to all ""upper Santa Fe Group"" deposits in the Palomas, Engle, and San Marcial basins in southern part of the Rio Grande rift between San Marcial and Derry, Sierra Co, NM in the Orogrande basin. Ranges in area from 100 to 131 m thick. Two facies mapped: piedmont facies with a proximal subfacies of brown, poorly sorted, lenticular to weakly stratified fanglomerates and fan gravels, distal subfacies of brown sandy silt, conglomerate, clay, and a medial subfacies between the two, and 2) axial-river facies of cross-stratified sandstone, sand, and pebble conglomerate, gravel, and clay lenses. Thickest section at type is brown to gray, poorly to moderately sorted, massive conglomerate of tuff, basalt, rhyolite, andesite clasts up to 40 cm long, brown silt and clay, brown, medium-grained, well-sorted, trough cross-bedded sand. Correlated with Sierra Ladrones Formation to north and Camp Rice Formation to south. Has a range about 5 Ma to 400,000 yrs. ",NM002,clastic,unconsolidated deposit,mixed clastic/volcanic,NM002 NM006 NM007 ,
NM  ,QTsf,QTsf,QTsf;0,NMQTsf;0,0,,Santa Fe Group,Phanerozoic | Cenozoic | Tertiary Quaternary,"Santa Fe Group, undivided. Basin fill of Rio Grande rift region; middle Pleistocene to uppermost Oligocene",,,NM002,clastic,carbonate,lava flow; andesite,NM002 ,
NM  ,Qv,Qv,Qv;0,NMQv;0,0,,basaltic volcanics,Phanerozoic | Cenozoic | Quaternary,"Basaltic volcanics; tuff rings, cinders, and proximal lavas",,,NM002,basalt,pyroclastic,,NM002 ,
NM  ,Qvr,Qvr,Qvr;0,NMQvr;0,0,,Valles Rhyolite,Phanerozoic | Cenozoic | Quaternary,Valles Rhyolite; Jemez Mountains area only,,Descibed in GEOLEX (reference NM003) as rhyolite tuff Valles Rhyolite is upper part of Tewa Group Tewa Group Valles Rhylite Cerro Ribio Quartz Latite Cerro Toledo Rhyolite Bandelier Tuff Valles Rhyolite is subdivided into Banco Bonito El Cajete Battleship Rock Valle Grande Redondo Creeek Deer Canyon,NM002,rhyolite,felsic volcanic rock,,NM002 NM003 ,
NM  ,SO,SO,SO;0,NMSO;0,0,,"Silurian and Ordovician rocks, undivided",Phanerozoic | Paleozoic | Ordovician Silurian,"Silurian and Ordovician rocks, undivided",,,NM002,sedimentary rock,,,NM002 ,
NM  ,SO_,SOCA,SOCA;0,NMSOCA;0,0,,"Silurian through Cambrian rocks, undivided",Phanerozoic | Paleozoic | Cambrian Ordovician(?) Silurian,"Silurian through Cambrian rocks, undivided",,,NM002,sedimentary rock,,,NM002 ,
NM  ,Tc,Tc,Tc;0,NMTc;0,0,,Chuska Sandstone,Phanerozoic | Cenozoic | Tertiary,Chuska Sandstone; restricted to Chuska Mountains ,,,NM002,sandstone,,,NM002 ,
NM  ,Tfl,Tfl,Tfl;0,NMTfl;0,0,,Fence Lake Formation,Phanerozoic | Cenozoic | Tertiary,"Fence Lake Formation; conglomerate and conglomeratic sandstone, coarse fluvial volcanoclastic sediments, minor eolian facies, and pedogenic carbonates of the southern Colorado Plateau region; Miocene",,,NM002,sandstone,conglomerate,coarse-grained mixed clastic; mixed clastic/volcanic; eolian; mixed clastic/carbonate,NM002 ,
NM  ,Thb,Thb,Thb;0,NMThb;0,0,,Hinsdale Basalt,Phanerozoic | Cenozoic | Tertiary,Hinsdale Basalt; northern Taos and eastern Rio Arriba Counties; basalt flows interbedded with Los Pinos Formation,"Hinsdale Formation, Los Pinos Formation",Listed in NM003 as Hinsdale Formation and described as basalt to rhyolite. Alluvial deposits (sand/gravel) with basalt (NM003).,NM002,basalt,rhyolite,alluvium,NM002 ,
NM  ,Ti,Ti,Ti;0,NMTi;0,0,,intrusive rocks,Phanerozoic | Cenozoic | Tertiary,Tertiary intrusive rocks; undifferentiated,,,NM002,plutonic rock (phaneritic),,,NM002 ,
NM  ,Tif,Tif,Tif;0,NMTif;0,0,,felsic shallow-intrusive rocks,Phanerozoic | Cenozoic | Tertiary,Middle Tertiary felsic shallow-intrusive rocks; phonolites and trachytes of northeastern N.M.; includes the rhyolite of Ash Mountain,,hypabyssal,NM002,felsic volcanic rock,alkalic volcanic rock,phonolite; trachyte; rhyolite,NM002 ,
NM  ,TKav,TKav,TKav;0,NMTKav;0,0,,andesitic volcanics,Phanerozoic | Mesozoic Cenozoic | Cretaceous Tertiary,Andesitic volcanics,,,NM002,andesite,intermediate volcanic rock,,NM002 ,
NM  ,TKr,TKr,TKr;0,NMTKr;0,0,,Raton Formation,Phanerozoic | Mesozoic Cenozoic | Cretaceous Tertiary,Raton Formation; in Raton Basin; unit contains conformable K/T boundary,,,NM002,sandstone,mudstone,coal; conglomerate,NM002 ,
NM  ,Tlrf,Tlrf,Tlrf;0,NMTlrf;0,0,,"silicic flows, domes, and associated pyroclastic rocks",Phanerozoic | Cenozoic | Tertiary,"Lower Oligocene silicic (or felsic) flows, domes, and associated pyroclastic rocks and intrusions; includes Mimbres Peak Formation",,,NM002,lava flow,tuff,felsic volcanic rock; conglomerate; pyroclastic,NM002 ,
NM  ,Tlrp,Tlrp,Tlrp;0,NMTlrp;0,0,,silicic pyroclastic rocks,Phanerozoic | Cenozoic | Tertiary,"Lower Oligocene silicic pyroclastic rocks (ash-flow tuffs); includes Hell's Mesa, Kneeling Nun, lower part of Bell Top Formation, Caballo Blanco, Datil Well, Leyba Well, Rock House Canyon, Blue Canyon, Sugarlump and Tadpole Ridge Tuffs, the tuffs of the Organ cauldron, Treasure Mountain Tuff (now known as Chiquito Peak Tuff), Bluff Creek Tuff, Oak Creek Tuff, tuff of Steins Mountain, tuff of Black Bill Canyon, tuff of Farr Ranch, Woodhaul Canyon, Gillespie and Box Canyon Tuffs, Cooney Tuff, and other volcanic and interbedded fluvial and pumiceous units; (31-36.5 Ma)",,,NM002,pyroclastic,tuff,felsic volcanic rock; volcanic rock (aphanitic); mixed clastic/volcanic,NM002 ,
NM  ,Tlv,Tlv,Tlv;0,NMTlv;0,0,,"volcanic rocks, lower Oligocene and Eocene",Phanerozoic | Cenozoic | Tertiary,"Lower Oligocene and Eocene volcanic rocks, undifferentiated; dominantly intermediate composition, with interbedded volcaniclastic rocks; (31-44 Ma)",,,NM002,volcanic rock (aphanitic),intermediate volcanic rock,mixed clastic/volcanic,NM002 ,
NM  ,Tmb,Tmb,Tmb;0,NMTmb;0,0,,"basalt and andesite flows, Miocene",Phanerozoic | Cenozoic | Tertiary,Basalt and andesite flows; Miocene,,,NM002,basalt,andesite,,NM002 ,
NM  ,Tn,Tn,Tn;0,NMTn;0,0,,Nacimiento Formation,Phanerozoic | Cenozoic | Tertiary,"Nacimiento Formation; Paleocene, San Juan Basin",,,NM002,sandstone,shale,conglomerate,NM002 ,
NM  ,Tnb,Tnb,Tnb;0,NMTnb;0,0,,"basalt and andesite flows, Neogene",Phanerozoic | Cenozoic | Tertiary,Basalt and andesite flows; Neogene. Includes flows interbedded with Santa Fe and Gila Groups,,,NM002,basalt,andesite,,NM002 ,
NM  ,Tnr,Tnr,Tnr;0,NMTnr;0,0,,silicic to intermediate volcanic rocks,Phanerozoic | Cenozoic | Tertiary,Silicic to intermediate volcanic rocks; mainly quartz latite and rhyolite Neogene; may locally include flows interbedded with Santa Fe Group,,,NM002,felsic volcanic rock,intermediate volcanic rock,,NM002 ,
NM  ,Tnv,Tnv,Tnv;0,NMTnv;0,0,,"volcanic rocks, Neogene",Phanerozoic | Cenozoic | Tertiary,Neogene volcanic rocks; primarily in Jemez Mountains ,,,NM002,volcanic rock (aphanitic),,,NM002 ,
NM  ,To,To,To;0,NMTo;0,0,,Ogallala Formation,Phanerozoic | Cenozoic | Tertiary,"Ogallala Formation, alluvial and eolian deposits, and petrocalcic soils of the southern High Plains; Lower Pliocene to middle Miocene (locally includes unit Qoa)",,,NM002,alluvium,eolian,carbonate,NM002 ,
NM  ,Toa,Toa,Toa;0,NMToa;0,0,,Ojo Alamo Formation,Phanerozoic | Cenozoic | Tertiary,"Ojo Alamo Formation; Paleocene, San Juan Basin",,,NM002,sandstone,shale,conglomerate,NM002 ,
NM  ,Tos,Tos,Tos;0,NMTos;0,0,,sedimentary and vocaniclastic sedimentary rocks,Phanerozoic | Cenozoic | Tertiary,"Mostly Oligocene and upper Eocene sedimentary and volcaniclastic sedimentary rocks with local andesitic to intermediate volcanics; includes Espinaso, Spears, Bell Top, and Palm Park Formations",,,NM002,clastic,mixed clastic/volcanic,volcanic rock (aphanitic); unconsolidated deposit,NM002 ,
NM  ,Tpb,Tpb,Tpb;0,NMTpb;0,0,,"basalt and andesite flows, Pliocene",Phanerozoic | Cenozoic | Tertiary,Basalt and andesite flows; Pliocene,,,NM002,basalt,andesite,,NM002 ,
NM  ,Tpc,Tpc,Tpc;0,NMTpc;0,0,,Poison Canyon Formation,Phanerozoic | Cenozoic | Tertiary,"Poison Canyon Formation; Paleocene, Raton Basin",,,NM002,sandstone,,,NM002 ,
NM  ,Tps,Tps,Tps;0,NMTps;0,0,,"sedimentary units, Palogene",Phanerozoic | Cenozoic | Tertiary,"Paleogene sedimentary units; includes Baca, Galisteo, El Rito, Blanco Basin, Love Ranch, Lobo, Sanders Canyon, Skunk Ranch, Timberlake, and Cub Mountain Formations",,,NM002,medium-grained mixed clastic,tuff,limestone; sand; clay or mud,NM002 ,
NM  ,@,TR,TR;0,NMTR;0,0,,continental red beds,Phanerozoic | Mesozoic | Triassic,"Triassic rocks, undivided; continental red beds",,,NM002,medium-grained mixed clastic,,,NM002 ,
NM  ,@b,TRb,TRb;0,NMTRb;0,0,,Bull Canyon Formation of Chinle Group,Phanerozoic | Mesozoic | Triassic,Bull Canyon Formation; Norian,,"80% mudstone, 16% sandstone, 4% siltstone and conglomerate",NM002,mudstone,sandstone,conglomerate,NM002 NM003 NM008 ,
NM  ,@c,TRc,TRc;0,NMTRc;0,0,,Chinle Group,Phanerozoic | Mesozoic | Triassic,Chinle Group; Upper Triassic; includes Moenkopi Formation (Middle Triassic) at base in many areas; in eastern part of state the following five formations are mapped:,"San Pedro Arroyo Formation, Santa Rosa Formation, Shinarump Formation ",,NM002,medium-grained mixed clastic,fine-grained mixed clastic,limestone; chert; evaporite,NM002 NM008 ,
NM  ,@cu,TRcu,TRcu;0,NMTRcu;0,0,,"upper Chinle Group (Garita Creek, Trujillo, Bull Canyon, and Redonda Formations)",Phanerozoic | Mesozoic | Triassic,"Upper Chinle Group, Garita Creek through Redonda Formations, undivided",,,NM002,medium-grained mixed clastic,fine-grained mixed clastic,limestone,NM002 ,
NM  ,@g,TRg,TRg;0,NMTRg;0,0,,Garita Creek Formation of Chinle Group,Phanerozoic | Mesozoic | Triassic,Garita Creek Formation; Carnian,,"Mostly mudstone, 25% sandstone, 2% conglomerate",NM002,mudstone,sandstone,conglomerate,NM002 NM008 ,
NM  ,@m,TRm,TRm;0,NMTRm;0,0,,Moenkopi Formation,Phanerozoic | Mesozoic | Triassic,Moenkopi Formation; Middle Triassic,,,NM002,sandstone,mudstone,conglomerate,NM002 ,
NM  ,@r,TRr,TRr;0,NMTRr;0,0,,Redonda Formation of Chinle Group,Phanerozoic | Mesozoic | Triassic,Redonda Formation,Redonda Formation of Chinle Group,,NM002,sandstone,mudstone,limestone,NM002 ,
NM  ,Tual,Tual,Tual;0,NMTual;0,0,,andesites and basaltic andesites,Phanerozoic | Cenozoic | Tertiary,"Upper Oligocene andesites and basaltic andesites (26-29 Ma); includes La Jara Peak Basaltic Andesite, Uvas Basalt, the basaltic andesite of Poverty Creek, and Squirrel Springs Andesite, the Razorback, Bear Springs Canyon, Salt Creek, Gila Flat, and Middle Mountain Formations, and the Alum Mountain Group; locally includes more silicic flows",,,NM002,andesite,basalt,intermediate volcanic rock; mafic volcanic rock; felsic volcanic rock; rhyolite,NM002 ,
NM  ,Tui,Tui,Tui;0,NMTui;0,0,,silicic to intermediate intrusive rocks,Phanerozoic | Cenozoic | Tertiary,"Miocene to Oligocene silicic to intermediate intrusive rocks; dikes, stocks, plugs, and diatremes ",,silicic to intermediate intrusive rock,NM002,plutonic rock (phaneritic),,,NM002 ,
NM  ,Tuim,Tuim,Tuim;0,NMTuim;0,0,,mafic intrusive rocks,Phanerozoic | Cenozoic | Tertiary,Upper and Middle Tertiary mafic intrusive rocks,,mafic intrusive rock,NM002,plutonic rock (phaneritic),,,NM002 ,
NM  ,Turp,Turp,Turp;0,NMTurp;0,0,,rhyolitic pyroclastic rocks,Phanerozoic | Cenozoic | Tertiary,"Upper Oligocene rhyolitic pyroclastic rocks (ash-flow tuffs); includes Davis Canyon Tuff, South Crosby Peak Formation, La Jencia, Vick's Peak, Lemitar, South Canyon, Bloodgood Canyon, Shelley Peak Tuffs, tuff of Horseshoe Canyon, Park Tuff, Rhyolite Canyon Tuff, Apache Springs Tuff, Diamond Creek, Jordan Canyon, Garcia Camp Tuffs, the Turkey Springs Tuff, the tuff of Little Mineral Creek, the Amalia Tuff, and others. Some contain volcaniclastic and reworked volcaniclastic rocks, and eolian sandstone; (24-29 Ma)",,,NM002,tuff,pyroclastic,rhyolite; andesite; mixed clastic/volcanic; eolian ,NM002 ,
NM  ,Tus,Tus,Tus;0,NMTus;0,0,,upper Tertiary sedimentary units,Phanerozoic | Cenozoic | Tertiary,"Upper Tertiary sedimentary units; includes Bidahochi Formation, the Picuris Formation, and Las Feveras Formation, and locally fanglomerates; Pliocene to upper Miocene","Bidahochi Formation, Picuris Formation, Las Feveras Formation",,NM002,clastic,mixed clastic/volcanic,volcanic rock (aphanitic); unconsolidated deposit,NM002 ,
NM  ,Tuv,Tuv,Tuv;0,NMTuv;0,0,,volcanic and some volcaniclastic rocks,Phanerozoic | Cenozoic | Tertiary,"Volcanic and some volcaniclastic rocks, undifferentiated; lower Miocene and Upper Oligocene (younger than 29 Ma)",,,NM002,volcanic rock (aphanitic),mixed clastic/volcanic,,NM002 ,
NM  ,Water,water,water;0,NMwater;0,0,,water,None,,,,NM002,water,,,NM001 ,
NM  ,X,X,X;0,NMX;0,0,,"lower Proterozoic rocks, undivided",Proterozoic | Paleoproterozoic,"Lower Proterozoic rocks, undivided",,,NM002,indeterminate,,,NM002 ,
NM  ,Xm,Xm,Xm;0,NMXm;0,0,,metamorphic rocks,Proterozoic | Paleoproterozoic,"Lower Proterozoic metamorphic rocks, dominantly felsic volcanic, volcaniclastic and plutonic rocks (1650-1700+ Ma); includes Vadito Group; locally includes high-grade felsic gneisses of unknown age",,,NM002,felsic metavolcanic rock,plutonic rock (phaneritic),felsic gneiss,NM002 ,
NM  ,Xmo,Xmo,Xmo;0,NMXmo;0,0,,"mafic metamorphic rocks, lower Proterozoic",Proterozoic | Paleoproterozoic,"Lower Proterozoic metamorphic rocks, dominantly mafic (1720-1760 Ma)",,Protolith unknown (i.e. volcanic or plutonic). Assumed to be volcanic.,NM002,mafic metavolcanic rock,,,NM002 ,
NM  ,Xms,Xms,Xms;0,NMXms;0,0,,metasedimentary rocks,Proterozoic | Paleoproterozoic,Lower Proterozoic metasedimentary rocks (1650-1700 Ma). Essentially equivalent to Hondo Group; locally includes high-grade quartzite-pelitic schist of unknown age,,,NM002,metasedimentary rock,,,NM002 ,
NM  ,Xmu,Xmu,Xmu;0,NMXmu;0,0,,"metamorphic rocks, lower Proterozoic",Proterozoic | Paleoproterozoic,"Lower Proterozoic metamorphic rocks, undivided",,,NM002,metamorphic rock,,,NM002 ,
NM  ,Xp,Xp,Xp;0,NMXp;0,0,,"plutonic rocks, Lower Proterozoic",Proterozoic | Paleoproterozoic,Lower Proterozoic plutonic rocks (older than 1600 Ma),,,NM002,plutonic rock (phaneritic),,,NM002 ,
NM  ,Yi,Yi,Yi;0,NMYi;0,0,,"mafic dikes, diabase, metadiabase, metadiorite",Proterozoic | Mesoproterozoic,"Middle Proterozoic; mafic dikes, diabase, metadiabase, metadiorite mainly of Burro Mountains; age not well constrained",,,NM002,diorite,,,NM002 ,
NM  ,Yp,Yp,Yp;0,NMYp;0,0,,"plutonic rocks, middle Proterozoic",Proterozoic | Mesoproterozoic,Middle Proterozoic plutonic rocks (younger than 1600 Ma),,,NM002,plutonic rock (phaneritic),,,NM002 ,
NM  ,Ys,Ys,Ys;0,NMYs;0,0,,sedimentary rocks of the Sacramento Mountains,Proterozoic | Mesoproterozoic,Middle Proterozoic sedimentary rocks of the Sacramento Mountains,,,NM002,metasedimentary rock,,,NM002 ,
NM  ,YXp,YXp,YXp;0,NMYXp;0,0,,"plutonic rocks, middle and lower Proterozoic",Proterozoic | Paleoproterozoic Mesoproterozoic,"Middle and Lower Proterozoic plutonic rocks, undivided",,,NM002,plutonic rock (phaneritic),,,NM002 ,
NM  ,Ki,Ki,Ki;0,NMKi;0,0,,"intrusive rocks, uppermost Cretaceous",Phanerozoic | Mesozoic | Cretaceous,Uppermost Cretaceous intrusive rocks; restricted to Copper Flats area in Sierra County,,No information at all on composition.,NM002,plutonic rock (phaneritic),,,NM002 ,
NM  ,Zi,Zi,Zi;0,NMZi;0,0,,"mafic dikes, upper Proterozoic",Proterozoic | Neoproterozoic,Upper Proterozoic; mafic dikes,,Not clear if they are deep or shallow emplacement - assume these are diorite (see the next map unit).,NM002,diorite,,,NM002 ,
NM  ,Pb,Pb,Pb;0,NMPb;0,0,,Bursum Formation,Phanerozoic | Paleozoic | Permian,"Bursum Formation; shale, arkose, and limestone; earliest Permian ",,,NM002,shale,sandstone,conglomerate; limestone,NM002 ,
