unit_link,lith_rank,lith1,lith2,lith3,lith4,lith5,low_lith,lith_form,lith_com
UTK2;5,Major,Sedimentary,Clastic,Mudstone,,,Mudstone,Bed, 
UTK2;5,Major,Sedimentary,Clastic,Conglomerate,,,Conglomerate,Bed, 
UTK2;5,Incidental,Sedimentary,Coal,,,,Coal,Bed, 
UTK2;6,Major,Sedimentary,Clastic,Mudstone,Shale,,Shale,Bed, 
UTK2;6,Minor,Sedimentary,Clastic,Sandstone,,,Sandstone,Bed, 
UTK2;7,Major,Sedimentary,Clastic,Mudstone,Shale,,Shale,Bed, 
UTK2;7,Minor,Sedimentary,Clastic,Sandstone,,,Sandstone,Bed,prodelta ss 
UTK2;7,Incidental,Sedimentary,Carbonate,Limestone,,,Limestone,Bed, 
UTK2;8,Major,Sedimentary,Clastic,Mixed-clastic,Sandstone-mudstone,,Sandstone-mudstone,Bed,Straight Cliff Formation 
UTK2;8,Incidental,Sedimentary,Coal,,,,Coal,Bed,Straight Cliff Formation 
UTK2;8,Minor,Sedimentary,Clastic,Mudstone,Shale,Black-shale,Black-shale,Bed,Straight Creek Formation 
UTK2;8,Major,Sedimentary,Clastic,Sandstone,,,Sandstone,Bed,Wahweap Sandstone 
UTK3;3,Major,Sedimentary,Clastic,Conglomerate,,,Conglomerate,Bed,"Echo Canyon Conglomerate, top of Henefer "
UTK3;3,Major,Sedimentary,Clastic,Mixed-clastic,Sandstone-mudstone,,Sandstone-mudstone,Bed,Henefer Formation 
UTK3;3,Incidental,Sedimentary,Clastic,Siltstone,,,Siltstone,Bed,Henefer Formation 
UTK3;4,Major,Sedimentary,Clastic,Sandstone,,,Sandstone,Bed, 
UTK3;4,Minor,Sedimentary,Clastic,Siltstone,,,Siltstone,Bed, 
UTK3;4,Incidental,Sedimentary,Clastic,Conglomerate,,,Conglomerate,Bed, 
UTK3;5,Major,Sedimentary,Clastic,Sandstone,,,Sandstone,Bed, 
UTK3;5,Minor,Sedimentary,Clastic,Conglomerate,,,Conglomerate,Bed, 
UTK3;5,Major,Sedimentary,Clastic,Mudstone,,,Mudstone,Bed, 
UTK3;6,Major,Sedimentary,Clastic,Sandstone,,,Sandstone,Bed, 
UTK3;6,Minor,Sedimentary,Clastic,Mudstone,Shale,,Shale,Bed, 
UTK3;6,Incidental,Sedimentary,Coal,,,,Coal,Bed, 
UTK3;7,Major,Sedimentary,Clastic,Mixed-clastic,Sandstone-mudstone,,Sandstone-mudstone,Bed, 
UTK3;7,Minor,Sedimentary,Clastic,Mudstone,Shale,Black-shale,Black-shale,Bed, 
UTK3;7,Incidental,Sedimentary,Coal,,,,Coal,Bed, 
UTK3;7,Minor,Sedimentary,Clastic,Sandstone,,,Sandstone,Bed, 
UTK3;8,Major,Sedimentary,Clastic,Mixed-clastic,Sandstone-mudstone,,Sandstone-mudstone,Bed,"fluvial mudstone, siltstone, sandstone "
UTK3;8,Incidental,Sedimentary,Clastic,Siltstone,,,Siltstone,Bed,"fluvial mudstone, siltstone, sandstone "
UTM1;3,Major,Sedimentary,Carbonate,Limestone,,,Limestone,Coquina,fossiliferous; correlative with Joana Limestone 
UTM1;4,Major,Sedimentary,Carbonate,Limestone,,,Limestone,Coquina, 
UTM1;5,Major,Sedimentary,Carbonate,Limestone,,,Limestone,Bed, 
UTM1;5,Major,Sedimentary,Carbonate,Dolostone,,,Dolostone,Bed, 
UTM1;5,Incidental,Sedimentary,Chemical,Chert,,,Chert,Lens,in upper part of Gardison Limestone 
UTM1;6,Major,Sedimentary,Carbonate,Limestone,,,Limestone,Bed,cherty and locally dolomitic 
UTM1;8,Major,Sedimentary,Carbonate,Limestone,,,Limestone,Bed, 
UTM1;8,Incidental,Sedimentary,Chemical,Chert,,,Chert,Lens, 
UTM1;8,Minor,Sedimentary,Carbonate,Dolostone,,,Dolostone,Bed, 
UTM2;2,Major,Sedimentary,Carbonate,,,,Carbonate,Bed,limestone and dolostone about equal 
UTM2;2,Minor,Sedimentary,Clastic,Mixed-clastic,Sandstone-mudstone,,Sandstone-mudstone,Bed, 
UTM2;2,Incidental,Sedimentary,Clastic,Mudstone,Shale,Phosphatic-shale,Phosphatic-shale,Bed, 
UTM2;3,Major,Sedimentary,Carbonate,,,,Carbonate,Bed,limestone and dolomite 
UTM2;3,Minor,Sedimentary,Clastic,Sandstone,,,Sandstone,Bed, 
UTM2;3,Incidental,Sedimentary,Clastic,Mudstone,Shale,Phosphatic-shale,Phosphatic-shale,Bed, 
UTM2;3,Incidental,Sedimentary,Chemical,Chert,,,Chert,Lens, 
UTM2;4,Major,Sedimentary,Carbonate,Limestone,,,Limestone,Bed, 
UTM2;4,Minor,Sedimentary,Clastic,Sandstone,,,Sandstone,Bed, 
UTM2;4,Minor,Sedimentary,Carbonate,Dolostone,,,Dolostone,Bed, 
UTM2;4,Incidental,Sedimentary,Clastic,Mudstone,Shale,,Shale,Bed, 
UTM2;5,Major,Sedimentary,Carbonate,Limestone,,,Limestone,Bed, 
UTM2;5,Minor,Sedimentary,Clastic,Mixed-clastic,Sandstone-mudstone,,Sandstone-mudstone,Bed, 
UTM2;5,Incidental,Sedimentary,Clastic,Mudstone,Shale,Phosphatic-shale,Phosphatic-shale,Bed,at base of Deseret Limestone 
UTM2;6,Major,Sedimentary,Carbonate,Limestone,,,Limestone,Bed, 
UTM2;6,Major,Sedimentary,Clastic,Sandstone,,,Sandstone,Bed, 
UTM2;6,Incidental,Sedimentary,Clastic,Mudstone,Shale,,Shale,Bed, 
UTM2;6,Incidental,Sedimentary,Carbonate,Dolostone,,,Dolostone,Bed, 
UTM3;1,Major,Sedimentary,Clastic,Mudstone,Shale,,Shale,Bed, 
UTM3;2,Major,Sedimentary,Clastic,Mudstone,Shale,Black-shale,Black-shale,Bed,some reddish and greenish shale in lower part 
UTM3;2,Incidental,Sedimentary,Chemical,Chert,,,Chert,Lens, 
UTM3;2,Major,Sedimentary,Clastic,Mudstone,Shale,,Shale,Bed, 
UTM3;2,Minor,Sedimentary,Carbonate,Limestone,,,Limestone,Bed, 
UTM3;2,Incidental,Sedimentary,Carbonate,Dolostone,,,Dolostone,Bed, 
UTM3;4,Minor,Sedimentary,Clastic,Mudstone,Shale,Black-shale,Black-shale,Bed, 
UTpCAm;2,Minor,Metamorphic,Schist,,,,Schist,Amphibolite, 
UTpCAm;2,Incidental,Metamorphic,Amphibolite,,,,Amphibolite,Amphibolite, 
UTpCAm;2,Incidental,Metamorphic,Marble,,,,Marble,Amphibolite, 
UTpCAm;3,Major,Metamorphic,,,,,Metamorphic,Amphibolite,gneisses and schist 
UTpCAm;3,Minor,Igneous,Plutonic,,,,Plutonic,Dike or sill,"pegmatite, also small bodies "
UTpCAm;4,Major,Metamorphic,,,,,Metamorphic,Amphibolite,not well documented 
UTpCAm;5,Major,Metamorphic,,,,,Metamorphic,Amphibolite, 
UTpCAm;6,Major,Metamorphic,Quartzite,,,,Quartzite,Amphibolite, 
UTpCAm;6,Minor,Metamorphic,Amphibolite,,,,Amphibolite,Amphibolite, 
UTpCAm;6,Minor,Metamorphic,Schist,,,,Schist,Amphibolite, 
UTpCAm;7,Major,Metamorphic,,,,,Metamorphic,Amphibolite, 
UTpCAm;7,Minor,Igneous,Plutonic,,,,Plutonic,Pluton,and dikes and sills 
UTpCAm;7,Minor,Sedimentary,Clastic,Mudstone,,,Mudstone,Bed,the Cluar Group overlying metamorphic rocks 
UTpCAm;8,Major,Metamorphic,Schist,,,,Schist,Amphibolite,"schist and gneiss, amphibolite to granulite "
UTpCAm;8,Minor,Igneous,Plutonic,,,,Plutonic,Pluton,plutons and dikes and sills 
UTpCAs;1,Major,Metamorphic,Schist,,,,Schist,Amphibolite, 
UTpCAs;1,Minor,Metamorphic,Quartzite,,,,Quartzite,, 
UTpCAs;2,Minor,Sedimentary,Clastic,Conglomerate,,,Conglomerate,Bed,some diamictite 
UTpCAs;2,Major,Sedimentary,Clastic,Sandstone,Arenite,,Arenite,Bed, 
UTpCAs;2,Major,Sedimentary,Clastic,Mixed-clastic,Siltstone-mudstone,,Siltstone-mudstone,Bed, 
UTpCAs;2,Incidental,Igneous,Volcanic,Mafic-volcanic,Basalt,,Basalt,Flow,"flow, in Pocatello have identified basaltic volcaniclastic, basalt pillow lava "
UTpCAs;3,Major,Sedimentary,Clastic,Mixed-clastic,,,Mixed-clastic,Bed,"includes quartzite, diamictite, greenschist facies but sedimentary features preserved "
UTpCAs;4,Major,Sedimentary,Clastic,Conglomerate,,,Conglomerate,Bed,some diamictite 
UTpCAs;5,Major,Sedimentary,Clastic,Sandstone,Arenite,,Arenite,Bed, 
UTpCAs;5,Minor,Sedimentary,Clastic,Conglomerate,,,Conglomerate,Bed, 
UTpCAs;5,Minor,Sedimentary,Carbonate,Limestone,,,Limestone,Bed, 
UTpCAs;6,Major,Sedimentary,Clastic,Sandstone,Arenite,,Arenite,Bed, 
UTpCAs;6,Minor,Sedimentary,Clastic,Mixed-clastic,Siltstone-mudstone,,Siltstone-mudstone,Bed, 
UTpCAs;6,Minor,Sedimentary,Carbonate,Limestone,,,Limestone,Bed, 
UTpCAs;6,Minor,Sedimentary,Clastic,Mudstone,Shale,,Shale,Bed, 
UTpCAs;6,Minor,Sedimentary,Clastic,Conglomerate,,,Conglomerate,Bed, 
UTplaya;0,Major,Unconsolidated,Fine-detrital,Clay,,,Clay,Lacustrine, 
UTplaya;0,Major,Unconsolidated,Fine-detrital,Silt,,,Silt,Lacustrine, 
UTPPA;1,Major,Sedimentary,Carbonate,Limestone,,,Limestone,Bed, 
UTPPA;1,Major,Sedimentary,Clastic,Sandstone,,,Sandstone,Bed, 
UTPPA;2,Major,Sedimentary,Clastic,Sandstone,,,Sandstone,Bed, 
UTPPA;2,Major,Sedimentary,Carbonate,,,,Carbonate,Bed,limestone and dolostone 
UTPPA;3,Major,Sedimentary,Clastic,Sandstone,Arenite,,Arenite,Bed,some ss calcareous 
UTPPA;3,Incidental,Sedimentary,Carbonate,Limestone,,,Limestone,Bed, 
UTPPA;4,Major,Sedimentary,Clastic,Sandstone,,,Sandstone,Bed, 
UTPPA;4,Major,Sedimentary,Carbonate,Limestone,,,Limestone,Bed, 
UTPPA;5,Major,Sedimentary,Clastic,Sandstone,,,Sandstone,Bed,quartz-rich prodominant; also arkosic 
UTPPA;5,Minor,Sedimentary,Carbonate,Limestone,,,Limestone,Bed, 
UTPPA;5,Incidental,Sedimentary,Clastic,Mixed-clastic,,,Mixed-clastic,Bed,conglomerates near top 
UTPPA;6,Major,Sedimentary,Clastic,Sandstone,Arenite,,Arenite,Bed, 
UTPPA;7,Major,Sedimentary,Carbonate,Limestone,,,Limestone,Bed, 
UTPPA;7,Minor,Sedimentary,Clastic,Sandstone,,,Sandstone,Bed,eolian to coastal 
UTPPA;8,Major,Sedimentary,Carbonate,Limestone,,,Limestone,Bed, 
UTPPA;8,Major,Sedimentary,Carbonate,Dolostone,,,Dolostone,Bed, 
UTPPA;8,Major,Sedimentary,Clastic,Sandstone,,,Sandstone,Bed, 
UTQao;0,Major,Unconsolidated,Coarse-detrital,,,,Coarse-detrital,Alluvial, 
UTQao;0,Minor,Unconsolidated,Fine-detrital,,,,Fine-detrital,Alluvial, 
UTQb;0,Major,Igneous,Volcanic,Mafic-volcanic,Basalt,,Basalt,Flow, 
UTQb;0,Minor,Igneous,Volcanic,Mafic-volcanic,Basaltic-andesite,,Basaltic-andesite,Flow, 
UTQb;0,Incidental,Igneous,Volcanic,Felsic-volcanic,Rhyolite,,Rhyolite,Flow, 
UTQe;0,Minor,Unconsolidated,Fine-detrital,,,,Fine-detrital,Alluvial, 
UTQe;0,Major,Unconsolidated,Coarse-detrital,Sand,,,Sand,Eolian, 
UTQg;0,Major,Unconsolidated,,,,,Unconsolidated,Glacial,glacial drift 
UTQl;0,Major,Unconsolidated,Fine-detrital,Clay,,,Clay,Lacustrine, 
UTQl;0,Minor,Unconsolidated,Coarse-detrital,Sand,,,Sand,Lacustrine, 
UTQl;0,Minor,Unconsolidated,Coarse-detrital,Gravel,,,Gravel,Lacustrine, 
UTQl;0,Incidental,Igneous,Volcanic,,,,Volcanic,Pyroclastic, 
UTQls;0,Major,Unconsolidated,,,,,Unconsolidated,Landslide, 
UTQm;0,Major,Unconsolidated,Peat,,,,Peat,Lacustrine,marshes 
UTQr;0,Minor,Igneous,Volcanic,Felsic-volcanic,Rhyolite,,Rhyolite,Pyroclastic, 
UTQr;0,Major,Igneous,Volcanic,Felsic-volcanic,Rhyolite,,Rhyolite,Flow, 
UTQr;0,Minor,Igneous,Volcanic,Felsic-volcanic,Rhyolite,,Rhyolite,Dome, 
UTQs;0,Major,Unconsolidated,Fine-detrital,Clay,,,Clay,Lacustrine,mud and salt flats 
UTQa;0,Major,Unconsolidated,,,,,Unconsolidated,Alluvial, 
UTpCAs;4,Major,Metamorphic,,,,,Metamorphic,"Amphibolite, epidote-amphibolite","schist, quartzite and phyllite.  "
UTQa;0,Minor,Unconsolidated,,,,,Unconsolidated,Colluvial, 
UTT3;5,Minor,Sedimentary,Clastic,Mudstone,,,Mudstone,Bed ,
UTT5;6,Minor,Igneous,Volcanic,,,,Volcanic,"Pyroclastic, air fall ",
UTM1;2,Major,Sedimentary,Carbonate,Limestone,,,Limestone,Bed, 
UTT3;6,Minor,Igneous,Volcanic,,,,Volcanic,Volcaniclastic ,
UTO;5,Major,Sedimentary,Carbonate,Limestone,,,Limestone,Bed, 
UTT5;6,Incidental,Sedimentary,Chemical,Chert,,,Chert,Lens ,
UTpCAm;1,Major,Metamorphic,,,,,Metamorphic,Amphibolite, 
UTTvu;0,Minor,Igneous,Volcanic,,,,Volcanic,Flow ,
UTQl;0,Minor,Unconsolidated,Marl,,,,Marl,Lacustrine, 
UTCA1;1,Major,Metamorphic,Schist,,,,Schist,Amphibolite, 
UTCA1;1,Major,Metamorphic,Quartzite,,,,Quartzite,Amphibolite, 
UTCA1;2,Major,Sedimentary,Clastic,Sandstone,Arenite,,Arenite,Bed,sedimentary quartzite; strongly cemented 
UTJ1;7,Minor,Sedimentary,Carbonate,Limestone,,,Limestone,Bed, 
UTCA1;2,Minor,Sedimentary,Clastic,Conglomerate,,,Conglomerate,Bed, 
UTCA1;2,Incidental,Sedimentary,Clastic,Mixed-clastic,Siltstone-mudstone,,Siltstone-mudstone,Bed, 
UTCA1;3,Major,Sedimentary,Clastic,Sandstone,Arenite,,Arenite,Bed,"quartzite, burial metamorphism "
UTCA1;3,Minor,Sedimentary,Clastic,Conglomerate,,,Conglomerate,Bed, 
UTCA1;4,Major,Sedimentary,Clastic,Sandstone,Arenite,,Arenite,Bed,sedimentary quartzite; well cemented; low grade burial metamorphism 
UTCA1;4,Incidental,Sedimentary,Clastic,Conglomerate,,,Conglomerate,Bed,pebble conglomerate 
UTCA1;5,Major,Sedimentary,Clastic,Sandstone,Arenite,,Arenite,Bed,"strong cemented sedimentary quartizte (Willis and Willis, 2000) "
UTCA1;5,Minor,Sedimentary,Clastic,Conglomerate,,,Conglomerate,Bed, 
UTCA1;6,Major,Sedimentary,Clastic,Sandstone,,,Sandstone,Bed, 
UTCA1;6,Minor,Sedimentary,Clastic,Mudstone,Shale,,Shale,Bed,glauconitic shales 
UTCA1;6,Incidental,Sedimentary,Clastic,Conglomerate,,,Conglomerate,Bed,basal conglomerate 
UTCA1;8,Major,Sedimentary,Clastic,Sandstone,Arenite,,Arenite,Bed,low grade metamorphosed sandstone; burial depth 
UTCA2;2,Major,Sedimentary,Carbonate,Dolostone,,,Dolostone,Bed, 
UTCA2;2,Major,Sedimentary,Clastic,Mudstone,Shale,,Shale,Bed, 
UTCA2;2,Minor,Sedimentary,Carbonate,Limestone,,,Limestone,Bed, 
UTCA2;3,Major,Sedimentary,Carbonate,,,,Carbonate,Bed,limestone and dolostone 
UTCA2;3,Minor,Sedimentary,Clastic,Sandstone,,,Sandstone,Bed, 
UTCA2;3,Major,Sedimentary,Clastic,Mudstone,Shale,,Shale,Bed, 
UTCA2;4,Major,Sedimentary,Carbonate,Limestone,,,Limestone,Bed, 
UTCA2;4,Major,Sedimentary,Clastic,Mudstone,Shale,,Shale,Bed, 
UTCA2;4,Minor,Sedimentary,Carbonate,Dolostone,,,Dolostone,Bed, 
UTJTR;4,Major,Sedimentary,Clastic,Sandstone,,,Sandstone,Bed, 
UTCA2;4,Incidental,Metamorphic,Phyllite,,,,Phyllite,Greenschist,Pioche Shale at the base of the section 
UTCA2;5,Major,Sedimentary,Carbonate,Dolostone,,,Dolostone,Bed, 
UTCA2;5,Major,Sedimentary,Carbonate,Limestone,,,Limestone,Bed, 
UTCA2;5,Minor,Sedimentary,Clastic,Mudstone,Shale,,Shale,Bed, 
UTCA2;6,Major,Sedimentary,Carbonate,Limestone,,,Limestone,Bed, 
UTCA2;8,Major,Sedimentary,Carbonate,Dolostone,,,Dolostone,Bed, 
UTCA2;8,Minor,Sedimentary,Carbonate,Limestone,,,Limestone,Bed,Pioche Shale really low grade phyllite; burial metamorphism 
UTCA2;8,Minor,Metamorphic,Phyllite,,,,Phyllite,Greenschist,Pioche Shale really low grade phyllite; burial metamorphism 
UTCA2;8,Minor,Sedimentary,Clastic,Mudstone,Shale,,Shale,Bed, 
UTCA3;2,Major,Sedimentary,Carbonate,Dolostone,,,Dolostone,Bed, 
UTCA3;2,Incidental,Sedimentary,Clastic,Sandstone,Arenite,,Arenite,Bed, 
UTCA3;2,Incidental,Sedimentary,Clastic,Mixed-clastic,Siltstone-mudstone,,Siltstone-mudstone,Bed, 
UTCA3;2,Incidental,Sedimentary,Carbonate,Limestone,,,Limestone,Bed, 
UTCA3;3,Major,Sedimentary,Carbonate,Dolostone,,,Dolostone,Bed,dolomitized limestone 
UTCA3;3,Incidental,Sedimentary,Clastic,Sandstone,,,Sandstone,Bed, 
UTCA3;4,Major,Sedimentary,Carbonate,Limestone,,,Limestone,Bed, 
UTCA3;4,Major,Sedimentary,Carbonate,Dolostone,,,Dolostone,Bed, 
UTCA3;4,Incidental,Sedimentary,Clastic,Mudstone,Shale,,Shale,Bed, 
UTCA3;5,Major,Sedimentary,Carbonate,Dolostone,,,Dolostone,Bed,chert nodules 
UTCA3;5,Minor,Sedimentary,Carbonate,Limestone,,,Limestone,Bed, 
UTCA3;5,Minor,Sedimentary,Clastic,Mudstone,Shale,,Shale,Bed, 
UTCA3;5,Incidental,Sedimentary,Chemical,Chert,,,Chert,Lens, 
UTD;2,Major,Sedimentary,Carbonate,Dolostone,,,Dolostone,Bed,Water Canyon dolomite sandy 
UTD;2,Minor,Sedimentary,Clastic,Sandstone,,,Sandstone,Bed, 
UTD;2,Minor,Sedimentary,Clastic,Mixed-clastic,Siltstone-mudstone,,Siltstone-mudstone,Bed, 
UTD;3,Major,Sedimentary,Carbonate,Dolostone,,,Dolostone,Bed, 
UTD;3,Minor,Sedimentary,Clastic,Sandstone,,,Sandstone,Bed, 
UTD;4,Major,Sedimentary,Carbonate,Dolostone,,,Dolostone,Bed, 
UTD;4,Major,Sedimentary,Carbonate,Limestone,,,Limestone,Bed, 
UTD;4,Minor,Sedimentary,Clastic,Mixed-clastic,Siltstone-mudstone,,Siltstone-mudstone,Bed, 
UTD;5,Major,Sedimentary,Carbonate,Limestone,,,Limestone,Bed, 
UTD;5,Minor,Sedimentary,Clastic,Sandstone,,,Sandstone,Bed, 
UTD;5,Minor,Sedimentary,Carbonate,Dolostone,,,Dolostone,Bed, 
UTD;8,Major,Sedimentary,Carbonate,Dolostone,,,Dolostone,Bed, 
UTD;8,Major,Sedimentary,Carbonate,Limestone,,,Limestone,Bed, 
UTD;8,Minor,Sedimentary,Clastic,Sandstone,,,Sandstone,Bed, 
UTD;8,Minor,Sedimentary,Clastic,Mudstone,Shale,,Shale,Bed,calcareous in part 
UTJ1;3,Major,Sedimentary,Carbonate,Limestone,,,Limestone,Bed, 
UTJ1;3,Major,Sedimentary,Clastic,Mixed-clastic,Siltstone-mudstone,,Siltstone-mudstone,Bed, 
UTJ1;3,Minor,Sedimentary,Clastic,Sandstone,,,Sandstone,Bed, 
UTJ1;3,Incidental,Sedimentary,Chemical,Evaporite,Gypsum,,Gypsum,Lens, 
UTJ1;5,Major,Sedimentary,Clastic,Mudstone,,,Mudstone,Bed, 
UTJ1;5,Minor,Sedimentary,Clastic,Sandstone,,,Sandstone,Bed,Entrada 
UTJ1;5,Minor,Sedimentary,Carbonate,Limestone,,,Limestone,Bed, 
UTJ1;5,Minor,Sedimentary,Chemical,Evaporite,,,Evaporite,Bed, 
UTJ1;6,Major,Sedimentary,Clastic,Sandstone,Arenite,,Arenite,Bed, 
UTJ1;6,Minor,Sedimentary,Clastic,Mixed-clastic,Sandstone-mudstone,,Sandstone-mudstone,Bed, 
UTJ1;6,Minor,Sedimentary,Carbonate,Limestone,,,Limestone,Bed, 
UTJ1;6,Incidental,Sedimentary,Chemical,Evaporite,Gypsum,,Gypsum,Bed, 
UTJ1;7,Major,Sedimentary,Clastic,Sandstone,,,Sandstone,Bed, 
UTJ1;7,Minor,Sedimentary,Clastic,Mixed-clastic,Siltstone-mudstone,,Siltstone-mudstone,Bed, 
UTJ1;7,Incidental,Sedimentary,Chemical,Evaporite,Gypsum,,Gypsum,Bed, 
UTJ1;8,Major,Sedimentary,Clastic,Sandstone,,,Sandstone,Bed, 
UTJ1;8,Major,Sedimentary,Carbonate,Limestone,,,Limestone,Bed, 
UTJ1;8,Minor,Sedimentary,Clastic,Mixed-clastic,Siltstone-mudstone,,Siltstone-mudstone,Bed, 
UTJ1;8,Incidental,Sedimentary,Chemical,Evaporite,Gypsum,,Gypsum,Bed, 
UTJ2;3,Major,Sedimentary,Clastic,Mudstone,,,Mudstone,Bed,thin section of Morrison 
UTJ2;5,Major,Sedimentary,Clastic,Conglomerate,,,Conglomerate,Bed, 
UTJ2;5,Minor,Sedimentary,Clastic,Mixed-clastic,Siltstone-mudstone,,Siltstone-mudstone,Bed, 
UTJ2;6,Major,Sedimentary,Clastic,Mixed-clastic,Siltstone-mudstone,,Siltstone-mudstone,Bed, 
UTJ2;6,Minor,Sedimentary,Clastic,Sandstone,,,Sandstone,Bed, 
UTJ2;6,Incidental,Sedimentary,Carbonate,Limestone,,,Limestone,Bed, 
UTJ2;6,Incidental,Sedimentary,Clastic,Conglomerate,,,Conglomerate,Bed, 
UTJ2;7,Major,Sedimentary,Clastic,Mixed-clastic,Sandstone-mudstone,,Sandstone-mudstone,Bed,bentonitic clays 
UTJ2;7,Minor,Sedimentary,Clastic,Conglomerate,,,Conglomerate,Lens, 
UTJi;4,Major,Igneous,Plutonic,Granitic,Granodiorite,,Granodiorite,Pluton, 
UTJi;4,Minor,Igneous,Plutonic,Dioritic,Monzodiorite,,Monzodiorite,Pluton, 
UTJi;4,Minor,Igneous,Plutonic,Granitic,Granite,Monzogranite,Monzogranite,Pluton, 
UTJi;4,Incidental,Igneous,Plutonic,Syenitic,Quartz-monzonite,,Quartz-monzonite,Pluton, 
UTJi;4,Incidental,Igneous,Plutonic,Dioritic,Diorite,,Diorite,Pluton, 
UTJi;4,Incidental,Igneous,Plutonic,Granitic,Granite,,Granite,Pluton, 
UTJi;4,Incidental,Igneous,Plutonic,Granitic,Leucocratic-granitic,Aplite,Aplite,Dike or sill, 
UTJTR;3,Major,Sedimentary,Clastic,Sandstone,Arenite,,Arenite,Bed, 
UTJTR;5,Major,Sedimentary,Clastic,Sandstone,Arenite,,Arenite,Bed, 
UTJTR;6,Major,Sedimentary,Clastic,Sandstone,Arenite,,Arenite,Bed, 
UTJTR;7,Major,Sedimentary,Clastic,Sandstone,Arenite,,Arenite,Bed, 
UTJTR;7,Minor,Sedimentary,Clastic,Mixed-clastic,Sandstone-mudstone,,Sandstone-mudstone,Bed,"sandstone not as clean, arkose, floodplain "
UTJTR;7,Incidental,Sedimentary,Carbonate,Limestone,,,Limestone,Bed, 
UTJTR;8,Major,Sedimentary,Clastic,Sandstone,Arenite,,Arenite,Bed, 
UTJTR;8,Major,Sedimentary,Clastic,Mixed-clastic,Sandstone-mudstone,,Sandstone-mudstone,Bed,The Moenave and Kayenta Formations 
UTJTR;8,Incidental,Sedimentary,Carbonate,Limestone,,,Limestone,Bed, 
UTK1;3,Major,Sedimentary,Clastic,Sandstone,,,Sandstone,Bed, 
UTK1;3,Minor,Sedimentary,Clastic,Mudstone,Shale,,Shale,Bed, 
UTK1;3,Incidental,Sedimentary,Clastic,Siltstone,,,Siltstone,Bed, 
UTK1;6,Major,Sedimentary,Clastic,Sandstone,,,Sandstone,Bed, 
UTK1;6,Minor,Sedimentary,Clastic,Mixed-clastic,,,Mixed-clastic,Bed, 
UTK1;7,Major,Sedimentary,Clastic,Sandstone,,,Sandstone,Bed, 
UTK1;7,Minor,Sedimentary,Clastic,Mixed-clastic,,,Mixed-clastic,Bed, 
UTK1;8,Major,Sedimentary,Clastic,Sandstone,,,Sandstone,Bed,Dakota and lenses in the Tropic 
UTK1;8,Incidental,Sedimentary,Clastic,Conglomerate,,,Conglomerate,Bed,basal conglomerate of Dakota 
UTK1;8,Major,Sedimentary,Clastic,Mudstone,Shale,,Shale,Bed,Tropic Shale 
UTK1;8,Incidental,Sedimentary,Coal,,,,Coal,Bed,Tropic Shale and carbonaceous zones in the Dakota 
UTK2;2,Major,Sedimentary,Clastic,Sandstone,,,Sandstone,Bed, 
UTK2;2,Minor,Sedimentary,Clastic,Siltstone,,,Siltstone,Bed, 
UTK2;2,Minor,Sedimentary,Clastic,Mudstone,,,Mudstone,Bed, 
UTK2;3,Major,Sedimentary,Clastic,Sandstone,,,Sandstone,Bed, 
UTK2;3,Major,Sedimentary,Clastic,Mudstone,Shale,,Shale,Bed, 
UTK2;3,Incidental,Sedimentary,Clastic,Conglomerate,,,Conglomerate,Bed, 
UTK2;4,Major,Sedimentary,Clastic,Sandstone,,,Sandstone,Bed, 
UTK2;4,Minor,Sedimentary,Clastic,Mudstone,,,Mudstone,Bed, 
UTK2;4,Incidental,Sedimentary,Clastic,Conglomerate,,,Conglomerate,Bed, 
UTK2;5,Major,Sedimentary,Clastic,Sandstone,,,Sandstone,Bed, 
UTM3;4,Major,Sedimentary,Clastic,Mixed-clastic,Siltstone-mudstone,,Siltstone-mudstone,Bed, 
UTM3;4,Minor,Sedimentary,Carbonate,Limestone,,,Limestone,Bed, 
UTM3;4,Incidental,Sedimentary,Clastic,Mudstone,Shale,Phosphatic-shale,Phosphatic-shale,Bed,The Delle 
UTM3;5,Major,Sedimentary,Clastic,Mudstone,Shale,,Shale,Bed, 
UTM3;5,Incidental,Sedimentary,Carbonate,Limestone,,,Limestone,Bed, 
UTM3;6,Major,Sedimentary,Clastic,Mudstone,Shale,,Shale,Bed, 
UTM3;6,Incidental,Sedimentary,Coal,,,,Coal,Bed, 
UTM3;6,Minor,Sedimentary,Carbonate,Limestone,,,Limestone,Bed, 
UTO;1,Major,Metamorphic,Metasedimentary,,,,Metasedimentary,Greenschist,"meta-limestone, dolostone, and sandstone "
UTO;2,Major,Sedimentary,Carbonate,Limestone,,,Limestone,Bed, 
UTO;2,Minor,Sedimentary,Clastic,Sandstone,Arenite,,Arenite,Bed, 
UTO;2,Minor,Sedimentary,Carbonate,Dolostone,,,Dolostone,Bed, 
UTO;2,Incidental,Sedimentary,Chemical,Chert,,,Chert,Lens,in upper part of Garden City Limestone 
UTO;2,Incidental,Sedimentary,Clastic,Conglomerate,,,Conglomerate,Bed,"intraformation conglomerate, breccia "
UTO;4,Major,Sedimentary,Carbonate,Limestone,,,Limestone,Bed, 
UTO;4,Major,Sedimentary,Clastic,Mixed-clastic,Siltstone-mudstone,,Siltstone-mudstone,Bed, 
UTO;4,Minor,Sedimentary,Clastic,Sandstone,,,Sandstone,Bed, 
UTO;4,Minor,Sedimentary,Carbonate,Dolostone,,,Dolostone,Bed, 
UTO;5,Minor,Sedimentary,Carbonate,Dolostone,,,Dolostone,Bed, 
UTP1;4,Major,Sedimentary,Clastic,Sandstone,,,Sandstone,Bed, 
UTP1;4,Minor,Sedimentary,Carbonate,,,,Carbonate,Bed,limestone and dolostone 
UTP1;4,Minor,Sedimentary,Clastic,Mixed-clastic,Siltstone-mudstone,,Siltstone-mudstone,Bed, 
UTP1;4,Incidental,Sedimentary,Chemical,Evaporite,Gypsum,,Gypsum,Bed, 
UTP1;5,Major,Sedimentary,Clastic,Sandstone,,,Sandstone,Bed, 
UTP1;5,Major,Sedimentary,Carbonate,Limestone,,,Limestone,Bed, 
UTP1;7,Major,Sedimentary,Clastic,Sandstone,,,Sandstone,Bed, 
UTP1;7,Minor,Sedimentary,Clastic,Mixed-clastic,Siltstone-mudstone,,Siltstone-mudstone,Bed, 
UTP1;7,Minor,Sedimentary,Carbonate,Limestone,,,Limestone,Bed, 
UTP1;8,Major,Sedimentary,Clastic,Sandstone,,,Sandstone,Bed, 
UTP1;8,Incidental,Sedimentary,Clastic,Mixed-clastic,Siltstone-mudstone,,Siltstone-mudstone,Bed, 
UTP1;8,Minor,Sedimentary,Carbonate,Dolostone,,,Dolostone,Bed, 
UTP2;2,Major,Sedimentary,Carbonate,Limestone,,,Limestone,Bed,phosphorite 
UTP2;2,Minor,Sedimentary,Clastic,Mudstone,Shale,Phosphatic-shale,Phosphatic-shale,Bed,"shale, siltstone and limestone "
UTP2;2,Incidental,Sedimentary,Chemical,Phosphorite,,,Phosphorite,Bed, 
UTP2;2,Incidental,Sedimentary,Chemical,Chert,,,Chert,Lens, 
UTP2;2,Incidental,Sedimentary,Carbonate,Dolostone,,,Dolostone,Bed, 
UTP2;3,Major,Sedimentary,Carbonate,Limestone,,,Limestone,Bed, 
UTP2;3,Major,Sedimentary,Clastic,Siltstone,,,Siltstone,Bed, 
UTP2;3,Minor,Sedimentary,Clastic,Sandstone,,,Sandstone,Bed,cherty sandstone in the middle of the section 
UTP2;3,Incidental,Sedimentary,Clastic,Mudstone,Shale,Phosphatic-shale,Phosphatic-shale,Bed,about 30 ft thick 
UTP2;4,Major,Sedimentary,Carbonate,,,,Carbonate,Bed,limestone and dolostone 
UTP2;4,Incidental,Sedimentary,Clastic,Mixed-clastic,,,Mixed-clastic,Bed, 
UTP2;4,Incidental,Sedimentary,Chemical,Chert,,,Chert,Lens, 
UTP2;5,Major,Sedimentary,Carbonate,Limestone,,,Limestone,Bed, 
UTP2;5,Major,Sedimentary,Clastic,Mixed-clastic,Sandstone-mudstone,,Sandstone-mudstone,Bed, 
UTp2;5,Incidental,Sedimentary,Clastic,Mudstone,Shale,Phosphatic-shale,Phosphatic-shale,Bed, 
UTP2;5,Incidental,Sedimentary,Chemical,Chert,,,Chert,Bed, 
UTP2;5,Incidental,Sedimentary,Carbonate,Dolostone,,,Dolostone,Bed, 
UTP2;6,Major,Sedimentary,Clastic,Sandstone,,,Sandstone,Bed, 
UTP2;6,Minor,Sedimentary,Carbonate,,,,Carbonate,Bed,limestone and dolomite 
UTP2;6,Minor,Sedimentary,Clastic,Mixed-clastic,Siltstone-mudstone,,Siltstone-mudstone,Bed, 
UTP2;6,Incidental,Sedimentary,Chemical,Phosphorite,,,Phosphorite,Bed, 
UTP2;7,Major,Sedimentary,Carbonate,Limestone,,,Limestone,Bed,cherty 
UTP2;8,Major,Sedimentary,Carbonate,Limestone,,,Limestone,Bed,Cherty limestone separated by gypsum 
UTP2;8,Minor,Sedimentary,Chemical,Evaporite,Gypsum,,Gypsum,Bed, 
UTP2;8,Incidental,Sedimentary,Chemical,Chert,,,Chert,Bed,Cherty limestone 
UTPA;3,Major,Sedimentary,Carbonate,Limestone,,,Limestone,Bed,silicified fossils in Round Valley 
UTPA;3,Major,Sedimentary,Clastic,Mixed-clastic,Sandstone-mudstone,,Sandstone-mudstone,Bed, 
UTPA;3,Incidental,Sedimentary,Chemical,Chert,,,Chert,Lens, 
UTPA;4,Major,Sedimentary,Carbonate,Limestone,,,Limestone,Bed, 
UTPA;4,Incidental,Sedimentary,Chemical,Chert,,,Chert,Lens,in limestone 
UTPA;5,Major,Sedimentary,Carbonate,Limestone,,,Limestone,Bed, 
UTPA;5,Minor,Sedimentary,Clastic,Mixed-clastic,Siltstone-mudstone,,Siltstone-mudstone,Bed, 
UTPA;6,Major,Sedimentary,Carbonate,Dolostone,,,Dolostone,Bed, 
UTPA;6,Minor,Sedimentary,Clastic,Sandstone,,,Sandstone,Bed, 
UTPA;7,Major,Sedimentary,Chemical,Evaporite,,,Evaporite,Bed,"salt, potash, gypsum "
UTPA;7,Minor,Sedimentary,Clastic,Mudstone,Shale,Black-shale,Black-shale,Bed, 
UTpCAi;1,Major,Igneous,Plutonic,Syenitic,Quartz-monzonite,,Quartz-monzonite,Pluton, 
UTpCAi;1,Minor,Igneous,Plutonic,Dioritic,Quartz-monzodiorite,,Quartz-monzodiorite,Pluton, 
UTpCAi;4,Major,Igneous,Plutonic,Granitic,,,Granitic,Dike or sill,just small area of outcrop 
UTpCAi;8,Major,Igneous,Plutonic,Granitic,,,Granitic,Pluton,just small area of outcrop 
UTpCAm;2,Major,Metamorphic,Quartzite,,,,Quartzite,Amphibolite, 
UTQs;0,Minor,Sedimentary,Chemical,Evaporite,Salt,,Salt,Lacustrine,salt flat 
UTQT;0,Major,Unconsolidated,,,,,Unconsolidated,Alluvial, 
UTS;2,Major,Sedimentary,Carbonate,Dolostone,,,Dolostone,Bed, 
UTS;4,Major,Sedimentary,Carbonate,Dolostone,,,Dolostone,Bed, 
UTS;4,Incidental,Sedimentary,Chemical,Chert,,,Chert,Lens,chery lenses 
UTS;5,Major,Sedimentary,Carbonate,Dolostone,,,Dolostone,Bed, 
UTT1;2,Major,Sedimentary,Clastic,Conglomerate,,,Conglomerate,Bed,poor outcrop-no strikes and dips; red color; pebble and cobble conglomerate; debris flows? 
UTT1;2,Major,Sedimentary,Clastic,Mixed-clastic,,,Mixed-clastic,Bed, 
UTT1;3,Major,Sedimentary,Clastic,Mudstone,,,Mudstone,Bed, 
UTT1;3,Major,Sedimentary,Clastic,Conglomerate,,,Conglomerate,Bed,red color 
UTT1;3,Incidental,Sedimentary,Carbonate,Limestone,,,Limestone,Bed,algal limestone in Cowley Canyon Member; at or near base of Wasatch Fm 
UTT1;5,Major,Sedimentary,Carbonate,Limestone,,,Limestone,Bed,"in places, dolomitic "
UTT1;5,Minor,Sedimentary,Clastic,Mudstone,,,Mudstone,Bed, 
UTT1;5,Minor,Sedimentary,Clastic,Mixed-clastic,,,Mixed-clastic,Bed, 
UTT1;5,Minor,Sedimentary,Carbonate,Dolostone,,,Dolostone,Bed, 
UTT1;5,Incidental,Sedimentary,Chemical,Evaporite,Gypsum,,Gypsum,Bed, 
UTT1;6,Minor,Sedimentary,Carbonate,Limestone,,,Limestone,Bed,"at base, equals Flagstaff Limestone "
UTT1;6,Incidental,Sedimentary,Coal,,,,Coal,Lens,"algal coal in Flagstaff (Johnson, 1985) "
UTT1;6,Major,Sedimentary,Clastic,Mixed-clastic,Sandstone-mudstone,,Sandstone-mudstone,Bed,alluvial deposit of Colton Formation 
UTT1;7,Major,Sedimentary,Carbonate,Limestone,,,Limestone,Bed, 
UTT1;7,Minor,Sedimentary,Carbonate,Dolostone,,,Dolostone,Bed, 
UTT1;7,Major,Sedimentary,Clastic,Mixed-clastic,,,Mixed-clastic,Bed, 
UTT1;8,Major,Sedimentary,Carbonate,Limestone,,,Limestone,Bed,"pink member, or lower member, is considered largely a sequence of stacked paleo-soil horizons; white limestone, upper member, massive limestone "
UTT1;8,Major,Sedimentary,Clastic,Mudstone,,,Mudstone,Bed, 
UTT1;8,Minor,Sedimentary,Clastic,Mixed-clastic,,,Mixed-clastic,Bed, 
UTT1;8,Minor,Sedimentary,Clastic,Mixed-clastic,,,Mixed-clastic,Tuffaceous,Brian Head Formation at top of Claron; records earliest volcanic activity 
UTT1;8,Minor,Sedimentary,Clastic,Conglomerate,,,Conglomerate,Bed,basal red and purple conglomerate; Grand Castle Formation 
UTT2;3,Major,Sedimentary,Clastic,Mixed-clastic,Sandstone-mudstone,,Sandstone-mudstone,Tuffaceous, 
UTT2;3,Major,Sedimentary,Clastic,Conglomerate,,,Conglomerate,Bed ,
UTT2;3,Incidental,Igneous,Volcanic,Felsic-volcanic,,,Felsic-volcanic,"Pyroclastic, tuff ",
UTT2;3,Minor,Sedimentary,Carbonate,Limestone,,,Limestone,Bed ,
UTT2;5,Major,Sedimentary,Clastic,Mudstone,Shale,,Shale,Bed ,
UTT2;5,Major,Sedimentary,Carbonate,Marlstone,,,Marlstone,Bed ,
UTT2;5,Minor,Sedimentary,Carbonate,Limestone,,,Limestone,Bed ,
UTT2;5,Minor,Sedimentary,Clastic,Mixed-clastic,Sandstone-mudstone,,Sandstone-mudstone,Bed ,
UTT2;5,Incidental,Igneous,Volcanic,Felsic-volcanic,,,Felsic-volcanic,"Pyroclastic, tuff ",
UTT2;5,Minor,Sedimentary,Clastic,Mudstone,Shale,Oil-shale,Oil-shale,Bed ,
UTT2;6,Major,Sedimentary,Carbonate,Marlstone,,,Marlstone,Bed ,
UTT2;6,Major,Sedimentary,Clastic,Mudstone,Shale,,Shale,Bed ,
UTT2;6,Minor,Sedimentary,Carbonate,Limestone,,,Limestone,Bed ,
UTT2;6,Minor,Sedimentary,Clastic,Mixed-clastic,,,Mixed-clastic,Bed ,
UTT2;6,Incidental,Igneous,Volcanic,Felsic-volcanic,,,Felsic-volcanic,"Pyroclastic, tuff ",
UTT2;6,Minor,Sedimentary,Clastic,Mudstone,Shale,Oil-shale,Oil-shale,Bed ,
UTT2;8,Major,Sedimentary,Clastic,Mudstone,Shale,,Shale,Bed ,
UTT2;8,Major,Sedimentary,Carbonate,Marlstone,,,Marlstone,Bed ,
UTT2;8,Minor,Sedimentary,Carbonate,Limestone,,,Limestone,Bed ,
UTT2;8,Minor,Sedimentary,Clastic,Mixed-clastic,Sandstone-mudstone,,Sandstone-mudstone,Bed ,
UTT2;8,Incidental,Igneous,Volcanic,Felsic-volcanic,,,Felsic-volcanic,"Pyroclastic, tuff ",
UTT2;8,Minor,Sedimentary,Clastic,Mudstone,Shale,Oil-shale,Oil-shale,Bed ,
UTT3;5,Major,Sedimentary,Clastic,Sandstone,,,Sandstone,Bed ,
UTT3;5,Incidental,Sedimentary,Clastic,Siltstone,,,Siltstone,Bed ,
UTT3;5,Incidental,Sedimentary,Clastic,Conglomerate,,,Conglomerate,Bed ,
UTT3;6,Major,Sedimentary,Clastic,Mixed-clastic,Sandstone-mudstone,,Sandstone-mudstone,Bed ,
UTT3;6,Minor,Sedimentary,Clastic,Conglomerate,,,Conglomerate,Bed ,
UTT3;6,Incidental,Igneous,Volcanic,Felsic-volcanic,,,Felsic-volcanic,"Pyroclastic, tuff ",
UTT3;7,Major,Sedimentary,Clastic,Sandstone,,,Sandstone,Bed ,
UTT3;7,Minor,Sedimentary,Clastic,Mixed-clastic,Siltstone-mudstone,,Siltstone-mudstone,Bed ,
UTT3;7,Incidental,Sedimentary,Carbonate,Limestone,,,Limestone,Bed ,
UTT4;1,Major,Sedimentary,Clastic,Mudstone,,,Mudstone,Tuffaceous, 
UTT4;1,Major,Sedimentary,Clastic,Mudstone,,,Mudstone,Bed, 
UTT4;1,Minor,Sedimentary,Clastic,Sandstone,,,Sandstone,Tuffaceous, 
UTT4;1,Incidental,Sedimentary,Clastic,Conglomerate,,,Conglomerate,Tuffaceous, 
UTT4;2,Major,Sedimentary,Clastic,Mudstone,,,Mudstone,Tuffaceous, 
UTT4;2,Major,Unconsolidated,,,,,Unconsolidated,Alluvial,valley fill 
UTT4;2,Minor,Sedimentary,Clastic,Sandstone,,,Sandstone,Bed, 
UTT4;3,Major,Sedimentary,Clastic,Mixed-clastic,,,Mixed-clastic,Tuffaceous, 
UTT4;3,Major,Unconsolidated,,,,,Unconsolidated,Alluvial,alluvial valley fill 
UTT4;3,Minor,Sedimentary,Carbonate,,,,Carbonate,Lacustrine, 
UTT4;3,Minor,Igneous,Volcanic,Felsic-volcanic,,,Felsic-volcanic,Pyroclastic, 
UTT4;3,Incidental,Igneous,Volcanic,Mafic-volcanic,,,Mafic-volcanic,Flow, 
UTT4;4,Major,Sedimentary,Clastic,Mixed-clastic,,,Mixed-clastic,Bed, 
UTT4;4,Minor,Sedimentary,Carbonate,,,,Carbonate,Bed, 
UTT4;4,Minor,Igneous,Volcanic,Felsic-volcanic,,,Felsic-volcanic,Pyroclastic, 
UTT4;4,Incidental,Igneous,Volcanic,Mafic-volcanic,,,Mafic-volcanic,Flow, 
UTT4;4,Minor,Sedimentary,Chemical,Evaporite,Salt,,Salt,Bed ,
UTT4;4,Major,Unconsolidated,Coarse-detrital,,,,Coarse-detrital,Alluvial ,
UTT4;5,Major,Sedimentary,Clastic,Mixed-clastic,,,Mixed-clastic,Bed ,
UTT4;5,Minor,Sedimentary,Carbonate,,,,Carbonate,Bed ,
UTT4;5,Major,Unconsolidated,Coarse-detrital,,,,Coarse-detrital,Alluvial ,
UTT4;5,Incidental,Igneous,Volcanic,Felsic-volcanic,,,Felsic-volcanic,Pyroclastic ,
UTT4;6,Major,Sedimentary,Clastic,Conglomerate,,,Conglomerate,Bed ,
UTT4;6,Incidental,Igneous,Volcanic,Felsic-volcanic,,,Felsic-volcanic,"Pyroclastic, air fall ",
UTT4;7,Major,Sedimentary,Clastic,Mudstone,,,Mudstone,Bed ,
UTT4;7,Minor,Sedimentary,Clastic,Sandstone,,,Sandstone,Bed ,
UTT4;7,Incidental,Sedimentary,Carbonate,Limestone,,,Limestone,Bed ,
UTT4;8,Major,Sedimentary,Clastic,Mixed-clastic,Siltstone-mudstone,,Siltstone-mudstone,Bed ,
UTT4;8,Minor,Sedimentary,Clastic,Sandstone,,,Sandstone,Bed ,
UTT4;8,Minor,Sedimentary,Clastic,Conglomerate,,,Conglomerate,Bed ,
UTT5;6,Major,Sedimentary,Clastic,Sandstone,,,Sandstone,Tuffaceous ,
UTT5;6,Incidental,Sedimentary,Carbonate,Limestone,,,Limestone,Bed ,
UTT5;6,Minor,Sedimentary,Clastic,Conglomerate,,,Conglomerate,Bed ,
UTT5;7,Major,Sedimentary,Clastic,Mixed-clastic,Conglomerate-sandstone,,Conglomerate-sandstone,Bed ,
UTT5;8,Major,Sedimentary,Clastic,Mixed-clastic,Conglomerate-sandstone,,Conglomerate-sandstone,Bed ,
UTTi;1,Minor,Igneous,Plutonic,Syenitic,Quartz-monzonite,,Quartz-monzonite,Pluton ,
UTTi;1,Incidental,Igneous,Plutonic,Dioritic,Diorite,,Diorite,Pluton ,
UTTi;1,Major,Igneous,Plutonic,Granitic,Granodiorite,,Granodiorite,Pluton ,
UTTi;3,Major,Igneous,Plutonic,Granitic,Granodiorite,,Granodiorite,Pluton ,
UTTi;3,Minor,Igneous,Plutonic,Syenitic,Quartz-monzonite,,Quartz-monzonite,Pluton ,
UTTi;3,Minor,Igneous,Plutonic,Dioritic,Diorite,,Diorite,Pluton ,
UTTi;3,Incidental,Igneous,Plutonic,Granitic,Granite,,Granite,Pluton ,
UTTi;4,Major,Igneous,Plutonic,Granitic,Granodiorite,,Granodiorite,Pluton ,
UTTi;4,Minor,Igneous,Plutonic,Granitic,Granite,,Granite,Pluton ,
UTTi;4,Incidental,Igneous,Plutonic,Syenitic,Quartz-monzonite,,Quartz-monzonite,Pluton ,
UTTi;4,Incidental,Igneous,Plutonic,Dioritic,Quartz-diorite,,Quartz-diorite,Pluton ,
UTTi;5,Major,Igneous,Plutonic,Syenitic,Monzonite,,Monzonite,Pluton, 
UTTi;5,Major,Igneous,Plutonic,Granitic,Granodiorite,,Granodiorite,Pluton,"Swanson Quartz monzonite is altered Packard (Hintze, 1988) "
UTTi;5,Incidental,Igneous,Plutonic,Dioritic,Monzodiorite,,Monzodiorite,Pluton, 
UTTi;5,Incidental,Igneous,Plutonic,Syenitic,Quartz-monzonite,,Quartz-monzonite,Pluton, 
UTTi;5,Incidental,Igneous,Plutonic,Granitic,Granite,,Granite,Pluton, 
UTTi;5,Incidental,Igneous,Plutonic,Dioritic,Diorite,,Diorite,Pluton, 
UTTi;5,Incidental,Igneous,Plutonic,Dioritic,Quartz-diorite,,Quartz-diorite,Pluton, 
UTTi;5,Incidental,Igneous,Plutonic,Dioritic,Quartz-monzodiorite,,Quartz-monzodiorite,Pluton, 
UTTi;7,Major,Igneous,Plutonic,Dioritic,Diorite,,Diorite,Laccolith, 
UTTi;7,Major,Igneous,Plutonic,Dioritic,Monzodiorite,,Monzodiorite,Laccolith, 
UTTi;7,Incidental,Igneous,Plutonic,Dioritic,Quartz-monzodiorite,,Quartz-monzodiorite,Laccolith, 
UTTi;7,Incidental,Igneous,Plutonic,Dioritic,Quartz-diorite,,Quartz-diorite,Laccolith, 
UTTi;7,Incidental,Igneous,Plutonic,Syenitic,Syenite,,Syenite,Laccolith, 
UTTi;7,Incidental,Igneous,Plutonic,Granitic,Granite,,Granite,Laccolith, 
UTTi;8,Major,Igneous,Plutonic,Syenitic,Quartz-monzonite,,Quartz-monzonite,Pluton,and stocks 
UTTi;8,Minor,Igneous,Plutonic,Granitic,Granite,,Granite,Pluton,and stocks and sills 
UTTi;8,Minor,Igneous,Plutonic,Syenitic,Monzonite,,Monzonite,Pluton, 
UTTK;2,Major,Sedimentary,Clastic,Sandstone,,,Sandstone,Bed, 
UTTK;2,Major,Sedimentary,Clastic,Mudstone,,,Mudstone,Bed, 
UTTK;2,Incidental,Sedimentary,Coal,,,,Coal,Bed, 
UTTK;3,Major,Sedimentary,Clastic,Sandstone,,,Sandstone,Bed, 
UTTK;3,Major,Sedimentary,Clastic,Mudstone,,,Mudstone,Bed,"some red beds, about 20 m; limestone nodules in upper part "
UTTK;3,Incidental,Sedimentary,Coal,,,,Coal,Bed, 
UTTK;3,Incidental,Sedimentary,Clastic,Conglomerate,,,Conglomerate,Bed, 
UTTK;5,Major,Sedimentary,Clastic,Mixed-clastic,Siltstone-mudstone,,Siltstone-mudstone,Bed, 
UTTK;5,Major,Sedimentary,Clastic,Sandstone,,,Sandstone,Bed, 
UTTK;5,Minor,Sedimentary,Clastic,Conglomerate,,,Conglomerate,Bed, 
UTTK;5,Incidental,Sedimentary,Carbonate,Limestone,,,Limestone,Bed, 
UTTK;6,Major,Sedimentary,Clastic,Conglomerate,,,Conglomerate,Bed, 
UTTK;6,Major,Sedimentary,Clastic,Sandstone,,,Sandstone,Bed, 
UTTK;6,Incidental,Sedimentary,Carbonate,Limestone,,,Limestone,Bed, 
UTTK;6,Minor,Sedimentary,Clastic,Mixed-clastic,Siltstone-mudstone,,Siltstone-mudstone,Bed, 
UTTK;6,Incidental,Sedimentary,Coal,,,,Coal,Bed, 
UTTK;7,Major,Sedimentary,Clastic,Mixed-clastic,Siltstone-mudstone,,Siltstone-mudstone,Bed, 
UTTK;7,Minor,Sedimentary,Clastic,Conglomerate,,,Conglomerate,Bed, 
UTTK;7,Minor,Sedimentary,Clastic,Sandstone,,,Sandstone,Bed, 
UTTK;8,Major,Sedimentary,Clastic,Mixed-clastic,Sandstone-mudstone,,Sandstone-mudstone,Bed,Cretaceous clasts in conglomerate; sandstone deposited in braided fluvial environment; 0-900 ft 
UTTma;0,Major,Igneous,Volcanic,Mafic-volcanic,Andesite,,Andesite,Flow, 
UTTmb;0,Major,Igneous,Volcanic,Mafic-volcanic,Basalt,,Basalt,Flow, 
UTTmb;0,Minor,Igneous,Volcanic,Mafic-volcanic,Basaltic-andesite,,Basaltic-andesite,Flow, 
UTTmr;0,Minor,Igneous,Volcanic,Felsic-volcanic,Dacite,,Dacite,"Pyroclastic, tuff", 
UTTmr;0,Major,Igneous,Volcanic,Felsic-volcanic,Rhyolite,,Rhyolite,Flow, 
UTTmr;0,Incidental,Igneous,Volcanic,Felsic-volcanic,Dacite,,Dacite,Flow, 
UTTmv;0,Major,Igneous,Volcanic,Felsic-volcanic,,,Felsic-volcanic,"Pyroclastic, ash-flow", 
UTTmv;0,Minor,Igneous,Volcanic,Felsic-volcanic,,,Felsic-volcanic,Flow, 
UTTmv;0,Incidental,Igneous,Volcanic,Felsic-volcanic,,,Felsic-volcanic,Dome, 
UTTmv;0,Incidental,Igneous,Volcanic,Felsic-volcanic,,,Felsic-volcanic,"Pyroclastic, air fall", 
UTTmv;0,Incidental,Sedimentary,Clastic,Conglomerate,,,Conglomerate,Bed, 
UTTmv;0,Incidental,Igneous,Volcanic,Felsic-volcanic,,,Felsic-volcanic,"Pyroclastic, tuff ",
UTTmv;0,Incidental,Igneous,Volcanic,Mafic-volcanic,,,Mafic-volcanic,Flow ,
UTTmv;0,Incidental,Igneous,Volcanic,Mafic-volcanic,,,Mafic-volcanic,Volcaniclastic ,
UTTov;0,Major,Igneous,Volcanic,Felsic-volcanic,,,Felsic-volcanic,"Pyroclastic, ash-flow ",
UTTov;0,Minor,Igneous,Volcanic,Felsic-volcanic,,,Felsic-volcanic,Dome ,
UTTov;0,Incidental,Igneous,Volcanic,Mafic-volcanic,,,Mafic-volcanic,Flow ,
UTTov;0,Minor,Igneous,Volcanic,Felsic-volcanic,,,Felsic-volcanic,Flow ,
UTTov;0,Incidental,Igneous,Volcanic,Felsic-volcanic,,,Felsic-volcanic,"Pyroclastic, tuff ",
UTTov;0,Incidental,Igneous,Volcanic,Felsic-volcanic,,,Felsic-volcanic,"Pyroclastic, air fall ",
UTTov;0,Incidental,Igneous,Hypabyssal,,,,Hypabyssal,Dike or sill ,
UTTov;0,Incidental,Igneous,Volcanic,Felsic-volcanic,,,Felsic-volcanic,Volcaniclastic ,
UTTov;0,Incidental,Sedimentary,Clastic,Mixed-clastic,,,Mixed-clastic,Tuffaceous ,
UTTov;0,Incidental,Igneous,Volcanic,Mafic-volcanic,,,Mafic-volcanic,Volcaniclastic ,
UTTov;0,Incidental,Sedimentary,Clastic,Conglomerate,,,Conglomerate,Bed ,
UTTpb;0,Major,Igneous,Volcanic,Mafic-volcanic,Basalt,,Basalt,Flow ,
UTTpb;0,Minor,Igneous,Volcanic,Mafic-volcanic,Basaltic-andesite,,Basaltic-andesite,Flow ,
UTTpb;0,Incidental,Igneous,Volcanic,Felsic-volcanic,Rhyolite,,Rhyolite,Flow, 
UTTpr;0,Major,Igneous,Volcanic,Felsic-volcanic,Rhyolite,,Rhyolite,Flow, 
UTTpr;0,Minor,Igneous,Volcanic,Felsic-volcanic,Rhyolite,,Rhyolite,Dome, 
UTTpr;0,Incidental,Igneous,Volcanic,Felsic-volcanic,Rhyolite,,Rhyolite,Pyroclastic, 
UTTR1;2,Major,Sedimentary,Carbonate,Limestone,,,Limestone,Bed, 
UTTR1;2,Minor,Sedimentary,Clastic,Mixed-clastic,Siltstone-mudstone,,Siltstone-mudstone,Bed, 
UTTR1;3,Major,Sedimentary,Clastic,Mixed-clastic,Siltstone-mudstone,,Siltstone-mudstone,Bed, 
UTTR1;3,Major,Sedimentary,Carbonate,Limestone,,,Limestone,Bed, 
UTTR1;3,Incidental,Sedimentary,Clastic,Sandstone,,,Sandstone,Bed, 
UTTR1;3,Incidental,Sedimentary,Chemical,Evaporite,Gypsum,,Gypsum,Lens, 
UTTR1;4,Major,Sedimentary,Clastic,Siltstone,,,Siltstone,Bed, 
UTTR1;4,Major,Sedimentary,Carbonate,Limestone,,,Limestone,Bed, 
UTTR1;5,Major,Sedimentary,Clastic,Mixed-clastic,Siltstone-mudstone,,Siltstone-mudstone,Bed, 
UTTR1;5,Major,Sedimentary,Carbonate,Limestone,,,Limestone,Bed,limestone in the upper part (Thaynes) 
UTTR1;5,Minor,Sedimentary,Clastic,Sandstone,,,Sandstone,Bed, 
UTTR1;6,Major,Sedimentary,Clastic,Mudstone,,,Mudstone,Bed, 
UTTR1;6,Major,Sedimentary,Clastic,Siltstone,,,Siltstone,Bed, 
UTTR1;6,Minor,Sedimentary,Clastic,Sandstone,,,Sandstone,Bed, 
UTTR1;6,Incidental,Sedimentary,Carbonate,Limestone,,,Limestone,Bed, 
UTTR1;6,Incidental,Sedimentary,Chemical,Evaporite,Gypsum,,Gypsum,Lens, 
UTTR1;7,Major,Sedimentary,Clastic,Mixed-clastic,Sandstone-mudstone,,Sandstone-mudstone,Bed, 
UTTR1;7,Minor,Sedimentary,Carbonate,Limestone,,,Limestone,Bed, 
UTTR1;7,Incidental,Sedimentary,Chemical,Evaporite,Gypsum,,Gypsum,Lens,in veins and blobs 
UTTR1;7,Incidental,Sedimentary,Clastic,Conglomerate,,,Conglomerate,Bed, 
UTTR1;8,Major,Sedimentary,Clastic,Mixed-clastic,Siltstone-mudstone,,Siltstone-mudstone,Bed,red beds 
UTTR1;8,Minor,Sedimentary,Carbonate,Limestone,,,Limestone,Bed,"transgressive, marine "
UTTR1;8,Minor,Sedimentary,Clastic,Conglomerate,,,Conglomerate,Lens,deposited in paleovalleys; in situ weathering on paleosurface 
UTTR1;8,Incidental,Sedimentary,Chemical,Evaporite,Gypsum,,Gypsum,Bed, 
UTTR1;8,Minor,Sedimentary,Clastic,Sandstone,,,Sandstone,Bed, 
UTTR2;2,Major,Sedimentary,Clastic,Mixed-clastic,Siltstone-mudstone,,Siltstone-mudstone,Bed, 
UTTR2;2,Minor,Sedimentary,Clastic,Conglomerate,,,Conglomerate,Bed, 
UTTR2;3,Major,Sedimentary,Clastic,Mixed-clastic,Siltstone-mudstone,,Siltstone-mudstone,Bed, 
UTTR2;3,Minor,Sedimentary,Clastic,Conglomerate,,,Conglomerate,Bed,separates upper and lower members 
UTTR2;4,Major,Sedimentary,Clastic,Mixed-clastic,Sandstone-mudstone,,Sandstone-mudstone,Bed, 
UTTR2;4,Minor,Sedimentary,Clastic,Conglomerate,,,Conglomerate,Bed,Shinarump Conglomerate Member 
UTTR2;4,Incidental,Igneous,Volcanic,Mafic-volcanic,Basalt,,Basalt,Flow,pillow lavas in upper 150 feet of Chinle in the Blue Mountains 
UTTR2;5,Major,Sedimentary,Clastic,Mixed-clastic,Sandstone-mudstone,,Sandstone-mudstone,Bed, 
UTTR2;5,Minor,Sedimentary,Clastic,Mixed-clastic,Conglomerate-sandstone,,Conglomerate-sandstone,Bed,in center of unit 
UTTR2;5,Incidental,Sedimentary,Chemical,Evaporite,Gypsum,,Gypsum,Lens, 
UTTR2;6,Major,Sedimentary,Clastic,Mixed-clastic,Siltstone-mudstone,,Siltstone-mudstone,Bed, 
UTTR2;6,Minor,Sedimentary,Clastic,Conglomerate,,,Conglomerate,Bed,Gartra Member at base 
UTTR2;6,Minor,Sedimentary,Clastic,Sandstone,,,Sandstone,Lens, 
UTTR2;7,Major,Sedimentary,Clastic,Mixed-clastic,Sandstone-mudstone,,Sandstone-mudstone,Bed,bentonitic clays 
UTTR2;7,Minor,Sedimentary,Clastic,Conglomerate,,,Conglomerate,Bed,Shinarump Conglomerate Member at base of the Chinle 
UTTR2;7,Incidental,Sedimentary,Carbonate,Limestone,,,Limestone,Bed,lacustrine 
UTTR2;8,Major,Sedimentary,Clastic,Mudstone,,,Mudstone,Bed,"contains petrified wood, tuffaceous material from west (bentonitic mudstone) "
UTTR2;8,Minor,Sedimentary,Clastic,Conglomerate,,,Conglomerate,Bed,Shinarump Conglomerate Member at base; major for that member 
UTTR2;8,Incidental,Sedimentary,Clastic,Mixed-clastic,,,Mixed-clastic,Bed, 
UTTvu;0,Major,Igneous,Volcanic,,,,Volcanic,Pyroclastic ,
UTTvu;0,Incidental,Igneous,Volcanic,,,,Volcanic,Volcaniclastic ,
UTwater;0,Major,Water,,,,,Water,"Lake, stream, or ocean ",
