ref_id,reference,onlink
UT001,"Hintze, L.F., 1980, Geologic map of Utah: Utah Geological and Mineral Survey, scale 1:500,000. ",
UT002,"Hintze, L.F., 1988, Geologic History of Utah: Brigham Young University Geology Studies Special Publication 7, 202 p. ",
UT004,"Todd, V.R., 1983, Late Miocene displacement of pre-Tertiary and Tertiary rocks in the Matlin Mountains, northwestern Utah: Geological Society of America Memoir 157, p. 239-270. ",
UT005,"Morrison, R.B., 1991, Quaternary stratigraphic, hydrologic, and climatic history of the Great Basin, with emphasis on Lakes Lahontan, Bonneville, and Tecopa, in Morrison, R.B., ed., Quaternary nonglacial geology; Conterminous U.S.: Boulder, Colorado, Geological Society of America, The Geology of North America, v. K-2, p. 283-320. ",
UT008,"Nutt and Ludington, open file ",
UT009,"Deino, A., and Keith, J.D., 1997, Ages of volcanic and intrusive rocks in the Bingham mining district, Utah: Society of Economic Geologists Guidebook 29, p. 91-100. ",
UT010,"Rodgers, D.W., 1987, Thermal and structural evolution of the southern Deep Creek Range, west central Utah and east central Nevada: Palo Alto, Calif., Stanford University, unpublished PhD dissertation, 149 p. ",
UT011,"Potter, C.J., Dubiel, R.F., Snee, L.W., and Good, S.C., 1995, Eocene extension of early Eocene lacustrine strata in a complexly deformed Sevier-Laramide hinterland, northwest Utah and northeast Nevada: Geology, v. 23, no. 2, p. 181-184. ",
UT013,"Lindsey, D.A., 1979, Geologic map and cross sections of Tertiary rocks in the Thomas Range and northern Drum Mountains, Juab County, Utah: Miscellaneous Investigations Series Report I- 1176, scale 1:62,500.  ",
UT014,"Shubat, M.A., Felger, T.J., and King, J.K., 1999, Geologic map of the Keg Mountain Ranch quadrangle, Juab County, Utah: Utah Geological Survey Miscellaneous Publication 99-5, 22 p, scale 1:24,000 ",
UT015,"Hintze, L.F., and Davis, Fitzhugh D. D., 2002, Geologic map of the Tule Valley 30' x 60' quadrangle and parts of the Ely, Fish Springs, and Kern Mountains 30' by 60 quadrangles, northwest Millard County, Utah: Utah Geological Survey Map 186, scale 1:100,000. ",
UT016,"Oaks, R.Q., Jr., Smith, K.A., Janecke, S.U., Perkins, M.E., and Nash, W.P., 1999, Stratigraphy and tectonics of Tertiary strata of southern Cache Valley, north-central Utah: Utah Geological Association Publication 27, p. 71-110. ",
UT017,"Vogel, T.A., Cambray, F.W., Feher, L., Constenius, K.N., and WIB Research Team, 1998, Petrochemistry and emplacement history of the Wasatch igneous belt, in John, D.A., and Ballantyne, eds., Geology and Ore Deposits of the Oquirrh and Wasatch Mountains, Utah: Society of Economic Geologists Guidebook Series, v. 29, p. 35-46. ",
UT018,"John, D.A., Turrin, B.D., and Miller, R.J., 1998, New K-Ar and 40Ar/39Ar ages of plutonism, hydrothermal alteration, and mineralization in the central Wasatch Mountains, Utah, in John, D.A., and Ballantyne, eds., Geology and Ore Deposits of the Oquirrh and Wasatch Mountains, Utah: Society of Economic Geologists Guidebook Series, v. 29, p. 47-57. ",
UT019,"Vogel, T.A., Cambray, F.W., and Constenius, K.N., 2001, Origin and emplacement of igneous rocks in the central Wasatch Mountains, Utah: Rocky Mountain Geology, v. 36, no. 2, p. 119-162. ",
UT020,"Bryant, B., 1990, Geologic map of the Salt Lake City 30' x 60' quadrangle, north-central Utah, and Uinta County, Wyoming: U.S. Miscellaneous Investigations Series Map I-1944, scale 1:100,000. ",
UT021,"Chamberlain, R.L., 1980, Structure and stratigraphy of the Rex Peak quadrangle, Rich County, Utah: Brigham Young University Geology Studies, v. 27, pt. 3, p. 44-54. ",
UT022,"Boyd, H.A., 1995, The Laramide orogeny and associated lithostratigraphic units, southwestern Wyoming, in Jones, R.W. ed., Resources of Southwestern Wyoming: Wyoming Geological Association 1995 Field Conference Guidebook, p. 313-341. ",
UT023,"Nelson, M.E., 1973, Age and stratigraphic relations of the Fowkes formation, Eocene, of southwestern Wyoming and northeastern Utah: University of Whamming Contributions to Geology, v., 12, p. 27-31. ",
UT024,"Oaks, R.Q., Jr., and Runnells, T.R., 1992, The Wasatch Formation in the Central Bear River Range, Northern Utah: Utah Geological Survey Contract Report 92-8, 60 p. ",
UT026,"Lawton, T.F., and Weiss, M.P., 1999, Geologic map of the Wales quadrangle, Juab and Sanpete Counties, Utah: Utah Geological Survey Miscellaneous Publication 99-2, scale 1:24,000. ",
UT027,"Jensen, N.R., 1988, Geology of the Fairview 7 1/2' quadrangle, Sanpete County, Utah: Brigham Young University Geology Studies, V., 35, p. 101-121. ",
UT028,"Nethercott, M.A., 1986, Geology of the Deadman Canyon 7 1/2-Minute quadrangle, Carbon County, Utah: Brigham Young University Geology Studies v. 33, pt. 1, p. 45-85. ",
UT029,"Fouch, T.D., Lawton, T.F., Nicols, D.J., Cashion, W.B., and Cobban, W.A., 1983, Patterns and timing of synorogenic sedimentation in Upper Cretaceous rocks of central and northwest Utah, in Reynolds, M.W., and Dolley, E.D., eds., Mesozoic paleogeography of west-central United States, Symposium 2: Society of Economic Paleontologists and Mineralogists, Rocky Mountain Section, p. 305-366. ",
UT030,"Stanley, K.O., and Collinson, J.W., Depositional history of Paleocene-Lower Eocene Flagstaff Limestone and coeval rocks, central Utah: American Association of Petroleum Geologists Bulletin, v. 63, no. 3, p. 311-323. ",
UT056,"Roberts, L.N. R., and Kirschbaum, M.A., 1995, Paleogeography of the Late Cretaceous of the western interior of Middle North America--coal distribution and sediment accumulation: U.S. Geological Survey Professional Paper 1561, 115 p. ",http://pubs.er.usgs.gov/publication/pp1561
UT006,"Eppinger, R.G., Winkler, G.R., Cookro, T.M., Shubat, M.A., Blank, H.R., Crowley, J.K., Kucks, R.P. and Jones, J.L., 1990, Preliminary assessment of the mineral resources of the Cedar City 1ø x 2ø quadrangle, Utah: U.S. Geological Survey Open-File Report 90-34, 146 p. ",http://pubs.er.usgs.gov/publication/ofr9034
UT007,"Stevens, T.A., Morris, H.T., and Rowley, P.D., 1990, Geologic map of the Richfield 1øx2ø quadrangle, west-central Utah: U.S. Geological Survey Map I-1901, scale 1:250,000.  ",http://pubs.er.usgs.gov/publication/i1901
UT012,"Nolan, T.B., 1935, The Gold Hill mining district, Utah: U.S. Geological Survey Professional Paper 177, 172 p. ",http://pubs.er.usgs.gov/publication/pp177
UT025,"Steven, T. A., Morris, H.T., and Rowley, P.D., 1990, Geologic map of the Richfield 1ø x 2ø quadrangle, west-central Utah: U.S. Geological Survey Miscellaneous Investigations Series I-1901, scale: 1:250,000. ",http://pubs.er.usgs.gov/publication/i1901
UT031,"Crittenden, M.D. Jr, 1972, Geologic map of the Browns Hole quadrangle, Utah: U.S. Geological Survey Geologic Quadrangle Map GQ-968, scale 1:24,000. ",http://pubs.er.usgs.gov/publication/gq968
UT032,"Sorensen, M.L., and Crittenden, M.D. Jr., 1979, Geologic map of the Huntsville quadrangle, Weber and Cache Counties, Utah: U.S. Geological Survey Geologic Quadrangle Map GQ-1503, scale 1:24,000. ",http://pubs.er.usgs.gov/publication/gq1503
UT035,"Johnson, R.C., 1985, Early Cenozoic history of the Uinta and Piceance Creek Basins, Utah and Colorado, with special reference to the development of Eocene Lake Uinta, in Flores, R.M., and Kaplan, S.S., eds., Cenozoic Paleogeography of west-central United States, Rocky Mountain Symposium 3, Society of Economic Geologists and Paleontologists, p. 247-276. ",
UT036,"Ott, A.L., 1999, Detailed stratigraphy and stable isotope analysis of the Claron Formation, Bryce Canyon National Park, Southwestern Utah: Washington State University, Pullman, Washington, M.S. thesis, 130 p. ",
UT037,"Goldstrand, P.M., 1994, Tectonic development of Upper Cretaceous to Eocene strata of southwestern Utah: Geological Society of America Bulletin, v. 106, p. 145-154. ",
UT038,"Taylor, W.J., 1993, Stratigraphic and lithologic analysis of the Claron Formation in southwestern Utah: Utah Geological Survey Miscellaneous Publication 93-1, 52 p. ",
UT039,"DeCelles, P.G., 1994, Late Cretaceous-Paleocene synorogenic sedimentation and kinematic history of the Sevier thrust belt, northeast Utah and southwest Wyoming: Geological Society of America Bulletin, v. 106, p. 32-56. ",
UT041,"Goessel, K.M., Oaks, R.Q., Jr., Perkins, M.E., and Janecke, S.U., 1999, Tertiary stratigraphy and structural geology, Wellsville Mountains to Junction Hills, north-central Utah: Utah Geological Association Publication 27, p. 45-69. ",
UT043,"Nichols, D.J., and Bryant, B., 1990, Palynologic data from Cretaceous and lower Tertiary rocks in the Salt Lake City 30' x 60' quadrangle, in Bryant, B., Geologic map of the Salt Lake City 30' x 60' quadrangle, north-central Utah, and Uinta County, Wyoming: U.S. Miscellaneous Investigations Series Map I-1944, scale 1:100,000. ",
UT044,"Guiseppe, A.C., and Heller, P.L., 1998, Long-term river response to the regional doming in the Price River Formation, central Utah: Geology, v. 26, no. 3, p. 239-242. ",
UT073,"Ryer, T.A., 1990, The Cretaceous section at Coalville, Utah: America Association of Petroleum Geologists, v. 74, no. 8, p. 1,344. ",
UT074,"Sundberg, F.A., and McCollum, L.B., 2000, Ptychopariid trilobites of the Lower-Middle Cambrian boundary interval, Pioche Shale, southeastern Nevada: Journal of Paleontology, v. 74, no. 4, p. 604-630. ",
UT045,"Fouch, T.D., Lawton, T.F., Nichols, D.J., Cashion, W.B., and Cobban, W.A., 1983, Patterns and timing of synorogenic sedimentation in Upper Cretaceous rocks of central and northeast Utah, in, Reynolds, M.W., and Dolly, E.D., eds., Mesozoic Paleogeography of the West-Central United States, Rocky Mountain Paleogeography Symposium 2: Rocky Mountain Section Society of Economic Paleontologists and Mineralogists, p. 305-336. ",
UT046,"Sprinkel, D.A., Weiss, M.P., Fleming, R.W., and Waanders, G.L., 1999, Redefining the Lower Cretaceous stratigraphy within the central Utah foreland basin: Utah Geological Survey Special Study 97, 21 p. ",
UT049,"Malka, M., Hemming, S.R., Olsen, P.E., and Christie-Blick, N., 2002, 40Ar/39Ar ages of selected tuffs of the Green River Formation: implications for interbasin and intrabasin correlations [abst.]: Geological Society of America Abstracts with Program, v. 34, no. 6, p. 558. ",
UT051,"Hamblin, A.H., Sarjeant, W. A. S., and Spalding, D. A. E., 1999, Vertebrate footprints in the Duchesne River and Uinta formations (middle to late Eocene), Uinta Basin, Utah: Utah Geological Survey Miscellaneous Publication , v. 99-1, p .443-454. ",
UT052,"Constenius, K.N., 1996, Late Paleogene extensional collapse of the Cordilleran foreland fold and thrust belt: Geological Society of America Bulletin, v. 108, no. 1, p. 20-39. ",
UT054,"Pollock, S.L., and Lawton, T.F., 1999, Transverse and axial river systems of the Wahweap Formation, Cordilleran foreland basin, southern Utah [abs.]: American Association of Petroleum Geologists 1999 Annual Meeting Extended Abstracts, v. 1999, p. A111. ",
UT057,"Carroll, R.E., 1987, Geology of the Standardville 7 1/2' quadrangle, Carbon County, Utah: Brigham Young University Geology Studies, v. 34, pt. 1, p. 1-32. ",
UT058,"Currie, B.S., 2002, Structural configuration of the Early Cretaceous Cordilleran foreland-basin system and Sevier thrust belt, Utah and Colorado: Journal of Geology, v. 110, p. 697-718. ",
UT034,"Fouch, T.D., 1976, Revision of the lower part of the Tertiary System in the central and western Uinta Basin, Utah: U.S. Geological Survey Bulletin 1405-C, 6 p. ",http://pubs.er.usgs.gov/publication/b1405C
UT042,"Dover, J.H., 1995, Geologic map of the Logan 30' x 60' quadrangle, Cache and Rich Counties, Utah, and Lincoln and Uinta Counties, Wyoming: U.S. Geological Survey Miscellaneous Investigations Series I-2210, scale 1:100,000. ",http://pubs.er.usgs.gov/publication/i2210
UT047,"Witkind, I.J., Weiss, M.P., and Brown, T.L., 1987, Geologic map of the Manti 30' x 60' quadrangle, Carbon, Emery, Juab, Sanpete, and Sevier counties, Utah: U.S. Geological Survey Miscellaneous Investigations Series Map I-1631, scale 1:100.000. ",http://pubs.er.usgs.gov/publication/i1631
UT050,"Rowley, P.D., Hansen, W.R., Tweto, O., and Carrara, P.E., 1985, Geologic map of the Vernal 1ø x 2ø quadrangle, Colorado, Utah, and Wyoming: U.S. Geological Survey Miscellaneous Investigations Series I-1526, scale 1:250,000. ",http://pubs.er.usgs.gov/publication/i1526
UT055,"Hettinger, R.D. and Kirschbaum, M.A., 2002, Stratigraphy of the Upper Cretaceous Mancos Shale (upper part) and Mesaverde Group in the southern part of the Uinta and Piceance basins, Utah and Colorado: U.S. Geological Survey Investigations Series I-2764, 21 p., 2 sheets, http://greenwood.cr.usgs.gov/pub/i-maps/i-2764/  ",http://pubs.er.usgs.gov/publication/i2764
UT048,"Bryant, B., Naeser, C.W., Marvin, R.F., and Mehnert, H.H., 1987, Ages of late Paleogene and Neogene tuffs and the beginning of rapid regional extension, eastern boundary of the Basin and Range province near Salt Lake City, Utah: U. S. Geological Survey Bulletin 17870 J,K, p. J1-J22. ",http://pubs.er.usgs.gov/publication/b1787JK
UT059,"Cobban, W.A., Dyman, T.S., Pollock, G.L., Takahashi, K.I., Davis, L.E., and Riggin, D.B., 2000, Inventory of dominantly marine and brackish-water fossils from Late Cretaceous rocks in and near Grand Staircase-Escalante National Monument, Utah, in Sprinkel, D.A., Chidsey, Jr., T.C., and Anderson, P.B., Geology of Utah's Parks and Monuments: Utah Geological Association Publication 28, p. 579-589. ",
UT060,"Biek, R.G., Willis, G.C., Hylland, M.D., and Doelling, H.H., 2000, Geology of Zion National Park, Utah, in Sprinkel, D.A., Chidsey, Jr., T.C., and Anderson, P.B., Geology of Utah's Parks and Monuments: Utah Geological Association Publication 28, p. 107-138.` ",
UT061,"Baars, D.L., 2000, Geology of Canyonlands National Park Utah, in Sprinkel, D.A., Chidsey, Jr., T.C., and Anderson, P.B., Geology of Utah's Parks and Monuments: Utah Geological Association Publication 28, p. 61-83. ",
UT062,"Doelling, H.H., 2000, Geology of Arches National Park, Grand County, Utah, in Sprinkel, D.A., Chidsey, Jr., T.C., and Anderson, P.B., Geology of Utah's Parks and Monuments: Utah Geological Association Publication 28, p. 11-36. ",
UT063,"Anderson, P.B., Chidsey, Jr., T.C., Sprinkel, D.A., and Willis, G.C., 2000, Geology of Glen Canyon National Recreation Area, Utah and Arizona, in Sprinkel, D.A., Chidsey, Jr., T.C., and Anderson, P.B., Geology of Utah's Parks and Monuments: Utah Geological Association Publication 28, p. 301-335. ",
UT064,"Huntoon, J.E., Stanesco, J.D., Dubiel, R.F., and Dougan, J., 2000, Geology of Natural Bridges National Monument, Utah, in Sprinkel, D.A., Chidsey, Jr., T.C., and Anderson, P.B., Geology of Utah's Parks and Monuments: Utah Geological Association Publication 28, p. 233-249. ",
UT065,"Morris, T.H., Manning, V.W., and Ritter, S.M., 2000, Geology of Capitol Reef National Park, Utah: in Sprinkel, D.A., Chidsey, Jr., T.C., and Anderson, P.B., Geology of Utah's Parks and Monuments: Utah Geological Association Publication 28, p. 85-105. ",
UT066,"Chidsey, Jr., T.C., Willis, G.C., Sprinkel, D.A., and Anderson, P.B., 2000, Geology of Rainbow Bridge National Monument, Utah: in Sprinkel, D.A., Chidsey, Jr., T.C., and Anderson, P.B., Geology of Utah's Parks and Monuments: Utah Geological Association Publication 28, p. 251-262. ",
UT067,"Gregson, J.D., and Chure, D.J., 2000, Geology and Paleontology of Dinosaur National Monument, Utah-Colorado, in Sprinkel, D.A., Chidsey, Jr., T.C., and Anderson, P.B., Geology of Utah's Parks and Monuments: Utah Geological Association Publication 28, p. 155-188. ",
UT068,"Willis, J.B., and Willis, G.C., 2000, Geology of Wasatch Mountain State Park, Utah, in Sprinkel, D.A., Chidsey, Jr., T.C., and Anderson, P.B., Geology of Utah's Parks and Monuments: Utah Geological Association Publication 28, p. 495-516. ",
UT069,"Sprinkel, D.A., Park, B., and Stevens, M., Geology of Sheep Creek Canyon Geological Area, Northeastern Utah, in Sprinkel, D.A., Chidsey, Jr., T.C., and Anderson, P.B., Geology of Utah's Parks and Monuments: Utah Geological Association Publication 28, p. 517-528. ",
UT070,"Chure, D.J., 1993, The first record of ichthyosaurs from Utah: Brigham Young University Geology Studies 39, p. 65-69. ",
UT071,"Prothero, D.R., 1983, The oldest mammalian petrosals from North America: Journal of Paleontology, v. 57, no. 5, p. 1,040-1,046. ",
UT072,"Schneider, H., and Kenrick, P., 2001, Review of Palaeobotany and Palynology, v. 115, no. 1-2, p. 33-41. ",
UT075,"Ritter, S.M., 1991, Conodont-based revision of Upper Devonian-Lower Pennsylvanian stratigraphy in the Lake Mead region of northwestern Arizona and southeastern Nevada: Brigham Young University Geology Studies v. 37, p. 125-138. ",
UT076,"Hintze, L.F., 1986, Stratigraphy and structure of the Beaver Dam Mountains, southwestern Utah: Utah Geological Association Publication 15, p. 1-36. ",
UT079,"Stevenson, G.M., 2002, Geology of Goosenecks State Park, San Juan County, Utah, in Sprinkel, D.A., Chidsey, Jr., T.C., and Anderson, P.B., Geology of Utah's Parks and Monuments: Utah Geological Association Publication 28, p. 433-447. ",
UT080,"Willis, G.C., Yonkee, W.A., Doelling, H.H., and Jensen, M.E., 2000, Geology of Antelope Island State Park, Utah, in Sprinkel, D.A., Chidsey, Jr., T.C., and Anderson, P.B., Geology of Utah's Parks and Monuments: Utah Geological Association Publication 28, p. 337-364. ",
UT081,"Hendrix, M.S., and Byers, C.W., 2000, Stratigraphy and sedimentology of Permian strata, Uinta Mountains, Utah; allostratigraphic controls on the accumulation of economic phosphate: Society for Sedimentary Geology, v. 66, p. 349-367. ",
UT083,"Sears, J.W., Graf, P.J., and Holden, G.S., 1982, Tectonic evolution of lower Proterozoic rocks, Uinta Mountains, Utah and Colorado: Geological Society of America Bulletin, v. 93, no. 10, p. 990-997. ",
UT084,"Sprinkel, D.A., 2000, Geology of Flaming Gorge National Recreational Area, Utah-Wyoming, in Sprinkel, D.A., Chidsey, Jr., T.C., and Anderson, P.B., Geology of Utah's Parks and Monuments: Utah Geological Association Publication 28, p. 277-299. ",
UT085,"Nelson, S.T., Harris, R.A., Dorais, M.J., Heizler, M., Constenius, K., and Barnett, D.E., 2002, Basement complexes in the Wasatch Fault, Utah, provide new limits on crustal accretion: Geology, v. 30, no. 9, p. 831-834. ",
UT086,"Christie-Blick, N., 1997, Neoproterozoic sedimentation and tectonics in west-central Utah: Brigham Young University Geology Studies, v. 42, pt. 1, p. 1-30. ",
UT087,"Ehlers, T.A, Chan, M.A., and Link, P.K., 1997, Proterozoic tidal, glacial and fluvial sedimentation in Big Cottonwood Canyon, Utah: Brigham Young University Geology Studies, v. 42, pt. 1, p. 31-58. ",
UT088,"Hawkins, D.P., Bowring, S.A., Ilg, B.R., Karlstrom, K.E., and Williams, M.L., 1996, U-Pb geochronologic constraints on the Paleoproterozoic crustal evolution of the Upper Granite Gorge, Grand Canyon, Arizona: Geological Society of America Bulletin, v. 108, no. 9, p. 1167-1181. ",
UT089,"Dehler, C.M., Elrick, M., Karlstrom, K.E., Smith, G.A., Crossey, L.J., and Timmons, J.M., 2001, Neoproterozoic Chuar Group ( approximately 800-742 Ma), Grand Canyon; a record of cyclic marine deposition during global cooling and supercontinent rifting: Sedimentary Geology, v. 141-142, p. 465-499. ",
UT090,"Chidsey, T.C., Jr., 1998, Hydrocarbon potential in the Grand Staircase-Escalante National Monument, Utah : Petroleum News (Salt Lake City), v. January, p. 9.  ",
UT078,"Condon, S.M., 1995, Geology of pre-Pennsylvanian rocks in the Paradox Basin and adjacent areas, southern Utah and southwestern Colorado: U.S. Geological Survey Bulletin 2000-G, p. G1-G35. ",http://pubs.er.usgs.gov/publication/b00G
UT091,"Link, P.K. Smith and L.H., 1992, Late Proterozoic and Early Cambrian stratigraphy, paleobiology, and tectonics; northern Utah and southeastern Idaho in Wilson, J.R. ed., Field guide to geologic excursions in Utah and adjacent areas of Nevada, Idaho, and Wyoming: Utah Geological Survey Miscellaneous Publication v. 92-3, p. 461-481. ",
UT092,"Dudash, S. L., Hoisch, T., and Wells, M., 2001, Polymetamorphism of Archean pelitic schist in the Grouse Creek Mountains, northwestern Utah [abst.]: Geological Society of America Abstracts with Programs, v. 33, no. 3, p. 51.  ",
UT093,"Smith, K.A., Goessel, K.M., Oaks, R.Q., Jr; Perkins, M.E., and Nash, W. P., 1997, Lenticular Paleogene units in Cache Valley, Utah, constrain tectonic history of northeastern Basin-and-Range Province [abst.]: Geological Society of America Abstracts with Programs, v. 29, no. 6, p. 349.  ",
UT100,"Mattox, S R. and Weiss, M.P., 1989, Stratigraphic relations of the Eocene Green River and Crazy Hollow formations, central Utah [abst.]: Geological Society of America Abstracts with Programs v. 21, no. 5, p. 113.  ",
UT101,"Willis, G.C., 1987, The late Eocene formation of Aurora, a replacement for the abandoned Bald Knoll Formation in the Sevier Valley area, central Utah [abst.]: Geological Society of America Abstracts with Programs, v. 19, no. 5, p. 343.  ",
UT102,"Hannah, J. L., Stein, H. J., and Snee, L.W., 1995, Examining the caldera-ore deposit connection; hydrothermal activity during resurgence of the Tintic Caldera, Utah [abst.] Geological Society of America Abstracts with Programs v. 27, no. 6, p.327.  ",
UT103,"Currie, B.S., 1998, Upper Jurassic-Lower Cretaceous Morrison and Cedar Mountain formations, NE Utah-NW Colorado; relationships between nonmarine deposition and early Cordilleran foreland-basin development: Journal of Sedimentary Research, v. 68, no. 4, p. 632-652.  ",
UT104,"Jordan, T.E., 1985, Tectonic setting and petrography of Jurassic foreland basin sandstones, Idaho-Wyoming-Utah: Utah Geological Association Publication, v. 14, p. 201-213.  ",
UT105,"Hintze, L.F., and Davis, F.D., 2002, Geologic map of the Wah Wah Mountains North 30' x 60' quadrangle and part of the Garrison 30' x 60' quadrangle, southwest Millard County and part of Beaver County, Utah: Utah Geological Survey Map 182, scale 1:100,000. ",
UT106,"Hintze, L.F., and Davis, F.D., 2002, Geologic map of the Tule Valley 30' x 60' quadrangle and parts of the Ely, Fish Springs, and Kern Mountains 30' x 60' quadrangles, northwest Millard County, Utah: Utah Geological Survey Map 186, scale 1: 100,000.  ",
UT107,"Hintze, L.F., and Davis, F.D., 2002, Geologic map of the Delta 30' x 60' quadrangle and parts of the Lynndyl 30' x 60' quadrangle, northeast Millard County and parts of Juab, Sanpete, and Sevier Counties, Utah: Utah Geological Survey Map 185, scale 1:100,000. ",
UT094,"Rowley, P.D., Mehnert, H.H., Naeser, C.W., Snee, L.W., Cunningham, C.G., Steven, T.A., Anderson, J.J., Sable, E.G., and Anderson, R.E., 1994, Isotopic ages and stratigraphy of Cenozoic rocks in the Marysvale volcanic field and adjacent areas, west-central Utah : U.S. Geological Survey Bulletin 2071, 35 p. ",http://pubs.er.usgs.gov/publication/b2071
UT099,"Witkind, I.J., 1981, Reconnaissance geologic map of the Redmond quadrangle, Sampete and Sevier Counties, Utah: U.S. Geological Survey Miscellaneous Investigations Series Map I-1304 A, scale 1:24,000. ",http://pubs.er.usgs.gov/publication/i1304A
UT095,"Johnson, M., Dixon, G.L., Rowley, P.D., Katzer, T. C., and Winters, M., 2002, Hydrology and ground-water conditions of the Tertiary Muddy Creek Formation in the lower Virgin River basin of southeastern Nevada and adjacent Arizona and Utah in Lund, W.R. ed., Field Guide to Geologic Excursions in Southwestern Utah and Adjacent Areas of Arizona and Nevada: U. S. Geological Survey Report: OF 02-0172, p. 284-315  ",http://pubs.er.usgs.gov/publication/ofr02172
UT096,"Rowley, P.D., Cunningham, C.G., Anderson, J.J., Steven, T.A., Workman, J.B., and Snee, L.W., 2002, Geology and mineral resources of the Marysvale volcanic field, southwestern Utah in Lund, W.R., ed., Field Guide to Geologic Excursions in Southwestern Utah and Adjacent Areas of Arizona and Nevada : U. S. Geological Survey Report: OF 02-0172, p. 131-170.  ",http://pubs.er.usgs.gov/publication/ofr02172
UT097,"Rowley, P.D., Nealey, L. D., Unruh, D.M., Snee, L.W., Mehnert, H.H., Anderson, R E., and Gromme, C. S., 1995, Stratigraphy of Miocene ash-flow tuffs in and near the Caliente Caldera complex, southeastern Nevada and southwestern Utah: U. S. Geological Survey Bulletin B 2056, p. 47-88.  ",http://pubs.er.usgs.gov/publication/b2056
UT098,"Rowley, P. D., Cunningham, C. G., Steven, T. A., Workman, J. B., Anderson, J. J., and Theissen, K.M., 2002, Geologic map of the central Marysvale volcanic field, southwestern Utah: - U. S. Geological Survey Geologic Miscellaneous Investigations Series Map I-2645-A, 1 sheet, scale 1:000,000.  ",http://pubs.er.usgs.gov/publication/i2645A
UT003,"Cunningham, C.G., Stevens, T.A., Rowley, P.D., Glassgold, L.B., and Anderson, J.J., 1993, Geologic map of the Tushar Mountains and adjoining areas, Marysvale volcanic field, Utah: U.S. Geological Survey Miscellaneous Investigations Series Map I-1430A, scale 1:50,000. ",http://pubs.er.usgs.gov/publication/i1430A
UT033,"Franczyk, K.J., Fouch, T.D., Johnson, R.C., Molenaar, C.M., and Cobban, W.A., 1992, Cretaceous and Tertiary paleogeographic reconstructions for the Uinta-Piceance Basin study area, Colorado and Utah: U.S. Geological Survey Bulletin 1787-Q, 37 p. ",http://pubs.er.usgs.gov/publication/b1787Q
UT040,"Sable, E.G., and Maldonado, F., 1997, The Brian Head Formation (revised) and selected Tertiary sedimentary rock units, Markagunt Plateau and adjacent areas, southwestern Utah, in Maldonado, F., and Nealey, L.D., Geologic Studies in the Basin and Range-Colorado Plateau Transition in Southeastern Nevada, Southwestern Utah, and Northwestern Arizona, 1995: U.S. Geological Survey Bulletin 2153, p. 5-26. ",http://pubs.er.usgs.gov/publication/b2153
UT077,"Billingsley, G.H., 1992, Geologic map of the Jumpup Canyon and Big Springs quadrangles, Mohave and Coconino Counties, Arizona: U.S. Geological Survey Miscellaneous Investigation Series I-2290, scale 1:62,500. ",http://pubs.er.usgs.gov/publication/i2290
UT082,"Davis, L.E., Webster, G.D., and Dyman, T.S., 1994, Correlation of the West Canyon, Lake Point, and Bannock Peak Limestones (Upper Mississippian to Middle Pennsylvanian) basal formations of the Oquirrh Group, northern Utah and southeastern Idaho: U.S. Geological Survey Bulletin 2088, 30 p. ",http://pubs.er.usgs.gov/publication/b2088
UT053,"Dyman, T.S., Cobban, W.A., Davis, L.E., Eves, R.L., Pollock, G.L., Obradovich, J. D., Titus, A.L.,Takahashi, K.I., Hester, T.C., and Cantu, D, 2002, Upper Cretaceous marine and brackish water strata at Grand Staircase-Escalante National Monument, Utah in Lund, W.R., ed., Field guide to geologic excursions in southwestern Utah and adjacent areas of Arizona and Nevada: U. S. Geological Survey Open-File Report 2002-172, pp.171-198.  ",http://pubs.er.usgs.gov/publication/ofr02172
