state,orig_label,map_sym1,map_sym2,unit_link,prov_no,province,unit_name,unit_age,unitdesc,strat_unit,unit_com,map_ref,rocktype1,rocktype2,rocktype3,unit_ref,map_symb2
UT  ,Ti,Ti,Ti;1,UTTi;1,1,Northwestern Utah,Tertiary intrusive rocks in northwestern Utah,Oligocene,,,granitic rock 26 my,UT001,granodiorite,quartz monzonite,diorite,UT001 UT002 UT008 ,
UT  ,M1,M1,M1;5,UTM1;5,5,Central Utah,Mississippian (1) carbonate rocks in central Utah,Late Devonian to Mississippian,,Gardison Limestone and Fitchville Formation,,UT001,limestone,dolostone (dolomite),,UT001 UT002 ,
UT  ,Ql,Ql,Ql;0,UTQl;0,0,Statewide,Quaternary Lake Bonneville deposits,Quaternary,,,,UT001,clay or mud,sand,gravel; silt,UT001 UT002 UT005 ,
UT  ,Qls,Qls,Qls;0,UTQls;0,0,Statewide,Quaternary landslides,Quaternary,,,,UT001,landslide,,,UT001 ,
UT  ,Qr,Qr,Qr;0,UTQr;0,0,Statewide,Quaternary rhyolites,Quaternary,,,,UT001,rhyolite,,,UT001 UT002 ,
UT  ,C3,CA3,CA3;5,UTCA3;5,5,Central Utah,Upper Cambrian carbonate rocks in central Utah,Middle Cambrian to Early Ordovician,,"Opex Formation, Ajax Dolomite, and Maxwell Limestone",,UT001,dolostone (dolomite),limestone,shale; chert,UT001 UT002 ,
UT  ,T5,T5,T5;8,UTT5;8,8,Southwestern Utah,Tertiary (5) sedimentary rocks in southwestern Utah,Miocene to Pliocene,,Sevier River Formation,,UT001,sandstone,conglomerate,,UT001 UT006 ,
UT  ,P2,P2,P2;7,UTP2;7,7,Southeastern Utah,Permian (2) sedimentary rocks in southeastern Utah,Early Permian,,Kaibab Limestone,not present everywhere due to erosion or nondeposition,UT001,limestone,,,UT001 UT002 ,
UT  ,PCm,pCAm,pCAm;2,UTpCAm;2,2,Logan-Huntsville Allochthon,Older Precambrian metamorphic rocks in Logan-Huntsville Allochthon,Proterozoic X,,Facer Formation,,UT001,quartzite,schist,marble; amphibolite,UT001 UT002 ,
UT  ,playa,playa,playa;0,UTplaya;0,0,Statewide,playa,Holocene,,,,UT001,playa,,,UT001 ,
UT  ,T4,T4,T4;1,UTT4;1,1,Northwestern Utah,Tertiary (4) sedimentary rocks in northwestern Utah,Middle Miocene to Late Pliocene,,Salt Lake Formation,,UT001,mudstone,sandstone,conglomerate,UT001 UT002 ,
UT  ,M1,M1,M1;2,UTM1;2,2,Logan-Huntsville Allochthon,Mississippian (1) carbonate rocks in Logan-Huntsville Allochthon,Mississippian,,Lodgepole Limestone,,UT001,limestone,,,UT001 UT002 ,
UT  ,P2,P2,P2;6,UTP2;6,6,Uinta Mountains-Uinta Basin,Permian (2) sedimentary rocks in Uinta Mountains-Uinta Basin region,Permian,,Park City Formation,marine,UT001,sandstone,carbonate,fine-grained mixed clastic; phosphorite,UT001 UT050 UT067 UT081 ,
UT  ,P2,P2,P2;8,UTP2;8,8,Southwestern Utah,Permian (2) sedimentary rocks in southwestern Utah,Early Permian,,Toroweap Formation and Kaibab Limestone,shallow marine to sabkha,UT001,limestone,evaporite,chert,UT001 UT002 UT060 ,
UT  ,T4,T4,T4;5,UTT4;5,5,Central Utah,Tertiary (4) sedimentary rocks in central Utah,Middle Miocene to Late Pliocene,,Salt Lake Formation,,UT001,medium-grained mixed clastic,alluvium,limestone; pyroclastic,UT001 UT002 ,
UT  ,Jg,JTR,JTR;6,UTJTR;6,6,Uinta Mountains-Uinta Basin,Triassic and Jurassic sedimentary rocks in Uinta Mountains-Uinta Basin region,Early Jurassic,,Glen Canyon Sandstone,"correlative with Navajo, Nugget; eolian deposit",UT001,sandstone,,,UT001 UT067 ,
UT  ,D,D,D;2,UTD;2,2,Logan-Huntsville Allochthon,Devonian sedimentary rocks in Logan-Huntsville Allochthon,Devonian,,"Leatham and Water Canyon Formations, Beirdneau Sandstone, and Hyrum Dolomite",,UT001,dolostone (dolomite),sandstone,siltstone; mudstone,UT001 UT002 ,
UT  ,Qg,Qg,Qg;0,UTQg;0,0,Statewide,Quaternary glacial deposits,Quaternary,,,,UT001,glacial drift,,,UT001 ,
UT  ,D,D,D;3,UTD;3,3,Salt Lake City-Coalville-Randolph,Devonian sedimentary rocks in Salt Lake City-Coalville-Randolph region,Devonian,,"Water Canyon Formation, Beirdneau Sandstone, and Hyrum Dolomite",missing in Salt Lake City area,UT001,dolostone (dolomite),sandstone,,UT001 UT002 ,
UT  ,D,D,D;4,UTD;4,4,Western Utah,Devonian sedimentary rocks in western Utah,Devonian to Mississippian,,"Guilmette Formation, Pilot Shale, and Simonson and Sevy Dolomites",shallow platform,UT001,dolostone (dolomite),limestone,siltstone; mudstone,UT001 UT002 ,
UT  ,D,D,D;5,UTD;5,5,Central Utah,Devonian sedimentary rocks in central Utah,Devonian,,Victoria Formation and Pinyon Peak Limestone,,UT001,limestone,sandstone,dolostone (dolomite),UT001 UT002 ,
UT  ,Jg,JTR,JTR;7,UTJTR;7,7,Southeastern Utah,Triassic and Jurassic sedimentary rocks in southeastern Utah,Early Jurassic,,Kayenta Formation and Glen Canyon and Wingate Sandstone,Eolian and floodplain fluvial,UT001,sandstone,mudstone,limestone,UT001 UT065 UT066 ,
UT  ,M3,M3,M3;2,UTM3;2,2,Logan-Huntsville Allochthon,Mississippian (3) sedimentary rocks in Logan-Huntsville Allochthon,Mississippian,,Doughnut Formation and Manning Canyon Shale,,UT001,shale,limestone,dolostone (dolomite); black shale; chert,UT001 UT002 ,
UT  ,M3,M3,M3;4,UTM3;4,4,Western Utah,Mississippian (3) sedimentary rocks in western Utah,Mississippian,,Chainman Shale,,UT001,fine-grained mixed clastic,black shale,limestone,UT001 UT002 ,
UT  ,D,D,D;8,UTD;8,8,Southwestern Utah,Devonian sedimentary rocks in southewestern Utah,Devonian,,Temple Butte and Muddy Peak Limestones,no Ordovician or Silurian in southwest or east Utah; either not deposited or eroded,UT001,dolostone (dolomite),limestone,sandstone; shale,UT001 UT002 UT075 ,
UT  ,M3,M3,M3;5,UTM3;5,5,Central Utah,Mississippian (3) sedimentary rocks in central Utah,Mississippian,,Manning Canyon Shale,contains land plants and shallow water marine,UT001,shale,limestone,,UT001 UT002 ,
UT  ,J1,J1,J1;3,UTJ1;3,3,Salt Lake City-Coalville-Randolph,Jurassic (1) sedimentary rocks in Salt Lake City-Coalville-Randolph region,Middle to Late Jurassic,,Stump and Preuss Sandstones and Twin Creek Limestone,these Jurassic rocks foreland basin of Jurassic thrust belt (Jordon),UT001,limestone,sandstone,fine-grained mixed clastic; evaporite,UT001 UT067 UT068 UT103 UT104 ,
UT  ,J1,J1,J1;5,UTJ1;5,5,Central Utah,Jurassic (1) sedimentary rocks in central Utah,Middle Jurassic,,"Twist Gulch and Carmel Formations, Arapien Shale, Twin Creek Limestone,and Entrada Sandstone","marine, saline-rich basin",UT001,mudstone,sandstone,limestone; evaporite,UT001 UT002 UT047 ,
UT  ,K3,K3,K3;5,UTK3;5,5,Central Utah,Cretaceous (3) sedimentary rocks in central Utah,Late Cretaceous,,Price River and South Flat Formations,"non-marine; in the San Pitch Mountains, Lawton and Weiss include Price River Formation conglomerates in the North Horn Formation",UT001,sandstone,mudstone,conglomerate,UT001 UT002 UT026 UT044 ,
UT  ,K2,K2,K2;8,UTK2;8,8,Southwestern Utah,Cretaceous (2) sedimentary rocks in southwestern Utah,Late Cretaceous,, Iron Springs Formation ,"Straingh Cliffs-to west fluvial, marine intertongues to east; Wahweap deposited from north- northeast flowing river and uppermost ss deposited by east- southeast-flowing river Pollock and Lwaton (1999)",UT001,sandstone,mudstone,black shale; coal,UT001 UT053 UT054 ,
UT  ,K3,K3,K3;6,UTK3;6,6,Uinta Mountains-Uinta Basin,Cretaceous (3) sedimentary rocks in Uinta Mountains-Uinta Basin region,Late Cretaceous,,Mesaverde Group,,UT001,sandstone,shale,coal,UT001 UT050 ,
UT  ,J2,J2,J2;6,UTJ2;6,6,Uinta Mountains-Uinta Basin,Jurassic (2) sedimentary rocks in Uinta Mountains-Uinta Basin region,Late Jurassic,,Morrison Formation,"continental, fluvial",UT001,shale,sandstone,limestone; conglomerate,UT001 UT065 UT067 ,
UT  ,P2,P2,P2;4,UTP2;4,4,Western Utah,Permian (2) sedimentary rocks in western Utah,Permian,,Plympton Formation and Gerster and Kaibab Limestones,,UT001,carbonate,fine-grained mixed clastic,chert,UT001 UT002 ,
UT  ,P2,P2,P2;5,UTP2;5,5,Central Utah,Permian (2) sedimentary rocks in central Utah,Permian,,Park City and Phosphoria Formations,marine,UT001,limestone,mudstone,sandstone; phosphorite; dolostone (dolomite),UT001 UT002 ,
UT  ,J2,J2,J2;7,UTJ2;7,7,Southeastern Utah,Jurassic (2) sedimentary rocks in southeastern Utah,Late Jurassic,,Morrison Formation,"continental environment, braided rivers and streams, overbank mudstones. dinosaur fossils",UT001,shale,sandstone,conglomerate,UT001 UT062 UT065 ,
UT  ,Ji,Ji,Ji;0,UTJi;0,0,Western Utah,Jurassic intrusive rocks in western Utah,Jurassic,,"Newfoundland Mountains, Crater Island, Silver Island, Gold Hill, and Notch Peak plutons",,UT001,granodiorite,monzodiorite,monzonite; quartz monzonite; diorite; granite; aplite,UT001 UT106 ,
UT  ,Jg,JTR,JTR;3,UTJTR;3,3,Salt Lake City-Coalville-Randolph,Triassic and Jurassic sedimentary rocks in Salt Lake City-Coalville-Randolph region,Early Jurassic,,Glen Canyon Sandstone,eolian,UT001,sandstone,,,UT001 UT068 ,
UT  ,Jg,JTR,JTR;4,UTJTR;4,4,Western Utah,Triassic and Jurassic sedimentary rocks in western Utah,Early Jurassic,,Glen Canyon Sandstone,Metamorphosed to quartzite at Blue Mountain; 2000 feet thick; most places not present: eroded,UT001,sandstone,,,UT001 UT002 ,
UT  ,Jg,JTR,JTR;5,UTJTR;5,5,Central Utah,Triassic and Jurassic sedimentary rocks in central Utah,Early Jurassic,,Glen Canyon Sandstone,eolian,UT001,sandstone,,,UT001 UT068 ,
UT  ,C3,CA3,CA3;4,UTCA3;4,4,Western Utah,Upper Cambrian carbonate rocks in western Utah,Middle Cambrian to Early Ordovician,,"Notch Peak, Orr, Lamb, Weeks, and Wah Wah Summit formations",shallow platform,UT001,limestone,dolostone (dolomite),shale,UT001 UT002 ,
UT  ,C1,CA1,CA1;1,UTCA1;1,1,Northwestern Utah,Cambrian quartzite in northwestern Utah,Cambrian?,,"Schist of Mahogany Peaks, Quartzite of Clarks Basin",,UT001,schist,quartzite,,UT001 UT002 ,
UT  ,C1,CA1,CA1;2,UTCA1;2,2,Logan-Huntsville Allochthon,Cambrian quartzite in Logan-Huntsville Allochthon,Early to Middle Cambrian,,Geertsen Canyon Quartzite [upper part of the Bingham Group],,UT001,arenite,conglomerate,siltstone; mudstone,UT001 UT002 ,
UT  ,C1,CA1,CA1;3,UTCA1;3,3,Salt Lake City-Coalville-Randolph,Cambrian quartzite in Salt Lake City-Coalville-Randolph region,Early to Middle Cambrian,,Tintic Quartzite,"beach, coastal plain",UT001,arenite,conglomerate,,UT001 UT002 UT020 ,
UT  ,C1,CA1,CA1;4,UTCA1;4,4,Western Utah,Cambrian quartzite in western Utah,Early Cambrian,,Prospect Mountain Quartzite,near edge of rifted margin,UT001,arenite,conglomerate,,UT001 UT002 ,
UT  ,C1,CA1,CA1;5,UTCA1;5,5,Central Utah,Cambrian quartzite in central Utah,Early to Middle Cambrian,,Tintic Quartzite,,UT001,arenite,conglomerate,,UT001 UT068 ,
UT  ,C1,CA1,CA1;6,UTCA1;6,6,Uinta Mountains-Uinta Basin,Cambrian quartzite in Uinta Mountains-Uinta Basin area,Early to Middle Cambrian,,Lodore Sandstone,"Younger than C1 Prospect Mountain (Hinze, 1988 Cambrian correlation chart)",UT001,sandstone,shale,conglomerate,UT001 UT067 ,
UT  ,C1,CA1,CA1;8,UTCA1;8,8,Southwestern Utah,Cambrian quartzite in southwestern Utah,Early to Middle Cambrian,,Prospect Mountain Quartzite,beach sands; subsidence due to rifting,UT001,arenite,,,UT001 UT002 ,
UT  ,C2,CA2,CA2;2,UTCA2;2,2,Logan-Huntsville Allochthon,Middle Cambrian shale and carbonate rocks in Logan-Huntsville Allochthon,Middle Cambrian,,"Bloomington, Blacksmith, Ute, and Langston Formations",,UT001,dolostone (dolomite),shale,limestone,UT001 UT002 UT042 ,
UT  ,C2,CA2,CA2;3,UTCA2;3,3,Salt Lake City-Coalville-Randolph,Middle Cambrian shale and carbonate rocks in Salt Lake City-Coalville-Randolph region,Middle Cambrian,,Bloomington and Ophir Formations and Maxfield Limestone,Bloomington Formation missing in Salt Lake City area,UT001,carbonate,shale,sandstone,UT001 UT002 UT020 ,
UT  ,C2,CA2,CA2;4,UTCA2;4,4,Western Utah,Middle Cambrian shale and carbonate rocks in western Utah,Middle Cambrian,,"Marjum/Pierson Cove, Whirlwind, and Chisholm Formations, Wheeler and Pioche Shales, and Trippe, Swasey, Dome, and Howell Limetones",shallow platform,UT001,limestone,shale,dolostone (dolomite); argillite,UT001 UT002 UT074 ,
UT  ,C2,CA2,CA2;5,UTCA2;5,5,Central Utah,Middle Cambrian shale and carbonate rocks in central Utah,Middle Cambrian,,"Ophir Formation, Maxwell, Herkimer, and Teutonic Limestones, and Cole Canyon, bluebird, and Dagmar Dolomites",,UT001,dolostone (dolomite),limestone,shale,UT001 UT002 ,
UT  ,C2,CA2,CA2;6,UTCA2;6,6,Uinta Mountains-Uinta Basin,Middle Cambrian shale and carbonate rocks in Uinta Mountains-Uinta Basin area,Middle Cambrian,,Maxfield Limestone,not used many places; Rowley and others (1985 map) doesn't show the Maxfield. Hinze (1988) correlation shows age overlapping with Lodore Sandstone,UT001,limestone,,,UT001 UT002 ,
UT  ,C2,CA2,CA2;8,UTCA2;8,8,Southwestern Utah,Middle Cambrian shale and carbonate rocks in southwestern Utah,Middle Cambrian,,"Nopah and Bonanza King Formations, Pioche Shale, and Muav Limestone",,UT001,dolostone (dolomite),argillite,limestone,UT001 UT002 UT074 ,
UT  ,C3,CA3,CA3;2,UTCA3;2,2,Logan-Huntsville Allochthon,Upper Cambrian carbonate rocks in Logan-Huntsville Allochthon,Middle Cambrian to Early Ordovician,,"St. Charles Formation, Worm Creek Quartzite, and Nounan Dolomite",,UT001,dolostone (dolomite),arenite,siltstone; mudstone; limestone,UT001 UT002 UT042 ,
UT  ,C3,CA3,CA3;3,UTCA3;3,3,Salt Lake City-Coalville-Randolph,Upper Cambrian carbonate rocks in Salt Lake City-Coalville-Randolph region,Middle Cambrian to Early Ordovician,,St. Charles Formation and Nounan Dolomite,missing in the Salt Lake City area,UT001,dolostone (dolomite),sandstone,,UT001 UT002 ,
UT  ,J1,J1,J1;6,UTJ1;6,6,Uinta Mountains-Uinta Basin,Jurassic (1) sedimentary rocks in Uinta Mountains-Uinta Basin region,Middle to Late Jurassic,,Carmel Formation and Stump and Entrada Sandstones,"In places, known as Curtis Member of Stump Formation. Shallow marine to restricted marine (Carmel), eolian (Entrada Sandstone), marine (Stump/Curtis)",UT001,sandstone,mudstone,limestone; evaporite,UT001 UT002 UT050 UT067 UT070 ,
UT  ,J1,J1,J1;7,UTJ1;7,7,Southeastern Utah,Jurassic (1) sedimentary rocks in southeastern Utah,Middle to Late Jurassic,,"San Rafael Group, Wanakah and Carmel Formations, and Entrada and Page Sandstones","restricted marine to marginal marine: sabkha, marine, tidal flat. Doelling (2000) includes Summerville and above in Morrison Formation",UT001,sandstone,mudstone,limestone; evaporite,UT001 UT002 UT062 UT065 ,
UT  ,J1,J1,J1;8,UTJ1;8,8,Southwestern Utah,Jurassic (1) sedimentary rocks in southeastern Utah,Middle Jurassic,,Carmel Formation and Entrada Sandstone,"Shallow marine, sabkha, tidal flat",UT001,sandstone,limestone,mudstone; evaporite,UT001 UT060 ,
UT  ,J2,J2,J2;3,UTJ2;3,3,Salt Lake City-Coalville-Randolph,Jurassic (2) sedimentary rocks in Salt Lake City-Coalville-Randolph region,Late Jurassic,,Morrison Formation,continental,UT001,mudstone,,,UT001 UT002 ,
UT  ,J2,J2,J2;5,UTJ2;5,5,Central Utah,Jurassic (2) sedimentary rocks in central Utah,Late Jurassic,,Morrison Formation,continental; Hinze map shows here as nearly all conglomerate; overlain by Indianola Formation conglomerates,UT001,conglomerate,fine-grained mixed clastic,,UT001 UT002 ,
UT  ,Jg,JTR,JTR;8,UTJTR;8,8,Southwestern Utah,Triassic and Jurassic sedimentary rocks in southwestern Utah,Early to Middle Jurassic,,Kayenta and Moenave Formations and Glen Canyon Sandstone,"Continental; Moenave and Kayenta deposited in river, flood plain, playa, lake; Navajo was eolian dune field",UT001,sandstone,siltstone,mudstone; limestone,UT001 UT060 ,
UT  ,K1,K1,K1;3,UTK1;3,3,Salt Lake City-Coalville-Randolph,Cretaceous (1) sedimentary rocks in Salt Lake City-Coalville-Randolph region,Early Cretaceous,,Kelvin Formation and Aspen Shale,"continental fluvial and alluvial, upper Kelvin and Aspen marine",UT001,sandstone,shale,siltstone,UT001 UT071 UT072 UT073 ,
UT  ,K1,K1,K1;6,UTK1;6,6,Uinta Mountains-Uinta Basin,Cretaceous (1) sedimentary rocks in Uinta Mountains-Uinta Basin region,Cretaceous,,Dakota and Cedar Mountain Formations,,UT001,sandstone,shale,,UT001 UT058 ,
UT  ,K1,K1,K1;7,UTK1;7,7,Southeastern Utah,Cretaceous (1) sedimentary rocks in southeastern Utah,Cretaceous,,Cedar Mountain and Burro Canyon Formations,Dakota Ss overlies Cedar Mtn/Burro Canyon Fms; fluvial and near shore; Dakota marks initiation of the Western Interior seaway,UT001,sandstone,shale,,UT001 UT058 ,
UT  ,K1,K1,K1;8,UTK1;8,8,Southwestern Utah,Cretaceous (1) sedimentary rocks in southwestern Utah,Late Cretaceous,,"Iron Spring Formation, Tropic Shale, and Dakota Formation","Tropic: marine; Dakota, coastal, floodplain and nearshore marine ",UT001,sandstone,shale,conglomerate; coal,UT001 UT053 UT059 ,
UT  ,K2,K2,K2;2,UTK2;2,2,Logan-Huntsville Allochthon,Cretaceous (2) sedimentary rocks in Logan-Huntsville Allochthon,Late Cretaceous,,,,UT001,sandstone,siltstone,mudstone,UT001 UT002 ,
UT  ,K2,K2,K2;3,UTK2;3,3,Salt Lake City-Coalville-Randolph,Cretaceous (2) sedimentary rocks in Salt Lake City-Coalville-Randolph region,Late Cretaceous,,"Frontier Formation, Henefer Formation, and Echo Canyon Conglomerate",fluvial and coastal to offshore marine,UT001,sandstone,shale,conglomerate,UT001 UT033 UT073 ,
UT  ,K2,K2,K2;5,UTK2;5,5,Central Utah,Cretaceous (2) sedimentary rocks in central Utah,Cretaceous,,Indianola Group,"continental and marine; overlies conformably, overlain unconformably",UT001,sandstone,mudstone,conglomerate; coal,UT001 UT026 UT045 UT046 UT047 ,
UT  ,K2,K2,K2;6,UTK2;6,6,Uinta Mountains-Uinta Basin,Cretaceous (2) sedimentary rocks in Uinta Mountains-Uinta Basin region,Late Cretaceous,,Frontier and Blair Formations and Hilliard Shale,,UT001,shale,sandstone,,UT001 UT033 UT055 ,
UT  ,K2,K2,K2;7,UTK2;7,7,Southeastern Utah,Cretaceous (2) sedimentary rocks in southeastern Utah,Late Cretaceous,,Mancos Shale,Sandstones are prodelta (near shore) deposits into the Cretaceous marine sea in which the shale was deposited,UT001,shale,sandstone,limestone,UT001 UT045 UT047 UT055 UT056 UT057 ,
UT  ,K3,K3,K3;3,UTK3;3,3,Salt Lake City-Coalville-Randolph,Cretaceous (3) sedimentary rocks in Salt Lake City-Coalville-Randolph region,Late Cretaceous,,Echo Canyon Conglomerate and Henefer Formation,non-marine,UT001,conglomerate,sandstone,siltstone; mudstone,UT001 UT020 UT039 UT043 ,
UT  ,K3,K3,K3;4,UTK3;4,4,Western Utah,Cretaceous (3) sedimentary rocks in western Utah,Late Cretaceous,,Price River and South Flat Formations,,UT001,sandstone,siltstone,conglomerate,UT001 UT002 ,
UT  ,K3,K3,K3;7,UTK3;7,7,Southeastern Utah,Cretaceous (3) sedimentary rocks in southeastern Utah,Late Cretaceous,,Mesaverde Group and Kaiporowits Formation,"coastal plain, fluvial, near shore marine",UT001,shale,sandstone,coal; black shale,UT001 UT002 UT033 UT050 UT055 ,
UT  ,K3,K3,K3;8,UTK3;8,8,Southwestern Utah,Cretaceous (3) sedimentary rocks in southwestern Utah,Late Cretaceous,,Iron Springs Formation,upper part of Iron Springs Formation in Ceder City area; fluvial,UT001,fine-grained mixed clastic,siltstone,,UT001 UT037 ,
UT  ,M1,M1,M1;3,UTM1;3,3,Salt Lake City-Coalville-Randolph,Mississippian (1) carbonate rocks in Salt Lake City-Coalville-Randolph region,Mississippian,,Gardison and Lodgepole Limestones,,UT001,limestone,,,UT001 UT002 UT020 ,
UT  ,M1,M1,M1;4,UTM1;4,4,Western Utah,Mississippian (1) carbonate rocks in western Utah,Mississippian,,Joana Limestone,marine,UT001,limestone,,,UT001 UT002 ,
UT  ,M1,M1,M1;6,UTM1;6,6,Uinta Mountains-Uinta Basin,Mississippian (1) carbonate rocks in Uinta Mountains-Uinta Basin region,Mississippian,,Madison Limestone,Mississippian rock lies on Cambrian; shallow marine,UT001,limestone,,,UT001 UT050 UT067 ,
UT  ,M1,M1,M1;8,UTM1;8,8,Southwestern Utah,Mississippian (1) carbonate rocks in southwestern Utah,Mississippian,,Redwall Limestone,chert-bearing,UT001,limestone,dolostone (dolomite),chert,UT001 UT002 UT075 ,
UT  ,M2,M2,M2;2,UTM2;2,2,Logan-Huntsville Allochthon,Mississippian (2) sedimentary rocks in Logan-Huntsville Allochthon,Mississippian,,"Great Blue, Humbug and Deseret Formations",,UT001,carbonate,sandstone,mudstone; phosphorite,UT001 UT002 ,
UT  ,M2,M2,M2;3,UTM2;3,3,Salt Lake City-Coalville-Randolph,Mississippian (2) sedimentary rocks in Salt Lake City-Coalville-Randolph region,Mississippian,,Hambug Formation and Deseret Limestone,,UT001,carbonate,sandstone,chert; phosphorite,UT001 UT002 UT020 ,
UT  ,M2,M2,M2;4,UTM2;4,4,Western Utah,Mississippian (2) sedimentary rocks in western Utah,Mississippian,,Ochre Mountain Limestone and Woodman Formation,Ochre Mountain is Great Blue equivalent,UT001,limestone,sandstone,dolostone (dolomite); shale,UT001 UT002 ,
UT  ,M2,M2,M2;5,UTM2;5,5,Central Utah,Mississippian (2) sedimentary rocks in central Utah,Mississippian,,Humbug Formation and Great Blue and Deseret Limestones,,UT001,limestone,sandstone,mudstone; phosphorite,UT001 UT002 ,
UT  ,M2,M2,M2;6,UTM2;6,6,Uinta Mountains-Uinta Basin,Mississippian (2) sedimentary rocks in Uinta Mountains-Uinta Basin region,Mississippian,,Hambug Formation and Deseret Limestone,Rowley and others (1985 map) does not show Deseret Limestone. Hinze (1988) strat column for Unita Basin does not show Deseret Limestone. near shore marine,UT001,sandstone,limestone,shale; dolostone (dolomite),UT001 UT002 UT050 UT067 ,
UT  ,M3,M3,M3;1,UTM3;1,1,Northwestern Utah,Mississippian (3) sedimentary rocks in northwestern Utah,Mississippian,,Chainman Shale,little metamorphosed allochthonous remnants: Chainman Shale,UT001,shale,,,UT001 UT002 ,
UT  ,M3,M3,M3;6,UTM3;6,6,Uinta Mountains-Uinta Basin,Mississippian (3) sedimentary rocks in Uinta Mountains-Uinta Basin region,Mississippian,,Doughnut Formation,"marine and continental (marine fossils, but locally coal)",UT001,shale,limestone,coal,UT001 UT067 UT085 ,
UT  ,O,O,O;1,UTO;1,1,Northwestern Utah,Ordovician metasedimentary rocks in northwestern Utah,Ordovician,,"Fish Haven Dolomite, Eureka Quartzite, and Pogonip Group",,UT001,metasedimentary rock,,,UT001 UT002 ,
UT  ,O,O,O;2,UTO;2,2,Logan-Huntsville Allochthon,Ordovician sedimentary rocks in Logan-Huntsville Allochthon,Ordovician,,"Swan Peak Quartzite, Garden City Limestone, and Fish Haven Dolomite",,UT001,limestone,arenite,dolostone (dolomite); chert; conglomerate,UT001 UT002 UT042 ,
UT  ,O,O,O;4,UTO;4,4,Western Utah,Ordovician sedimentary rocks in western Utah,Ordovician,,"Lehman Formation, Pogonip Group, Eureka and Watson Ranch Quartzites, Kanosh Shale, Juab, Wah Wah, Fillmore, and House Limestones, and Ely Springs and Crystal Peak Dolomites ",shallow platform,UT001,limestone,fine-grained mixed clastic,sandstone; dolostone (dolomite),UT001 UT002 ,
UT  ,O,O,O;5,UTO;5,5,Central Utah,Ordovician sedimentary rocks in central Utah,Ordovician,,Opohonga Limestone and Fish Haven Dolomite,,UT001,limestone,dolostone (dolomite),,UT001 UT002 ,
UT  ,P1,P1,P1;4,UTP1;4,4,Western Utah,Permian (1) sedimentary rocks in western Utah,Early Permian,,Arcturus Formation,,UT001,sandstone,carbonate,fine-grained mixed clastic; evaporite,UT001 UT002 ,
UT  ,P1,P1,P1;5,UTP1;5,5,Central Utah,Permian (1) sedimentary rocks in central Utah,Early Permian,,Diamond Creek Sandstone and Kirkman Limestone,,UT001,sandstone,limestone,,UT001 UT002 ,
UT  ,P1,P1,P1;7,UTP1;7,7,Southeastern Utah,Permian (1) sedimentary rocks in southeastern Utah,Pennsylvanian to Early Permian,,Cutler Formation,"coastal, eolian, beach, and shallow marine; fluvial",UT001,sandstone,fine-grained mixed clastic,limestone,UT001 UT061 UT062 UT063 UT064 ,
UT  ,P1,P1,P1;8,UTP1;8,8,Southwestern Utah,Permian (1) sedimentary rocks in southwestern Utah,Early Permian,,"Supai Group, Pakoon Formation, and Coconino Sandstone",Conconino sandstone eolian in northern Arizona,UT001,sandstone,dolostone (dolomite),fine-grained mixed clastic,UT001 UT002 UT076 ,
UT  ,P2,P2,P2;2,UTP2;2,2,Logan-Huntsville Allochthon,Permian (2) sedimentary rocks in Logan-Huntsville Allochthon,Permian,,Park City and Phosphoria Formations,,UT001,limestone,shale,phosphorite; chert; dolostone (dolomite),UT001 UT042 ,
UT  ,P2,P2,P2;3,UTP2;3,3,Salt Lake City-Coalville-Randolph,Permian (2) sedimentary rocks in Salt Lake City-Coalville-Randolph region,Permian,,Park City and Phosphoria Formations,,UT001,limestone,siltstone,sandstone; shale; phosphorite,UT001 UT020 UT081 ,
UT  ,P,PA,PA;3,UTPA;3,3,Salt Lake City-Coalville-Randolph,Pennsylvanian sedimentary rocks in Salt Lake City-Coalville-Randolph region,Pennsylvanian,,Morgan Formation and Round Valley Limestone,,UT001,limestone,medium-grained mixed clastic,chert,UT001 UT002 UT020 ,
UT  ,P,PA,PA;4,UTPA;4,4,Western Utah,Pennsylvanian sedimentary rocks in western Utah,Mississippian to Pennsylvanian,,Ely Limestone,,UT001,limestone,chert,,UT001 UT002 ,
UT  ,P,PA,PA;5,UTPA;5,5,Central Utah,Pennsylvanian sedimentary rocks in central Utah,Pennsylvanian,,Morgan Formation and Round Valley Limestone,,UT001,limestone,fine-grained mixed clastic,,UT001 UT002 ,
UT  ,P,PA,PA;6,UTPA;6,6,Uinta Mountains-Uinta Basin,Pennsylvanian sedimentary rocks in Uinta Mountains-Uinta Basin region,Pennsylvanian,,Morgan Formation and Round Valley Limestone,"marine, beach, nearshore",UT001,dolostone (dolomite),sandstone,,UT001 UT002 UT050 UT067 ,
UT  ,P,PA,PA;7,UTPA;7,7,Southeastern Utah,Pennsylvanian sedimentary rocks in southeastern Utah,Mississipian to Pennsylvanian,,"Honaker Trail, Pinkerton Trail, Molas, and Paradox Formations","Molas is red paleosol. Pinkerton Trail Formation marine. Paradox evaporite basin (sabkha); has oil, salt, potash",UT001,evaporite,black shale,,UT001 UT002 UT061 UT079 ,
UT  ,PCi,pCAi,pCAi;1,UTpCAi;1,1,Northwestern Utah,Precambrian intrusive rocks in northwestern Utah,Archean,,,adamellite intrusion 2.5 b.y. by Rb-Sr,UT001,quartz monzonite,quartz monzodiorite,,UT001 UT092 ,
UT  ,PCi,pCAi,pCAi;4,UTpCAi;4,4,Western Utah,Precambrian intrusive rocks in western Utah,Precambrian,,,granitic intrusions at Granite Peak,UT001,granitoid,,,UT001 UT002 ,
UT  ,K2,K2,K2;4,UTK2;4,4,Western Utah,Cretaceous (2) sedimentary rocks in western Utah,Late Cretaceous,,Indianola Group,,UT001,sandstone,mudstone,conglomerate,UT001 UT002 ,
UT  ,PCi,pCAi,pCAi;8,UTpCAi;8,8,Southwestern Utah,Precambrian intrusive rocks in southwestern Utah,Precambrian,,,,UT001,granitoid,,,UT001 UT002 ,
UT  ,PCm,pCAm,pCAm;1,UTpCAm;1,1,Northwestern Utah,Older Precambrian metamorphic rocks in northwestern Utah,Archean,,Green Creek Complex,,UT001,metamorphic rock,,,UT001 UT092 ,
UT  ,PCm,pCAm,pCAm;3,UTpCAm;3,3,Salt Lake City-Coalville-Randolph,Older Precambrian metamorphic rocks in Salt Lake City-Coalville-Randolph region,Archean,,Farmington Canyon Complex and Little Willow Schist,about 2.6 Ga; well exposed on Antelope Island,UT001,metamorphic rock,plutonic rock (phaneritic),,UT001 UT080 UT085 ,
UT  ,PCm,pCAm,pCAm;4,UTpCAm;4,4,Western Utah,Older Precambrian metamorphic rocks in western Utah,Precambrian,,,metamorphic rocks at Granite Peak,UT001,metamorphic rock,,,UT001 UT002 ,
UT  ,PCm,pCAm,pCAm;5,UTpCAm;5,5,Central Utah,Older Precambrian metamorphic rocks in central Utah,Precambrian,,Mount Nebo Metamorphic Complex,,UT001,metamorphic rock,,,UT001 UT002 ,
UT  ,PCm,pCAm,pCAm;6,UTpCAm;6,6,Uinta Mountains-Uinta Basin,Older Precambrian metamorphic rocks in Uinta Mountains-Uinta Basin region,Proterozoic W,,Red Creek Quartzite,"was deposited in a shallow marine environment offshore of the Archean continent; abt 20,000 ft thick; 2.3 Ga",UT001,quartzite,schist,amphibolite,UT001 UT083 UT084 ,
UT  ,PCm,pCAm,pCAm;7,UTpCAm;7,7,Southeastern Utah,Older Precambrian metamorphic rocks in southeastern Utah,Precambrian,,Chuar Group,"Drilling shows that the Chuar Group (younger, 800-742 m.y.) is under the Grand Staircase-Escalante National Monument (Chidsey, 1998) and pink granite (1.5 Ga) under Canyonlands",UT001,metamorphic rock,plutonic rock (phaneritic),mudstone,UT001 UT089 UT090 ,
UT  ,PCm,pCAm,pCAm;8,UTpCAm;8,8,Southwestern Utah,Older Precambrian metamorphic rocks in southwestern Utah,Precambrian,,Vishnu Schist,from Grand Canyon area; intrusions abt 1650 Ma,UT001,schist,plutonic rock (phaneritic),,UT001 UT088 ,
UT  ,PCs,pCAs,pCAs;1,UTpCAs;1,1,Northwestern Utah,Younger Precambrian metamorphic rocks in northwestern Utah,Proterozoic X,,"Elba Quartzite, Quartzite of Yost, Schist of Upper Narrows and Stevens Spring",,UT001,schist,quartzite,,UT001 UT002 ,
UT  ,PCs,pCAs,pCAs;2,UTpCAs;2,2,Logan-Huntsville Allochthon,Younger Precambrian metamorphic rocks in Logan-Huntsville Allochthon,Proterozoic Z,,"Browns Hole, Mutual, Inkom, Papoose Creek, Kelley Canyon, Maple Canyon, and Perry Canyon Formations and Caddy Canyon Quartzite",,UT001,arenite,fine-grained mixed clastic,conglomerate; basalt,UT001 UT002 ,
UT  ,PCs,pCAs,pCAs;3,UTpCAs;3,3,Salt Lake City-Coalville-Randolph,Younger Precambrian metamorphic rocks in Salt Lake City-Coalville-Randolph region,Proterozoic Y to Proterozoic Z,,Mutual and Big Cottonwood Formations and Mineral Fork Tillite,,UT001,medium-grained mixed clastic,,,UT001 UT086 UT087 ,
UT  ,PCs,pCAs,pCAs;4,UTpCAs;4,4,Western Utah,Younger Precambrian metamorphic rocks in western Utah,Precambrian,,McCoy and Sheeprock Groups,,UT001,conglomerate,metamorphic rock,,UT001 UT096 ,
UT  ,PCs,pCAs,pCAs;5,UTpCAs;5,5,Central Utah,Younger Precambrian metamorphic rocks in central Utah,Proterozoic Z,,"Mutual, Inkom, Papoose Creek, and Pocatello Formations, Caddy Canyon Quartzite, and Black Rock Canyon Limestone",,UT001,sandstone,conglomerate,limestone,UT001 UT091 ,
UT  ,PCs,pCAs,pCAs;6,UTpCAs;6,6,Uinta Mountains-Uinta Basin,Younger Precambrian metamorphic rocks in Uinta Mountains-Uinta Basin region,Proterozoic Y,,"Uinta Mountain Group, Red Pine Shale",deposited in rift valley; both marine and alluvial and fluvial,UT001,arenite,shale,siltstone; mudstone; limestone; conglomerate,UT001 UT084 ,
UT  ,PP,PPA,PPA;1,UTPPA;1,1,Northwestern Utah,Pennsylvanian and Permian sedimentary rocks in northwestern Utah,Pennsylvanian to Permian,,Oquirrh Group,Oquirrh Group is little metamorphosed allochthonous remnants,UT001,limestone,sandstone,,UT001 UT002 ,
UT  ,PP,PPA,PPA;2,UTPPA;2,2,Logan-Huntsville Allochthon,Pennsylvanian and Permian sedimentary rocks in Logan-Huntsville Allochthon,Pennsylvanian to Permian,,Wells Formation,,UT001,sandstone,carbonate,,UT001 UT042 ,
UT  ,PP,PPA,PPA;3,UTPPA;3,3,Salt Lake City-Coalville-Randolph,Pennsylvanian and Permian sedimentary rocks in Salt Lake City-Coalville-Randolph region,Pennsylvanian to Permian,,Weber Sandstone,mostly eolian,UT001,orthoquartzite,limestone,,UT001 UT002 UT020 ,
UT  ,PP,PPA,PPA;4,UTPPA;4,4,Western Utah,Pennsylvanian and Permian sedimentary rocks in western Utah,Pennsylvanian to Permian,,Oquirrh Group,"Oquirrh Group (10,000+ feet thick) of Cedar Mountains and vicinity, is equivalent, in part to Arcturus Formation and Ely Limestone elsewhere",UT001,sandstone,limestone,,UT001 UT002 ,
UT  ,PP,PPA,PPA;5,UTPPA;5,5,Central Utah,Pennsylvanian and Permian sedimentary rocks in central Utah,Pennsylvanian to Permian,,"Oquirrh Group, including Bridal Veil Limestone",deep Oquirrh Basin,UT001,sandstone,limestone,medium-grained mixed clastic,UT001 UT002 UT082 ,
UT  ,PP,PPA,PPA;6,UTPPA;6,6,Uinta Mountains-Uinta Basin,Pennsylvanian and Permian sedimentary rocks in Uinta Mountains-Uinta Basin region,Pennsylvanian to Permian,,Weber Sandstone,"eolian, beach and sand dune environment, minor marine",UT001,arenite,,,UT001 UT050 UT067 ,
UT  ,PP,PPA,PPA;7,UTPPA;7,7,Southeastern Utah,Pennsylvanian and Permian sedimentary rocks in southeastern Utah,Pennsylvanian to Permian,,Rico Formation (now abandoned?),marine to marine marginal,UT001,limestone,sandstone,,UT001 UT063 ,
UT  ,PP,PPA,PPA;8,UTPPA;8,8,Southwestern Utah,Pennsylvanian and Permian sedimentary rocks in southwestern Utah,Pennsylvanian,,Callville Limestone,,UT001,dolostone (dolomite),sandstone,,UT001 UT002 ,
UT  ,Qa,Qa,Qa;0,UTQa;0,0,Statewide,Quaternary alluvium and colluvium,Quaternary,,,,UT001,alluvium,colluvium,,UT001 ,
UT  ,Qao,Qao,Qao;0,UTQao;0,0,Statewide,Older Quaternary alluvial deposits,Quaternary,,,,UT001,alluvium,,,UT001 ,
UT  ,Qb,Qb,Qb;0,UTQb;0,0,Statewide,Quaternary basalts,Quaternary,,,,UT001,basalt,rhyolite,,UT001 UT002 ,
UT  ,Qe,Qe,Qe;0,UTQe;0,0,Statewide,Quaternary eolian deposits,Quaternary,,,,UT001,eolian,,,UT001 ,
UT  ,Qm,Qm,Qm;0,UTQm;0,0,Statewide,Quaternary marshes,Holocene,,,,UT001,biogenic sediment,,,UT001 ,
UT  ,Qs,Qs,Qs;0,UTQs;0,0,Statewide,Quaternary mud and salt flats,Holocene,,,,UT001,mud flat,playa,,UT001 ,
UT  ,QT,QT,QT;0,UTQT;0,0,Statewide,Pliocene and Quaternary alluvial material,Pliocene to Quaternary,,Axtell and Harkers Formations,,UT001,alluvium,,,UT001 UT002 ,
UT  ,S,S,S;2,UTS;2,2,Logan-Huntsville Allochthon,Silurian carbonate rocks in Logan-Huntsville Allochthon,Silurian,,Laketown Dolomite,,UT001,dolostone (dolomite),,,UT001 UT002 ,
UT  ,S,S,S;4,UTS;4,4,Western Utah,Silurian carbonate rocks in western Utah,Silurian,,Laketown Dolomite,shallow platform,UT001,dolostone (dolomite),chert,,UT001 UT002 ,
UT  ,S,S,S;5,UTS;5,5,Central Utah,Silurian carbonate rocks in central Utah,Late Ordovician to Silurian,,Bluebell Dolomite,,UT001,dolostone (dolomite),,,UT001 UT002 ,
UT  ,T1,T1,T1;2,UTT1;2,2,Logan-Huntsville Allochthon,Tertiary (1) sedimentary rocks in Logan-Huntsville Allochthon,Late Cretaceous to Early Eocene,,Wasatch and Evanston Formations,"non-marine, up to 3000 feet thick; sounds like Wasatch of province 3",UT001,conglomerate,medium-grained mixed clastic,,UT001 UT032 UT039 UT041 ,
UT  ,T1,T1,T1;3,UTT1;3,3,Salt Lake City-Coalville-Randolph,Tertiary (1) sedimentary rocks in Salt Lake City-Coalville-Randolph region,Late Paleocene to Early Eocene,,Wasatch Formation,"non-marine; varies in thickness from 0 (eroded ) to 4500 ft in northeastern Utah (Hintze, 1988)",UT001,mudstone,conglomerate,limestone,UT001 UT002 UT016 UT024 UT041 UT042 UT052 ,
UT  ,T1,T1,T1;5,UTT1;5,5,Central Utah,Tertiary (1) sedimentary rocks in central Utah,Late Paleocene to Early Eocene,,Flagstaff Limestone and Canyon Range Formation,non-marine. Flagstone Lake; gradational contact with North Horn Fm; freshwater lake or carbonate marsh; maximum of about 1500 ft; thickest near Sevier front and anticlines to the east,UT001,limestone,mudstone,fine-grained mixed clastic; dolostone (dolomite),UT001 UT002 UT025 UT026 UT027 UT028 UT029 UT031 UT107 ,
UT  ,T1,T1,T1;6,UTT1;6,6,Uinta Mountains-Uinta Basin,Tertiary (1) sedimentary rocks in Uinta Mountains-Unita Basin region,Early to Middle Eocene,,Wasatch/Colton Formations and Flagstaff Limestone,non-marine. Flagstaff in Unita basin called Flagstaff Member of Green River Formation by Fouch (1976),UT001,fine-grained mixed clastic,limestone,coal,UT001 UT002 UT033 UT034 UT035 ,
UT  ,T1,T1,T1;7,UTT1;7,7,Southeastern Utah,Tertiary (1) sedimentary rocks in southeastern Utah,Late Paleocene to Early Eocene,,Flagstaff Formation,non-marine. Flagstaff Ls has sandy lenses derived from east; Hintze (1988) has a question mark next to it in the Capital Reef area; mostly not present in this province,UT001,limestone,medium-grained mixed clastic,dolostone (dolomite),UT001 UT002 UT030 ,
UT  ,T1,T1,T1;8,UTT1;8,8,Southwestern Utah,Tertiary (1) sedimentary rocks in southwestern Utah,Late Paleocene to Early Oligocene,,"Claron, Pine Hollow, Brian Head, and Grand Castle Formations","non-marine, Claron 165 to 640 m (2100 ft); upper part is Brian Head and has volcaniclastics",UT001,limestone,mudstone,fine-grained mixed clastic; conglomerate; tuff,UT001 UT033 UT036 UT037 UT038 UT040 ,
UT  ,T2,T2,T2;3,UTT2;3,3,Salt Lake City-Coalville-Randolph,Tertiary (2) sedimentary rocks in Salt Lake City-Coalville-Randolph region,Eocene,,Fowkes Formation,,UT001,fine-grained mixed clastic,conglomerate,tuff; limestone,UT001 UT002 UT021 UT022 UT023 UT093 ,
UT  ,T2,T2,T2;5,UTT2;5,5,Central Utah,Tertiary (2) sedimentary rocks in central Utah,Eocene,,Green River Formation,,UT001,shale,limestone,oil shale; fine-grained mixed clastic; tuff,UT001 UT002 ,
UT  ,T2,T2,T2;6,UTT2;6,6,Uinta Mountains-Uinta Basin,Tertiary (2) sedimentary rocks in Uinta Mountains-Uinta Basin region,Eocene,,Green River Formation,,UT001,shale,limestone,oil shale; fine-grained mixed clastic; tuff,UT001 UT002 UT035 UT045 UT048 UT049 UT050 ,
UT  ,T2,T2,T2;8,UTT2;8,8,Southwestern Utah,Tertiary (2) sedimentary rocks in southwestern Utah,Eocene,,Green River Formation,,UT001,shale,limestone,oil shale; fine-grained mixed clastic; tuff,UT001 UT033 UT050 ,
UT  ,T3,T3,T3;5,UTT3;5,5,Central Utah,Tertiary (3) sedimentary rocks in central Utah,Late Eocene to Early Oligocene,,Goldens Ranch Formation and Fools Creek Conglomerate,,UT001,sandstone,mudstone,siltstone; conglomerate,UT001 UT002 ,
UT  ,T3,T3,T3;6,UTT3;6,6,Uinta Mountains-Uinta Basin,Tertiary (3) sedimentary rocks in Uinta Mountains-Uinta Basin region,Middle Eocene to Early Oligocene,,"Uinta, Bridger, and Duchesne River Formations",lacustrine and fluvial,UT001,sandstone,mudstone,siltstone; pyroclastic,UT001 UT035 UT045 UT048 UT050 UT051 ,
UT  ,T3,T3,T3;7,UTT3;7,7,Southeastern Utah,Tertiary (3) sedimentary rocks in southeastern Utah,Eocene,,Crazy Hollow Formation,interfingers with Green River Formation,UT001,sandstone,mudstone,limestone,UT001 UT047 UT099 UT100 ,
UT  ,T4,T4,T4;2,UTT4;2,2,Logan-Huntsville Allochthon,Tertiary (4) sedimentary rocks in Logan-Huntsville Allochthon,Middle Miocene to Late Pliocene,,Salt Lake Formation,,UT001,mudstone,sandstone,,UT001 UT016 ,
UT  ,T4,T4,T4;3,UTT4;3,3,Salt Lake City-Coalville-Randolph,Tertiary (4) sedimentary rocks in Salt Lake City-Coalville-Randolph region,Middle Miocene to Late Pliocene,,Salt Lake Formation,,UT001,medium-grained mixed clastic,alluvium,lake or marine deposit (non-glacial); pyroclastic; basalt; limestone,UT001 UT016 ,
UT  ,T4,T4,T4;4,UTT4;4,4,Western Utah,Tertiary (4) sedimentary rocks in western Utah,Middle Miocene to Late Pliocene,,Salt Lake Formation,,UT001,coarse-grained mixed clastic,alluvium,pyroclastic; basalt; evaporite,UT001 UT002 ,
UT  ,T4,T4,T4;6,UTT4;6,6,Uinta Mountains-Uinta Basin,Tertiary (4) sedimentary rocks in Uinta Mountains-Uinta Basin region,Oligocene,,Bishop Conglomerate,contains minerals derived from kimberlites in underlying Eocene Bridger Formation,UT001,conglomerate,,,UT001 UT050 UT067 ,
UT  ,T4,T4,T4;7,UTT4;7,7,Southeastern Utah,Tertiary (4) sedimentary rocks in southeastern Utah,Late Eocene,,Bald Knoll and Gray Gulch Formations,,UT001,mudstone,sandstone,limestone,UT001 UT047 UT101 ,
UT  ,T4,T4,T4;8,UTT4;8,8,Southwestern Utah,Tertiary (4) sedimentary rocks in southwestern Utah,Miocene,,Muddy Creek Formation,,UT001,medium-grained mixed clastic,sandstone,conglomerate,UT001 UT095 ,
UT  ,T5,T5,T5;6,UTT5;6,6,Uinta Mountains-Uinta Basin,Tertiary (5) sedimentary rocks in Uinta Mountains-Uinta Basin region,Miocene,,Browns Park Conglomerate,,UT001,sandstone,conglomerate,volcanic rock (aphanitic); limestone; chert,UT001 UT050 UT067 ,
UT  ,T5,T5,T5;7,UTT5;7,7,Southeastern Utah,Tertiary (5) sedimentary rocks in southeastern Utah,Pliocene,,Castle Valley Conglomerate,,UT001,conglomerate,,,UT001 UT002 ,
UT  ,Ti,Ti,Ti;3,UTTi;3,3,Salt Lake City-Coalville-Randolph,Tertiary intrusive rocks in Salt Lake City-Coalville-Randolph region,Late Eocene to Oligocene,,"Park Premier, Flagstaff, Ontario, Mayflower, Glencoe, Little Cottonwood, Alta, Clayton Peak, Pine Creek, and Vlaeo stocks",,UT001,granodiorite,quartz monzonite,granite; diorite,UT001 UT008 UT017 UT018 UT019 ,
UT  ,Ti,Ti,Ti;4,UTTi;4,4,Western Utah,Tertiary intrusive rocks in western Utah,Late Eocene to Early Miocene,,,"intrusions, chiefly granitic, of various dates",UT001,granodiorite,granite,quartz monzonite; quartz diorite,UT001 UT008 UT009 UT010 ,
UT  ,Ti,Ti,Ti;5,UTTi;5,5,Central Utah,Tertiary intrusive rocks in central Utah,Late Eocene to Oligocene,,"Silver City Monzonite, Sunrise Peak Monzonite Porphyry, Swanson Quartz Monzonite",includes rocks that host Bingham Canyon porphyry copper deposit,UT001,granodiorite,monzonite,quartz monzonite; monzodiorite; granite; diorite; quartz diorite; quartz monzodiorite,UT001 UT002 UT002 UT008 UT102 UT102 ,
UT  ,Ti,Ti,Ti;7,UTTi;7,7,Southeastern Utah,Tertiary intrusive rocks in southeastern Utah,Oligocene,,,laccolithic intrusions mostly diorite porphyry 24-28 Ma,UT001,diorite,monzodiorite,quartz monzodiorite; quartz diorite; syenite; granite,UT001 UT008 ,
UT  ,Ti,Ti,Ti;8,UTTi;8,8,Southwestern Utah,Tertiary intrusive rocks in southwestern Utah,Oligocene to Miocene,,,"in Cedar City and Marysvale areas - mostly quartz monzonite, monzonite, and granite",UT001,quartz monzonite,granite,monzonite,UT001 UT003 UT008 ,
UT  ,TK,TK,TK;2,UTTK;2,2,Logan-Huntsville Allochthon,Cretaceous and Tertiary sedimentary rocks in Logan-Huntsville Allochthon,Late Cretaceous to Paleocene,,Evanston Formation (lower part),,UT001,sandstone,mudstone,coal,UT001 UT002 ,
UT  ,TK,TK,TK;3,UTTK;3,3,Salt Lake City-Coalville-Randolph,Cretaceous and Tertiary sedimentary rocks in Salt Lake City-Coalville-Randolph region,Late Cretaceous to Paleocene,,Evanston Formation (lower part),"non-marine, unconformable on Echo Canyon Conglomerate",UT001,sandstone,mudstone,coal,UT001 UT039 UT042 ,
UT  ,TK,TK,TK;5,UTTK;5,5,Central Utah,Cretaceous and Tertiary sedimentary rocks in central Utah,Late Cretaceous to Eocene,,North Horn Formation,non-marine,UT001,fine-grained mixed clastic,sandstone,conglomerate; limestone,UT001 UT002 UT026 ,
UT  ,TK,TK,TK;6,UTTK;6,6,Uinta Mountains-Uinta Basin,Cretaceous and Tertiary sedimentary rocks in Uinta Mountains-Uinta Basin region,Late Cretaceous to Paleocene,,North Horn and Currant Creek Formations,"non-marine, alluvial-facies. North Horn and Currant Creek correlative. North Horn on west end of basin, Currant Creek on north edge of basin",UT001,conglomerate,sandstone,fine-grained mixed clastic; limestone; coal,UT001 UT020 UT048 ,
UT  ,TK,TK,TK;7,UTTK;7,7,Southeastern Utah,Cretaceous and Tertiary sedimentary rocks in southeastern Utah,Late Cretaceous to Paleocene,,North Horn and Canaan Peak Formations,,UT001,fine-grained mixed clastic,sandstone,conglomerate,UT001 UT047 ,
UT  ,TK,TK,TK;8,UTTK;8,8,Southwestern Utah,Cretaceous and Tertiary sedimentary rocks in southwestern Utah,Late Cretaceous to Paleocene,,Canaan Peak and Grapevine Wash Formations,"non-marine, unconformably on Kaiparowits and unconformably overlain by Claron",UT001,coarse-grained mixed clastic,sandstone,,UT001 UT002 UT037 ,
UT  ,Tma,Tma,Tma;0,UTTma;0,0,Statewide,Miocene andesites,Tertiary,,,,UT001,andesite,,,UT001 UT002 ,
UT  ,Tmb,Tmb,Tmb;0,UTTmb;0,0,Statewide,Miocene basalts,Early to Middle Miocene,,"Mill Creek, Hogback, Steamboat Mountain, Modena, Enterprise, Red Canyon",,UT001,basalt,,,UT001 UT097 UT098 ,
UT  ,Tmr,Tmr,Tmr;0,UTTmr;0,0,Statewide,Miocene rhyolites,Middle to Late Miocene,,"Etna, Hogback, Topaz Mountain, Keg Mountains, Gillies Hill, Steamboat Mountain",,UT001,rhyolite,dacite,,UT001 UT002 ,
UT  ,Tmv,Tmv,Tmv;0,UTTmv;0,0,Statewide,Miocene volcanic rocks,Late Oligocene to Middle Miocene,,"Topaz Mountain Rhyolite, Quichipa Group, Silver Shield Latite, Pinyon Creek Conglomerate, Joe Lott Tuff, Mount Belknap Volcanics, Osiris Tuff, Mount Dutton Formation","This unit mostly in Richfield 2 deg sheet. In the Delta sheet, includes the Topaz Mountain Rhyolite; also many local units",UT001,ash-flow tuff,basalt,,UT001 UT002 UT007 UT013 UT014 ,
UT  ,Tov,Tov,Tov;0,UTTov;0,0,Statewide,Oligocene volcanic rocks,Late Eocene to Oligocene,,"Norwood Tuff, Keetley Volcanics, Isom Formation, Needles Range Formation, Escalante Desert Formation, Sawtooth Peak Formation, Tunnel Springs Tuff, Laguna Springs Latite, Tintic Mountains group, Packard Quartz Latite, Bullion Canyon Volcanics",,UT001,dacite,rhyolite,andesite; basalt,UT001 UT002 UT007 UT014 UT015 UT016 UT019 UT020 UT040 UT093 UT094 UT105 ,
UT  ,Tpb,Tpb,Tpb;0,UTTpb;0,0,Statewide,Pliocene basalts,Pliocene,,"Peplin, Matlin Mountain",,UT001,basalt,rhyolite,,UT001 UT002 UT004 ,
UT  ,Tpr,Tpr,Tpr;0,UTTpr;0,0,Statewide,Pliocene rhyolites,Pliocene,,,,UT001,rhyolite,,,UT001 UT002 ,
UT  ,Tr1,TR1,TR1;2,UTTR1;2,2,Logan-Huntsville Allochthon,Triassic (1) sedimentary rocks in Logan-Huntsville Allochthon,Early Triassic,,Thaynes Formation,most Triassic and the Jurassic eroded off; Thaynes overlain by T1,UT001,limestone,siltstone,mudstone,UT001 UT002 ,
UT  ,Tr1,TR1,TR1;3,UTTR1;3,3,Salt Lake City-Coalville-Randolph,Triassic (1) sedimentary rocks in Salt Lake City-Coalville-Randolph region,Early Triassic,,Thanes and Dinwoody Formations and Woodside Shale,tidal flat to shallow marine,UT001,mudstone,limestone,siltstone; sandstone; evaporite,UT001 UT068 UT069 ,
UT  ,Tr1,TR1,TR1;4,UTTR1;4,4,Western Utah,Triassic (1) sedimentary rocks in Salt western Utah,Early Triassic,,Moenkopi and Thaynes Formations,"in this area, Triassic rocks rare: eroded or not deposited. Eroded from ranges uplifted during Sevier. Marine and tidal flat",UT001,siltstone,limestone,,UT001 UT002 ,
UT  ,Tr1,TR1,TR1;5,UTTR1;5,5,Central Utah,Triassic (1) sedimentary rocks in Salt central Utah,Early Triassic,,Thaynes Formation and Woodside Shale,tidal flats (Woodside) and shallow sea (Thaynes),UT001,siltstone,mudstone,limestone; sandstone,UT001 UT068 ,
UT  ,Tr1,TR1,TR1;6,UTTR1;6,6,Uinta Mountains-Uinta Basin,Triassic (1) sedimentary rocks in Salt Uinta Mountains-Uinta Basin region,Early Triassic,,Moenkopi and Dinwoody Formations,"near shore continental (perhaps tidal flat) to marine environment, red beds",UT001,mudstone,siltstone,sandstone; evaporite; limestone,UT001 UT050 UT067 ,
UT  ,Tr1,TR1,TR1;7,UTTR1;7,7,Southeastern Utah,Triassic (1) sedimentary rocks in Salt southeastern Utah,Early Triassic,,Moenkopi Formation,"fluvial, mudflat, sabkha, shallow marine; redbeds",UT001,mudstone,sandstone,siltstone; limestone; evaporite; conglomerate,UT001 UT002 UT061 UT062 UT063 ,
UT  ,Tr1,TR1,TR1;8,UTTR1;8,8,Southwestern Utah,Triassic (1) sedimentary rocks in Salt southwestern Utah,Early Triassic,,Moenkopi Formation,shallow marine transgressions and regressions along very gently sloping continental shelf,UT001,mudstone,siltstone,limestone; sandstone; conglomerate; evaporite,UT001 UT060 ,
UT  ,Tr2,TR2,TR2;2,UTTR2;2,2,Logan-Huntsville Allochthon,Triassic (2) sedimentary rocks in Logan-Huntsville Allochthon,Middle to Late Triassic,,Ankareh Shale,,UT001,shale,siltstone,conglomerate,UT001 UT002 ,
UT  ,Tr2,TR2,TR2;3,UTTR2;3,3,Salt Lake City-Coalville-Randolph,Triassic (2) sedimentary rocks in Salt Lake City-Coalville-Randolph region,Middle to Late Triassic,,Ankareh Shale,,UT001,shale,siltstone,conglomerate,UT001 UT068 ,
UT  ,Tr2,TR2,TR2;4,UTTR2;4,4,Western Utah,Triassic (2) sedimentary rocks in western Utah,Late Triassic,,Chinle Formation,"on thrust plate, about 400 ft thick. Most places no Triassic: eroded or not deposited. Continental; includes pillow basalt in Blue Mountains! ",UT001,shale,siltstone,sandstone; conglomerate; basalt,UT001 UT002 ,
UT  ,Tr2,TR2,TR2;5,UTTR2;5,5,Central Utah,Triassic (2) sedimentary rocks in central Utah,Middle to Late Triassic,,Ankareh Formation,"Kenyenta, Chinle equivalents?",UT001,mudstone,siltstone,sandstone; conglomerate; evaporite,UT001 UT002 ,
UT  ,Tr2,TR2,TR2;6,UTTR2;6,6,Uinta Mountains-Uinta Basin,Triassic (2) sedimentary rocks in Uinta Mountains-Uinta Basin region,Late Triassic,,Chinle Formation,"fluvial, lacustrine. Garta Sandstone basal conglomerate",UT001,shale,siltstone,sandstone; conglomerate,UT001 UT050 UT067 ,
UT  ,Tr2,TR2,TR2;7,UTTR2;7,7,Southeastern Utah,Triassic (2) sedimentary rocks in southeastern Utah,Late Triassic,,Chinle Formation,"continental deposits: fluvial channel, floodplain, marsh, lake",UT001,mudstone,sandstone,siltstone; conglomerate; limestone,UT001 UT002 UT064 ,
UT  ,Tr2,TR2,TR2;8,UTTR2;8,8,Southwestern Utah,Triassic (2) sedimentary rocks in southwestern Utah,Late Triassic,,Chinle Formation,"continental, interior basin. Shinarump member coincides with the initiation of the Andean-type margin ",UT001,mudstone,conglomerate,siltstone,UT001 UT060 ,
UT  ,Tvu,Tvu,Tvu;0,UTTvu;0,0,Statewide,"Tertiary volcanic rocks, undivided",Tertiary,,,,UT001,volcanic rock (aphanitic),,,UT001 UT002 ,
UT  ,water,water,water;0,UTwater;0,0,Statewide,water,Holocene,,,,UT001,water,,,UT001 ,
