Peak_I30_mm/h,PropHM23,dNBR/1000,KF,Response
2.0,0.217932682,0.297852875,0.25,0
2.0,0.061248741,0.224895584,0.25,0
2.0,0.042967882,0.06553743,0.2485406,0
1.2,0.092164478,0.141710999,0.25,0
1.2,0.058352671,0.210157913,0.25,0
1.2,0.156562519,0.337675507,0.25,0
2.0,0.261436386,0.208135666,0.25,0
2.0,0.059440675,0.315326691,0.25,0
2.0,0.031438735,0.3384104,0.25,0
2.0,0.043823137,0.062548531,0.2472831,0
2.0,0.084582825,0.248775864,0.25,0
2.0,0.187328587,0.129095383,0.25,0
2.0,0.114014301,0.304394623,0.25,0
2.0,0.291070766,0.235931793,0.25,0
2.0,0.113751984,0.315949493,0.25,0
2.0,0.361030197,0.261058685,0.25,0
7.62,0.021712091,0.069520134,0.0554303,0
6.1,0.021712091,0.069520134,0.0554303,0
7.62,0.079713044,0.07606485,0.0542726,0
6.1,0.079713044,0.07606485,0.0542726,0
7.62,0.001074681,0.080441063,0.0509787,0
6.1,0.001074681,0.080441063,0.0509787,0
7.62,0.0197688,0.061923843,0.0782609,0
6.1,0.0197688,0.061923843,0.0782609,0
7.62,0.007514808,0.019152323,0.0969892,0
6.1,0.007514808,0.019152323,0.0969892,0
2.4,0.876595535,0.168275986,0.2096025,0
2.4,0.719425888,0.110799873,0.2099999,0
2.4,0.909847412,0.281745941,0.2096428,0
2.4,0.818043442,0.066840515,0.2095306,0
2.4,0.471340675,0.030235754,0.21,0
2.4,0.763482819,0.106718994,0.21,0
8.625,0.671573029,0.067930351,0.2100001,0
8.625,0.426220627,0.061877991,0.21,0
2.4,0.887799683,0.161138992,0.21,0
2.4,0.46763176,0.025954779,0.2100001,0
30.99,0.751629105,0.638052307,0.0,1
30.99,0.825321198,0.704229126,0.0,1
30.99,0.886211472,0.648581848,0.0,1
30.99,0.804444962,0.578366455,0.0,1
30.99,0.654855576,0.738143189,0.0,1
14.22,0.321138954,0.456557037,0.33,0
4.06,0.321138954,0.456557037,0.33,0
6.1,0.321138954,0.456557037,0.33,0
14.22,0.284158421,0.428611572,0.33,1
4.06,0.284158421,0.428611572,0.33,0
6.1,0.284158421,0.428611572,0.33,0
14.22,0.443624802,0.473171967,0.33,1
4.06,0.443624802,0.473171967,0.33,0
6.1,0.443624802,0.473171967,0.33,0
4.06,0.964795837,0.99743866,0.33,0
6.1,0.964795837,0.99743866,0.33,0
4.06,0.338310471,0.375273285,0.33,0
6.1,0.338310471,0.375273285,0.33,0
4.06,0.887678452,0.860411011,0.33,0
6.1,0.887678452,0.860411011,0.33,0
11.68,0.743796005,0.556684876,0.17,1
3.05,0.743796005,0.556684876,0.17,0
9.65,0.743796005,0.556684876,0.17,1
18.8,0.743796005,0.556684876,0.17,1
11.68,0.788597565,0.614062317,0.1699999,1
3.05,0.788597565,0.614062317,0.1699999,0
9.65,0.788597565,0.614062317,0.1699999,1
18.8,0.788597565,0.614062317,0.1699999,1
11.68,0.686543579,0.519352966,0.17,1
3.05,0.686543579,0.519352966,0.17,0
9.65,0.686543579,0.519352966,0.17,1
18.8,0.686543579,0.519352966,0.17,1
11.68,0.240839062,0.381964722,0.17,0
3.05,0.240839062,0.381964722,0.17,0
11.68,0.161401119,0.717865662,0.17,0
3.05,0.161401119,0.717865662,0.17,0
11.68,0.344437637,0.44152002,0.17,0
3.05,0.344437637,0.44152002,0.17,0
11.68,0.086638651,0.461780945,0.1714376,0
3.05,0.086638651,0.461780945,0.1714376,0
11.68,0.117398777,0.546273438,0.1779264,0
3.05,0.117398777,0.546273438,0.1779264,0
11.68,0.622385979,0.553352356,0.192437,0
3.05,0.622385979,0.553352356,0.192437,0
11.68,0.705399017,0.629884094,0.175881,0
3.05,0.705399017,0.629884094,0.175881,0
11.68,0.18169241,0.623940613,0.1745758,0
3.05,0.18169241,0.623940613,0.1745758,0
11.68,0.718504562,0.640730957,0.1769435,0
3.05,0.718504562,0.640730957,0.1769435,0
18.29,0.681281509,0.587880676,0.175462,0
11.68,0.681281509,0.587880676,0.175462,0
3.05,0.681281509,0.587880676,0.175462,0
13.21,0.587621346,0.645115173,0.1699999,0
18.29,0.587621346,0.645115173,0.1699999,1
11.68,0.587621346,0.645115173,0.1699999,0
3.05,0.587621346,0.645115173,0.1699999,0
18.29,0.387358055,0.503541443,0.17,1
11.68,0.387358055,0.503541443,0.17,0
3.05,0.387358055,0.503541443,0.17,0
8.13,0.543432236,0.651393127,0.260501,0
17.27,0.543432236,0.651393127,0.260501,1
9.65,0.543432236,0.651393127,0.260501,0
2.03,0.543432236,0.651393127,0.260501,0
17.27,0.301870842,0.652141541,0.3223613,0
9.65,0.301870842,0.652141541,0.3223613,0
2.03,0.301870842,0.652141541,0.3223613,0
9.65,0.003136103,0.135432953,0.1862742,0
2.03,0.003136103,0.135432953,0.1862742,0
9.65,0.018586514,0.199569992,0.2036364,0
2.03,0.018586514,0.199569992,0.2036364,0
9.65,0.128048353,0.311480804,0.2392458,0
2.03,0.128048353,0.311480804,0.2392458,0
9.65,0.522286263,0.628875305,0.33,0
2.03,0.522286263,0.628875305,0.33,0
9.65,0.623837814,0.694655762,0.3300001,0
2.03,0.623837814,0.694655762,0.3300001,0
17.27,0.0,0.177362747,0.2446651,0
9.65,0.0,0.177362747,0.2446651,0
2.03,0.0,0.177362747,0.2446651,0
17.27,0.191526909,0.406839935,0.3257576,0
9.65,0.191526909,0.406839935,0.3257576,0
2.03,0.191526909,0.406839935,0.3257576,0
9.65,0.251763153,0.443676025,0.251361,0
2.03,0.251763153,0.443676025,0.251361,0
11.68,0.034358857,0.261087128,0.1769961,0
3.05,0.034358857,0.261087128,0.1769961,0
9.65,0.157845984,0.482810272,0.173284,0
2.03,0.157845984,0.482810272,0.173284,0
17.27,0.074948463,0.541216126,0.3299999,0
9.65,0.074948463,0.541216126,0.3299999,0
2.03,0.074948463,0.541216126,0.3299999,0
17.27,0.07137361,0.225529709,0.1907992,0
9.65,0.07137361,0.225529709,0.1907992,0
2.03,0.07137361,0.225529709,0.1907992,0
17.27,0.358599014,0.436162933,0.33,0
9.65,0.358599014,0.436162933,0.33,0
2.03,0.358599014,0.436162933,0.33,0
9.65,0.040318146,0.383664215,0.3299999,0
2.03,0.040318146,0.383664215,0.3299999,0
17.27,0.843207016,0.645616272,0.3300001,0
9.65,0.843207016,0.645616272,0.3300001,0
2.03,0.843207016,0.645616272,0.3300001,0
11.68,0.015384047,0.242337814,0.17035,0
3.05,0.015384047,0.242337814,0.17035,0
9.65,0.023334253,0.26645044,0.3300001,0
2.03,0.023334253,0.26645044,0.3300001,0
9.65,0.077983775,0.391966522,0.33,0
2.03,0.077983775,0.391966522,0.33,0
9.65,0.955695343,0.775621155,0.33,0
2.03,0.955695343,0.775621155,0.33,0
17.27,0.883995285,0.775813232,0.33,0
9.65,0.883995285,0.775813232,0.33,0
2.03,0.883995285,0.775813232,0.33,0
17.27,0.898168869,0.734181152,0.3300001,0
9.65,0.898168869,0.734181152,0.3300001,0
2.03,0.898168869,0.734181152,0.3300001,0
17.27,0.925328598,0.746115418,0.33,0
9.65,0.925328598,0.746115418,0.33,0
2.03,0.925328598,0.746115418,0.33,0
17.27,0.954002533,0.857491699,0.33,0
9.65,0.954002533,0.857491699,0.33,0
2.03,0.954002533,0.857491699,0.33,0
17.27,0.889885864,0.697748108,0.3300002,0
9.65,0.889885864,0.697748108,0.3300002,0
2.03,0.889885864,0.697748108,0.3300002,0
17.27,0.047848482,0.381418427,0.3266886,0
9.65,0.047848482,0.381418427,0.3266886,0
2.03,0.047848482,0.381418427,0.3266886,0
17.27,0.954613419,0.816058655,0.33,0
9.65,0.954613419,0.816058655,0.33,0
2.03,0.954613419,0.816058655,0.33,0
17.27,0.989525528,0.818088379,0.3300001,0
9.65,0.989525528,0.818088379,0.3300001,0
2.03,0.989525528,0.818088379,0.3300001,0
17.27,0.954663391,0.849048889,0.33,0
9.65,0.954663391,0.849048889,0.33,0
2.03,0.954663391,0.849048889,0.33,0
17.27,0.571889076,0.722766052,0.3300004,1
9.65,0.571889076,0.722766052,0.3300004,0
2.03,0.571889076,0.722766052,0.3300004,0
17.27,0.950270386,0.838917297,0.3299999,1
9.65,0.950270386,0.838917297,0.3299999,0
2.03,0.950270386,0.838917297,0.3299999,0
17.27,0.950734558,0.859534424,0.33,0
9.65,0.950734558,0.859534424,0.33,0
2.03,0.950734558,0.859534424,0.33,0
14.22,0.865241623,0.867421143,0.3299999,1
4.06,0.865241623,0.867421143,0.3299999,0
6.1,0.865241623,0.867421143,0.3299999,0
8.13,0.072491269,0.406429901,0.29,0
4.57,0.072491269,0.406429901,0.29,0
11.68,0.072491269,0.406429901,0.29,0
7.62,0.072491269,0.406429901,0.29,0
8.13,0.578851357,0.557025513,0.2265083,0
4.57,0.578851357,0.557025513,0.2265083,0
11.68,0.578851357,0.557025513,0.2265083,0
7.62,0.578851357,0.557025513,0.2265083,0
8.8,0.032404189,0.251575134,0.31,0
8.8,0.280016575,0.365913696,0.3100004,0
8.8,0.35819458,0.468054504,0.3100002,0
8.8,0.252821159,0.470247864,0.3100009,0
8.8,0.198586273,0.5094758,0.3100007,0
8.4,0.019355301,0.411116364,0.31,0
8.4,0.081772261,0.374431671,0.3099998,0
8.4,0.025152187,0.315254669,0.3091224,0
18.4,0.600947418,0.332832184,0.2272671,0
6.4,0.600947418,0.332832184,0.2272671,0
16.4,0.600947418,0.332832184,0.2272671,0
18.4,0.431933823,0.329564026,0.1852344,0
6.4,0.431933823,0.329564026,0.1852344,0
16.4,0.431933823,0.329564026,0.1852344,0
6.4,0.424452782,0.308938049,0.1906918,0
16.4,0.424452782,0.308938049,0.1906918,0
6.4,0.279821053,0.291285858,0.1700111,0
16.4,0.279821053,0.291285858,0.1700111,0
30.0,0.591378136,0.464972443,0.1300001,0
35.0,0.591378136,0.464972443,0.1300001,0
27.0,0.591378136,0.464972443,0.1300001,0
11.0,0.591378136,0.464972443,0.1300001,0
20.0,0.591378136,0.464972443,0.1300001,0
30.0,0.716361084,0.557073364,0.1300001,0
35.0,0.716361084,0.557073364,0.1300001,0
27.0,0.716361084,0.557073364,0.1300001,0
11.0,0.716361084,0.557073364,0.1300001,0
20.0,0.716361084,0.557073364,0.1300001,0
30.0,0.640942688,0.553901672,0.1299998,0
35.0,0.640942688,0.553901672,0.1299998,1
27.0,0.640942688,0.553901672,0.1299998,0
11.0,0.640942688,0.553901672,0.1299998,0
20.0,0.640942688,0.553901672,0.1299998,0
40.0,0.224442616,0.361215149,0.1300001,0
55.0,0.224442616,0.361215149,0.1300001,1
19.0,0.224442616,0.361215149,0.1300001,0
33.0,0.224442616,0.361215149,0.1300001,0
55.0,0.224442616,0.361215149,0.1300001,0
40.0,0.570461082,0.43611911,0.13,0
55.0,0.570461082,0.43611911,0.13,0
19.0,0.570461082,0.43611911,0.13,0
33.0,0.570461082,0.43611911,0.13,0
55.0,0.570461082,0.43611911,0.13,0
40.0,0.335505714,0.436790833,0.1300002,0
55.0,0.335505714,0.436790833,0.1300002,0
19.0,0.335505714,0.436790833,0.1300002,0
33.0,0.335505714,0.436790833,0.1300002,0
55.0,0.335505714,0.436790833,0.1300002,0
40.0,0.522987175,0.422690308,0.1509098,0
55.0,0.522987175,0.422690308,0.1509098,1
19.0,0.522987175,0.422690308,0.1509098,0
33.0,0.522987175,0.422690308,0.1509098,0
55.0,0.522987175,0.422690308,0.1509098,0
50.292,0.636502533,0.482616394,0.1778941,1
18.29,0.341515541,0.340773041,0.141753,0
16.256,0.692979965,0.443291412,0.178508,1
19.81,0.424142075,0.349895142,0.1296192,0
16.256,0.635787315,0.436200897,0.1799999,1
16.26,0.715272446,0.358015076,0.1604602,0
16.26,0.199251289,0.218182434,0.1254479,1
16.26,0.570438042,0.335270386,0.1447524,1
16.256,0.481120872,0.408538971,0.1799999,1
18.29,0.377346725,0.268034271,0.1655262,1
10.67,0.547076111,0.39010733,0.1815342,1
19.81,0.306338539,0.272520264,0.12,1
32.004,0.223292561,0.135460999,0.1898522,1
24.38,0.167288189,0.088487373,0.1817524,1
12.7,0.456604767,0.36701886,0.18,1
18.29,0.828007355,0.42927298,0.18,1
16.26,0.016807301,0.092665382,0.1327447,1
18.29,0.792648621,0.454635925,0.1800001,1
12.7,0.230896244,0.205633362,0.1452277,0
10.67,0.232923603,0.287261902,0.1799998,1
16.26,0.023063481,0.12399749,0.1199998,0
16.26,0.336488495,0.275454254,0.1204538,1
29.972,0.117439585,0.213859192,0.1834914,1
29.972,0.512886391,0.324145325,0.1800793,1
29.972,0.137776871,0.18830687,0.1800032,1
29.972,0.682873917,0.440170197,0.1805373,1
29.972,0.478293762,0.35742749,0.180063,1
29.972,0.587521095,0.349014923,0.1800263,1
24.89,0.153107491,0.210218063,0.1200946,0
28.45,0.494496346,0.367417175,0.1820192,1
24.89,0.070420866,0.158715241,0.1200778,0
12.192,0.04237752,0.088865715,0.1424362,1
9.14,0.230089378,0.223795242,0.1202875,1
9.14,0.155881977,0.170035934,0.1208284,0
15.75,0.098712578,0.248515213,0.12,0
15.75,0.303972855,0.288169495,0.1225219,0
31.5,0.394629593,0.528231628,0.1799999,0
31.5,0.356295242,0.491305817,0.1799999,0
31.5,0.448209572,0.598994934,0.1799999,1
31.5,0.207172432,0.52035614,0.1799999,1
31.5,0.130006752,0.43343454,0.1776912,1
42.67,0.283768597,0.502076019,0.18,0
37.08,0.107554626,0.431335877,0.179492,1
37.08,0.16962616,0.458823151,0.1800003,1
37.08,0.047976508,0.352202423,0.1799999,1
37.08,0.025421815,0.283936829,0.1798105,1
28.45,0.749362183,0.526439392,0.12,1
46.23,0.669066391,0.47775592,0.12761,1
22.352,0.704802933,0.424856628,0.18,1
22.352,0.672299805,0.523382507,0.1799998,1
39.12,0.202232418,0.226586609,0.1800891,0
46.23,0.630147247,0.499532074,0.1834688,1
22.352,0.668269424,0.486823975,0.1799999,0
22.352,0.781867371,0.53032019,0.1799999,1
28.448,0.464139633,0.411364197,0.1979263,1
28.448,0.494300652,0.424045349,0.1199999,1
28.448,0.626009483,0.562680908,0.1863924,1
28.448,0.506155815,0.402054169,0.1812862,1
28.448,0.564409027,0.508159699,0.1800047,1
28.448,0.499749794,0.427309998,0.180879,1
18.29,0.820819321,0.492897888,0.1799999,1
28.448,0.572999115,0.477294586,0.1199999,1
18.29,0.63675602,0.475109192,0.1800002,1
28.448,0.661195602,0.461627197,0.18,1
18.29,0.373227959,0.364474548,0.1276616,1
22.352,0.515456009,0.481836975,0.1763332,1
18.29,0.570329628,0.412358734,0.1799999,1
39.12,0.456125336,0.440223908,0.1200124,1
28.448,0.76161644,0.674695923,0.1815308,1
16.256,0.474586525,0.466946167,0.1435332,1
50.292,0.187356396,0.228564255,0.1814776,1
20.83,0.414595871,0.419772125,0.18,0
50.292,0.627164841,0.415715637,0.1799999,1
16.256,0.817290573,0.600071167,0.1817058,1
16.256,0.682106857,0.435579895,0.1802551,1
20.83,0.33444973,0.384677277,0.1800001,0
6.096,0.515008659,0.355510376,0.122628,0
16.256,0.735277252,0.456020569,0.1788878,1
3.05,0.288816299,0.292431122,0.2597966,0
10.16,0.332993355,0.270829163,0.1599999,0
10.16,0.248486595,0.211218597,0.16,0
10.16,0.084954262,0.142594544,0.1600001,0
10.16,0.0,0.095266678,0.1600001,0
8.64,0.066165466,0.41045694,0.16,0
6.095999,0.066165466,0.41045694,0.16,0
3.56,0.066165466,0.41045694,0.16,0
8.64,0.095082073,0.425409729,0.16,0
6.095999,0.095082073,0.425409729,0.16,0
3.56,0.095082073,0.425409729,0.16,0
8.64,0.062087097,0.439286316,0.1599998,0
3.56,0.062087097,0.439286316,0.1599998,0
4.06,0.062087097,0.439286316,0.1599998,0
14.224,0.873861618,0.132482651,0.26,1
11.18,0.873861618,0.132482651,0.26,0
21.34,0.873861618,0.132482651,0.26,0
8.13,0.873861618,0.132482651,0.26,0
14.224,0.620513992,0.113535881,0.2600001,1
11.18,0.620513992,0.113535881,0.2600001,0
21.34,0.620513992,0.113535881,0.2600001,0
8.13,0.620513992,0.113535881,0.2600001,0
14.224,0.777682648,0.1248153,0.2600001,1
11.18,0.777682648,0.1248153,0.2600001,0
21.34,0.777682648,0.1248153,0.2600001,0
8.13,0.777682648,0.1248153,0.2600001,0
14.224,0.884079742,0.207891586,0.2600003,1
10.16,0.884079742,0.207891586,0.2600003,0
18.8,0.884079742,0.207891586,0.2600003,0
8.13,0.884079742,0.207891586,0.2600003,0
14.224,0.791961136,0.044574284,0.26,1
10.16,0.791961136,0.044574284,0.26,0
18.8,0.791961136,0.044574284,0.26,0
8.13,0.791961136,0.044574284,0.26,0
14.224,0.741487961,0.183096741,0.2600004,1
10.16,0.741487961,0.183096741,0.2600004,0
18.8,0.741487961,0.183096741,0.2600004,0
8.13,0.741487961,0.183096741,0.2600004,0
14.224,0.067906675,0.069234535,0.259756,0
10.16,0.067906675,0.069234535,0.259756,0
18.8,0.067906675,0.069234535,0.259756,0
8.13,0.067906675,0.069234535,0.259756,0
12.4,0.040887923,0.089684166,0.2681331,0
30.4,0.040887923,0.089684166,0.2681331,0
12.4,0.225928974,0.100300263,0.259974,0
30.4,0.225928974,0.100300263,0.259974,0
11.2,0.757268295,0.238061691,0.1301133,0
28.8,0.757268295,0.238061691,0.1301133,0
33.02,0.028862264,0.111006447,0.2900441,0
33.02,0.006760011,0.034962032,0.290002,0
11.176,0.006760011,0.034962032,0.290002,0
11.176,0.468575287,0.484014008,0.295727,0
33.02,0.468575287,0.484014008,0.295727,1
33.02,0.683152237,0.505172058,0.2935358,1
60.96,0.586841164,0.449606415,0.2935259,0
17.78,0.586841164,0.449606415,0.2935259,0
60.96,0.315703468,0.400872559,0.2899615,1
17.78,0.315703468,0.400872559,0.2899615,1
60.96,0.438835869,0.52076471,0.2885815,1
17.78,0.438835869,0.52076471,0.2885815,1
11.176,0.488698273,0.325667603,0.3000865,0
33.02,0.488698273,0.325667603,0.3000865,0
60.96,0.518989906,0.362239044,0.2964492,1
17.78,0.518989906,0.362239044,0.2964492,1
60.96,0.091154728,0.293458618,0.3694123,1
17.78,0.091154728,0.293458618,0.3694123,1
60.96,0.466727638,0.344283386,0.3316133,1
17.78,0.466727638,0.344283386,0.3316133,1
60.96,0.189298725,0.258806976,3.5475347,1
17.78,0.189298725,0.258806976,3.5475347,1
60.96,0.593021889,0.495340698,0.3148682,1
17.78,0.593021889,0.495340698,0.3148682,1
60.96,0.659402847,0.361524841,0.5368291,1
17.78,0.659402847,0.361524841,0.5368291,1
60.96,0.566560249,0.436992889,0.3353475,1
17.78,0.566560249,0.436992889,0.3353475,1
60.96,0.301962109,0.353828491,0.2914681,1
17.78,0.301962109,0.353828491,0.2914681,1
60.96,0.615362244,0.42485965,0.29792,0
17.78,0.615362244,0.42485965,0.29792,0
60.96,0.563969727,0.508007782,11.3604183,1
17.78,0.563969727,0.508007782,11.3604183,1
60.96,0.619340057,0.458848389,0.2825995,0
17.78,0.619340057,0.458848389,0.2825995,0
60.96,0.417704811,0.542101746,0.26409,0
17.78,0.417704811,0.542101746,0.26409,0
60.96,0.50530323,0.549810913,0.2655392,0
17.78,0.50530323,0.549810913,0.2655392,0
19.304,0.773995743,0.581846375,0.29,1
15.24,0.773995743,0.581846375,0.29,1
19.304,0.698890991,0.590250977,0.29,1
15.24,0.698890991,0.590250977,0.29,1
19.304,0.733920975,0.549515442,0.29,1
15.24,0.733920975,0.549515442,0.29,1
19.304,0.538746948,0.447319275,0.2899999,0
6.0,0.182904873,0.440224731,0.0,0
6.0,0.693670883,0.533310791,0.0,0
6.0,0.884459457,0.582817627,0.0,0
10.0,0.57487114,0.323664459,0.0,0
24.0,0.57487114,0.323664459,0.0,0
10.0,0.753850937,0.517388733,0.0,1
24.0,0.753850937,0.517388733,0.0,0
10.0,0.747833939,0.484195679,0.0,0
24.0,0.747833939,0.484195679,0.0,0
10.0,0.225268364,0.272842651,0.0,0
24.0,0.225268364,0.272842651,0.0,1
10.0,0.124378109,0.303621887,0.0,0
24.0,0.124378109,0.303621887,0.0,0
10.668,0.301178856,0.238450882,0.2993079,0
14.224,0.484734383,0.3512341,0.2900977,0
20.828,0.484734383,0.3512341,0.2900977,1
6.604,0.201129227,0.423079987,0.2898802,1
10.16,0.201129227,0.423079987,0.2898802,1
9.144,0.201129227,0.423079987,0.2898802,1
9.144,0.177453461,0.369753479,0.2900003,0
10.668,0.363708992,0.488626953,0.2918189,1
10.668,0.172278175,0.29134195,0.291595,1
10.668,0.439948654,0.422646515,0.2935909,1
3.556,0.52674839,0.388528442,0.2912383,1
19.812,0.52674839,0.388528442,0.2912383,0
11.176,0.061763144,0.189733383,0.2989659,0
19.812,0.431548996,0.286436005,0.2925147,1
8.636,0.431548996,0.286436005,0.2925147,1
8.64,0.165445347,0.181423599,0.1531158,0
17.2,0.535435905,0.434573731,0.1987807,1
20.4,0.215901585,0.296689789,0.248117,1
17.2,0.215901585,0.296689789,0.248117,1
20.4,0.3458675,0.448667267,0.2407913,1
17.2,0.3458675,0.448667267,0.2407913,1
20.4,0.439083519,0.337842743,0.1600574,0
17.2,0.439083519,0.337842743,0.1600574,1
20.4,0.568164444,0.489918457,0.1990076,1
17.2,0.595467758,0.470557983,0.172881,1
21.844,0.595467758,0.470557983,0.172881,1
20.4,0.574392128,0.525386902,0.2172451,1
17.2,0.574392128,0.525386902,0.2172451,1
21.844,0.574392128,0.525386902,0.2172451,1
20.4,0.47238842,0.487622406,0.1600001,1
17.2,0.47238842,0.487622406,0.1600001,1
20.4,0.255309219,0.341515411,0.1885283,1
21.844,0.327278175,0.304296814,0.2499617,1
10.4,0.303505325,0.295312958,0.244227,1
17.2,0.303505325,0.295312958,0.244227,1
10.4,0.278419685,0.275958832,0.2373524,1
26.0,0.33384861,0.331973114,0.2890507,1
26.0,0.821837234,0.434031464,0.27,1
26.0,0.262171955,0.346775055,0.31,1
26.0,0.660539169,0.397783752,0.2700001,1
26.0,0.106398506,0.237277893,0.3072537,0
26.0,0.002341401,0.236974472,0.2918339,0
26.0,0.538322144,0.380590149,0.2715336,0
26.0,0.442371101,0.265782318,0.3080758,1
26.0,0.186223774,0.292557129,0.27,0
26.0,0.374429131,0.320230011,0.2700505,0
7.6,0.574193611,0.402857575,0.2700004,0
7.6,0.0,0.100595772,0.2700001,0
6.4,0.562630959,0.563207581,0.2136472,1
4.0,0.562630959,0.563207581,0.2136472,0
4.0,0.65524826,0.733428406,0.2346535,0
3.2,0.65524826,0.733428406,0.2346535,0
4.0,0.182751427,0.461550263,0.1938078,0
3.2,0.182751427,0.461550263,0.1938078,0
2.0,0.720025406,0.692528442,0.2079772,0
4.0,0.720025406,0.692528442,0.2079772,1
4.0,0.58656601,0.698600708,0.227761,0
3.2,0.58656601,0.698600708,0.227761,0
4.0,0.261725845,0.512287048,0.19,0
3.2,0.261725845,0.512287048,0.19,0
2.0,0.643276825,0.62979718,0.2052804,0
4.0,0.643276825,0.62979718,0.2052804,0
5.59,0.114479713,0.102325829,0.3194942,0
6.1,0.114479713,0.102325829,0.3194942,0
14.22,0.114479713,0.102325829,0.3194942,0
6.6,0.114479713,0.102325829,0.3194942,0
5.59,0.400327034,0.089560967,0.316281,0
6.1,0.400327034,0.089560967,0.316281,0
14.22,0.400327034,0.089560967,0.316281,0
6.6,0.400327034,0.089560967,0.316281,0
5.59,0.131464224,0.027752607,0.3186705,0
6.1,0.131464224,0.027752607,0.3186705,0
14.22,0.131464224,0.027752607,0.3186705,0
6.6,0.131464224,0.027752607,0.3186705,0
14.0,0.826530762,0.568273377,0.0,0
20.0,0.826530762,0.568273377,0.0,0
14.0,0.197754936,0.075308128,0.0,0
20.0,0.197754936,0.075308128,0.0,0
42.0,0.648962936,0.179300186,0.0,0
6.0,0.648962936,0.179300186,0.0,0
12.0,0.648962936,0.179300186,0.0,0
42.0,0.558260803,0.267483398,0.0,0
6.0,0.558260803,0.267483398,0.0,0
12.0,0.558260803,0.267483398,0.0,0
42.0,0.316887531,0.085953445,0.33,0
6.0,0.316887531,0.085953445,0.33,0
12.0,0.316887531,0.085953445,0.33,0
42.0,0.473457031,0.122578293,0.33,0
6.0,0.473457031,0.122578293,0.33,0
12.0,0.473457031,0.122578293,0.33,0
42.0,0.582965012,0.559055725,0.33,0
6.0,0.582965012,0.559055725,0.33,0
12.0,0.582965012,0.559055725,0.33,0
42.0,0.282319107,0.644972351,0.33,0
6.0,0.282319107,0.644972351,0.33,0
12.0,0.282319107,0.644972351,0.33,0
42.0,0.271075115,0.5852229,0.3299999,0
6.0,0.271075115,0.5852229,0.3299999,0
12.0,0.271075115,0.5852229,0.3299999,0
10.0,0.783512878,0.642082031,0.0,0
8.0,0.783512878,0.642082031,0.0,0
10.0,0.596927948,0.194982773,0.0,0
8.0,0.596927948,0.194982773,0.0,0
10.0,0.652231598,0.087698685,0.33,0
8.0,0.652231598,0.087698685,0.33,0
9.2,0.709199371,0.256208191,0.24,0
9.2,0.590495796,0.261222199,0.1699257,0
9.2,0.423029175,0.222962524,0.2318898,0
9.2,0.566194763,0.205984985,0.24,0
9.2,0.238090038,0.271593353,0.2399999,0
9.2,0.433811264,0.232115814,0.24,0
20.8,0.47471714,0.243100235,0.1654899,0
8.8,0.47471714,0.243100235,0.1654899,0
9.2,0.47471714,0.243100235,0.1654899,0
9.2,0.529922104,0.250732681,0.2399999,0
9.2,0.678598099,0.219746491,0.24,0
9.2,0.42501194,0.274073059,0.228868,0
9.2,0.509309464,0.215175736,0.2100161,0
20.8,0.509309464,0.215175736,0.2100161,0
8.8,0.509309464,0.215175736,0.2100161,0
15.2,0.509309464,0.215175736,0.2100161,0
9.2,0.277914829,0.226443024,0.24,0
9.2,0.544564629,0.430875977,0.2400001,0
9.2,0.813339691,0.418480682,0.24,0
9.2,0.150495148,0.111505562,0.15,0
20.8,0.150495148,0.111505562,0.15,0
8.8,0.150495148,0.111505562,0.15,0
15.2,0.150495148,0.111505562,0.15,0
9.2,0.177650414,0.174791397,0.15,0
20.8,0.177650414,0.174791397,0.15,0
8.8,0.177650414,0.174791397,0.15,0
15.2,0.177650414,0.174791397,0.15,0
20.8,0.069899225,0.124577499,0.1499999,0
8.8,0.069899225,0.124577499,0.1499999,0
9.2,0.069899225,0.124577499,0.1499999,0
9.2,0.055842156,0.007158207,0.1500001,0
20.8,0.055842156,0.007158207,0.1500001,0
8.8,0.055842156,0.007158207,0.1500001,0
15.2,0.055842156,0.007158207,0.1500001,0
9.2,0.191143608,0.160445908,0.15,0
20.8,0.191143608,0.160445908,0.15,0
8.8,0.191143608,0.160445908,0.15,0
15.2,0.191143608,0.160445908,0.15,0
20.8,0.308686066,0.217683075,0.1571436,0
8.8,0.308686066,0.217683075,0.1571436,0
15.2,0.308686066,0.217683075,0.1571436,0
14.0,0.455157585,0.155421295,0.24,1
6.8,0.379102058,0.193886093,0.1500001,0
6.8,0.385669441,0.193966034,0.1500001,0
20.8,0.057058282,0.071743668,0.1499998,0
8.8,0.057058282,0.071743668,0.1499998,0
15.2,0.057058282,0.071743668,0.1499998,0
20.8,0.057399421,0.071371964,0.1499998,0
8.8,0.057399421,0.071371964,0.1499998,0
15.2,0.057399421,0.071371964,0.1499998,0
4.0,0.530929413,0.211981415,0.1500001,0
5.2,0.530929413,0.211981415,0.1500001,0
4.8,0.530929413,0.211981415,0.1500001,0
4.0,0.565550728,0.21501004,0.15,0
5.2,0.565550728,0.21501004,0.15,0
4.8,0.565550728,0.21501004,0.15,0
14.0,0.672739868,0.201413345,0.2353429,0
9.2,0.966341171,0.436217102,0.24,0
14.0,0.372563515,0.181926178,0.24,0
9.2,0.935706863,0.46669101,0.2399999,0
20.8,0.935706863,0.46669101,0.2399999,0
8.8,0.935706863,0.46669101,0.2399999,0
15.2,0.935706863,0.46669101,0.2399999,0
9.2,0.912002335,0.495499054,0.2399999,0
15.6,0.943480148,0.43439505,0.24,0
11.6,0.943480148,0.43439505,0.24,0
8.4,0.943480148,0.43439505,0.24,0
14.0,0.530089912,0.433594544,0.1499999,0
9.2,0.745163879,0.349370087,0.24,0
9.2,0.818678513,0.372642181,0.24,0
15.6,0.903144836,0.350969818,0.2399999,0
11.6,0.903144836,0.350969818,0.2399999,0
8.4,0.903144836,0.350969818,0.2399999,0
14.0,0.943435211,0.322001526,0.24,0
14.0,0.52360363,0.208086533,0.2399998,1
18.4,0.52360363,0.208086533,0.2399998,1
13.6,0.52360363,0.208086533,0.2399998,0
28.0,0.52360363,0.208086533,0.2399998,1
14.0,0.856051407,0.286749725,0.24,0
14.0,0.700885162,0.38109491,0.24,0
14.0,0.910304031,0.311063141,0.24,0
14.0,0.468814392,0.091928993,0.24,0
14.0,0.235016766,0.075976585,0.2399999,0
14.0,0.858921967,0.347974365,0.2399999,0
28.0,0.858921967,0.347974365,0.2399999,1
10.4,0.413928986,0.376447418,0.15,0
8.4,0.413928986,0.376447418,0.15,0
14.0,0.591626015,0.187827637,0.2400002,0
13.6,0.591626015,0.187827637,0.2400002,0
4.0,0.871899948,0.381584747,0.1617792,0
14.0,0.503583107,0.156382965,0.24,0
14.0,0.871919022,0.259635132,0.24,1
18.4,0.871919022,0.259635132,0.24,1
14.0,0.731163635,0.140223557,0.24,0
14.0,0.923615723,0.333695252,0.24,1
15.6,0.570311165,0.399393982,0.2400001,0
11.6,0.570311165,0.399393982,0.2400001,0
8.4,0.570311165,0.399393982,0.2400001,0
4.0,0.570311165,0.399393982,0.2400001,0
4.0,0.875787125,0.392088989,0.1538033,0
14.0,0.874347763,0.173842865,0.2399999,0
14.0,0.762543869,0.227931366,0.2399999,0
14.0,0.64669899,0.158139587,0.24,0
15.6,0.756488113,0.5010271,0.2400001,0
11.6,0.756488113,0.5010271,0.2400001,0
8.4,0.756488113,0.5010271,0.2400001,0
4.0,0.756488113,0.5010271,0.2400001,0
18.4,0.328874321,0.066602646,0.24,0
13.6,0.328874321,0.066602646,0.24,0
13.6,0.328874321,0.066602646,0.24,0
10.4,0.580701981,0.324196716,0.15,0
8.4,0.580701981,0.324196716,0.15,0
10.4,0.768881836,0.520620056,0.1499999,0
10.4,0.448703346,0.320613556,0.15,0
8.4,0.448703346,0.320613556,0.15,0
15.6,0.611902695,0.30593866,0.24,1
4.0,0.806213913,0.44937616,0.228009,0
15.6,0.73354332,0.353986755,0.2399999,0
11.6,0.73354332,0.353986755,0.2399999,0
8.4,0.73354332,0.353986755,0.2399999,0
4.0,0.73354332,0.353986755,0.2399999,0
14.0,0.97832283,0.289474823,0.24,1
18.4,0.97832283,0.289474823,0.24,1
10.4,0.587922173,0.539200317,0.1500001,0
8.4,0.587922173,0.539200317,0.1500001,0
15.6,0.84356163,0.459069672,0.221223,1
4.0,0.84356163,0.459069672,0.221223,0
15.6,0.860787048,0.458402466,0.2178507,1
4.0,0.750792847,0.384168427,0.24,0
15.6,0.910439377,0.562347046,0.2400001,1
14.0,0.69246788,0.290926025,0.2399999,1
18.4,0.69246788,0.290926025,0.2399999,1
13.6,0.69246788,0.290926025,0.2399999,0
15.6,0.885258713,0.588345764,0.2400001,1
10.4,0.44440876,0.314694946,0.1499999,0
8.4,0.44440876,0.314694946,0.1499999,0
18.4,0.729904861,0.257289856,0.2400002,0
13.6,0.729904861,0.257289856,0.2400002,0
13.6,0.729904861,0.257289856,0.2400002,0
15.6,0.660387955,0.296901367,0.24,1
4.0,0.660387955,0.296901367,0.24,0
4.0,0.703168335,0.379903748,0.24,0
18.4,0.698946152,0.239730499,0.2399999,1
15.6,0.821566467,0.45661084,0.24,1
4.0,0.821566467,0.45661084,0.24,0
15.6,0.868949966,0.505041931,0.24,1
10.4,0.671472397,0.339050781,0.1500001,0
8.4,0.671472397,0.339050781,0.1500001,0
15.6,0.739010544,0.351447479,0.2399999,1
4.0,0.739010544,0.351447479,0.2399999,0
10.4,0.781728287,0.564578125,0.15,0
8.4,0.781728287,0.564578125,0.15,0
14.4,0.469023857,0.139348297,0.239937,0
10.0,0.469023857,0.139348297,0.239937,0
10.4,0.469023857,0.139348297,0.239937,0
14.0,0.857000504,0.448530609,0.2399999,1
18.4,0.857000504,0.448530609,0.2399999,1
13.6,0.857000504,0.448530609,0.2399999,0
28.0,0.857000504,0.448530609,0.2399999,1
4.0,0.193742085,0.497742493,0.2399999,0
10.4,0.651647949,0.282782837,0.15,0
18.4,0.639061394,0.220930222,0.24,1
13.6,0.639061394,0.220930222,0.24,0
10.4,0.670369797,0.523421326,0.15,0
8.4,0.670369797,0.523421326,0.15,0
18.4,0.810640411,0.292116211,0.24,0
13.6,0.810640411,0.292116211,0.24,0
13.6,0.810640411,0.292116211,0.24,0
18.4,0.87149025,0.463782532,0.2399999,1
13.6,0.87149025,0.463782532,0.2399999,0
10.4,0.46598671,0.248839859,0.15,0
8.4,0.46598671,0.248839859,0.15,0
10.4,0.495166779,0.328562805,0.15,0
8.4,0.495166779,0.328562805,0.15,0
18.4,0.70075798,0.251034546,0.2400002,1
8.0,0.424753609,0.251678711,0.24,0
14.0,0.882351913,0.3599104,0.24,1
14.0,0.86065033,0.275713013,0.24,0
18.4,0.86065033,0.275713013,0.24,1
14.0,0.649646606,0.303474365,0.2400001,0
8.0,0.767232056,0.266917847,0.2399999,0
15.6,0.532686958,0.203332825,0.2399999,1
4.0,0.532686958,0.203332825,0.2399999,0
14.0,0.620040169,0.343074097,0.24,0
18.4,0.620040169,0.343074097,0.24,1
14.0,0.968907928,0.401641052,0.2399999,1
10.4,0.266676292,0.304587921,0.1499999,0
8.4,0.266676292,0.304587921,0.1499999,0
14.0,0.743151245,0.277808685,0.24,0
8.0,0.654044724,0.277047821,0.2319753,1
5.2,0.654044724,0.277047821,0.2319753,1
15.6,0.878753052,0.216229492,0.2399999,1
15.6,0.987120743,0.199291519,0.24,1
15.6,0.882786102,0.236435761,0.24,1
10.4,0.117951851,0.271714325,0.15,0
8.4,0.117951851,0.271714325,0.15,0
15.6,0.811726532,0.219889023,0.2399999,1
4.0,0.905049286,0.211970062,0.2399999,0
5.2,0.905049286,0.211970062,0.2399999,1
4.0,0.84810257,0.208902542,0.24,0
5.2,0.84810257,0.208902542,0.24,1
8.0,0.974933853,0.539741821,0.2399999,0
4.0,0.832287064,0.23089151,0.2399999,0
5.2,0.832287064,0.23089151,0.2399999,1
10.4,0.099861116,0.290822571,0.15,0
8.4,0.099861116,0.290822571,0.15,0
8.0,0.952599716,0.568636963,0.24,0
4.0,0.724385223,0.232911926,0.2329489,0
4.0,0.728738708,0.226769531,0.2322953,0
10.4,0.596147041,0.324908691,0.15,0
8.4,0.596147041,0.324908691,0.15,0
10.4,0.153101683,0.299405762,0.15,0
8.4,0.153101683,0.299405762,0.15,0
14.0,0.738543777,0.421694763,0.2399998,1
14.0,0.634485626,0.438265259,0.2400001,1
14.0,0.844808273,0.432657318,0.2399999,1
14.0,0.468088417,0.357274994,0.24,0
14.0,0.847910385,0.501341217,0.2399999,1
28.0,0.847910385,0.501341217,0.2399999,1
4.0,0.768355026,0.286843506,0.24,0
4.0,0.804280243,0.239203293,0.2232067,0
6.8,0.315097408,0.150645325,0.15,0
6.8,0.344385262,0.16657988,0.1500001,0
4.0,0.692219238,0.222255371,0.1984019,0
4.0,0.750510483,0.273611969,0.1783348,0
4.0,0.740303879,0.329353516,0.1826364,0
10.4,0.413083496,0.410190064,0.15,1
8.4,0.413083496,0.410190064,0.15,0
4.0,0.808904114,0.334524323,0.24,0
4.0,0.821456299,0.363702301,0.24,0
8.0,0.822115479,0.265203278,0.24,1
8.0,0.823310394,0.167979385,0.2399999,1
8.0,0.902476578,0.160433762,0.24,1
10.4,0.789765778,0.361825226,0.15,1
8.4,0.789765778,0.361825226,0.15,0
1.6,0.572117462,0.189780151,0.2400008,0
8.0,0.859382095,0.252228043,0.2399999,1
33.2,0.352275162,0.096231545,0.2399998,1
8.4,0.352275162,0.096231545,0.2399998,0
22.4,0.352275162,0.096231545,0.2399998,1
33.6,0.352275162,0.096231545,0.2399998,1
9.6,0.370744514,0.102498627,0.2399998,1
3.6,0.370744514,0.102498627,0.2399998,0
33.2,0.370744514,0.102498627,0.2399998,1
33.2,0.335520439,0.093509712,0.2399998,1
22.4,0.335520439,0.093509712,0.2399998,1
33.6,0.335520439,0.093509712,0.2399998,1
33.2,0.632237396,0.216261643,0.2399999,1
8.4,0.632237396,0.216261643,0.2399999,0
22.4,0.632237396,0.216261643,0.2399999,1
33.6,0.632237396,0.216261643,0.2399999,1
1.6,0.425555,0.174703735,0.2399998,0
1.6,0.558704224,0.22846582,0.239926,0
33.2,0.25657177,0.039174877,0.24,1
8.4,0.25657177,0.039174877,0.24,0
6.8,0.489526443,0.159250214,0.15,0
19.6,0.281862926,0.127262253,0.24,1
7.2,0.281862926,0.127262253,0.24,0
8.0,0.726280518,0.375310669,0.2399999,1
7.2,0.47596981,0.161355026,0.24,0
1.6,0.538948631,0.115034927,0.2400001,0
19.6,0.538948631,0.115034927,0.2400001,1
7.2,0.538948631,0.115034927,0.2400001,0
18.8,0.538948631,0.115034927,0.2400001,1
26.8,0.538948631,0.115034927,0.2400001,1
19.6,0.546888618,0.11066629,0.2400001,1
7.2,0.546888618,0.11066629,0.2400001,0
14.4,0.660682526,0.142012634,0.2399999,0
10.0,0.660682526,0.142012634,0.2399999,0
10.4,0.660682526,0.142012634,0.2399999,0
6.0,0.660682526,0.142012634,0.2399999,1
1.6,0.645062103,0.207448944,0.24,0
8.8,0.51814827,0.149302872,0.2360827,0
6.0,0.572046547,0.147038269,0.2399446,1
14.8,0.390788155,0.105094971,0.24,0
8.8,0.390788155,0.105094971,0.24,1
8.8,0.63143631,0.169881592,0.24,0
8.4,0.633507614,0.186301941,0.2399999,0
10.4,0.633507614,0.186301941,0.2399999,0
14.4,0.633507614,0.186301941,0.2399999,1
8.4,0.648694687,0.226767899,0.2399996,0
10.4,0.648694687,0.226767899,0.2399996,0
14.4,0.648694687,0.226767899,0.2399996,1
12.4,0.704977112,0.131387909,0.24,1
8.4,0.655568771,0.236214966,0.2399998,0
10.4,0.655568771,0.236214966,0.2399998,0
14.8,0.655568771,0.236214966,0.2399998,0
48.4,0.655568771,0.236214966,0.2399998,1
11.18,0.655568771,0.236214966,0.2399998,1
8.4,0.62942173,0.201402863,0.2399999,0
10.4,0.62942173,0.201402863,0.2399999,0
14.4,0.62942173,0.201402863,0.2399999,1
8.8,0.216115799,0.115958061,0.24,0
10.0,0.404108124,0.143637192,0.2388167,0
10.4,0.404108124,0.143637192,0.2388167,0
23.2,0.766222458,0.298623077,0.2399999,1
32.8,0.766222458,0.298623077,0.2399999,1
30.8,0.766222458,0.298623077,0.2399999,1
8.4,0.766222458,0.298623077,0.2399999,0
17.2,0.766222458,0.298623077,0.2399999,0
42.0,0.766222458,0.298623077,0.2399999,1
8.4,0.558055344,0.184505798,0.2372994,0
10.4,0.558055344,0.184505798,0.2372994,0
14.8,0.558055344,0.184505798,0.2372994,0
14.4,0.558055344,0.184505798,0.2372994,1
23.2,0.748188782,0.245606003,0.24,1
32.8,0.748188782,0.245606003,0.24,1
30.8,0.748188782,0.245606003,0.24,1
8.4,0.748188782,0.245606003,0.24,0
17.2,0.748188782,0.245606003,0.24,0
42.0,0.748188782,0.245606003,0.24,1
23.2,0.740537491,0.213864716,0.24,1
32.8,0.740537491,0.213864716,0.24,0
30.8,0.740537491,0.213864716,0.24,1
8.4,0.740537491,0.213864716,0.24,0
17.2,0.740537491,0.213864716,0.24,0
8.4,0.685818558,0.199748978,0.2398475,0
10.4,0.685818558,0.199748978,0.2398475,0
14.8,0.685818558,0.199748978,0.2398475,0
11.18,0.685818558,0.199748978,0.2398475,1
1.6,0.457647934,0.173606293,0.2364075,0
18.8,0.457647934,0.173606293,0.2364075,0
26.8,0.457647934,0.173606293,0.2364075,1
12.4,0.075726719,0.012215972,0.2390334,0
19.6,0.471634178,0.157263031,0.24,1
7.2,0.471634178,0.157263031,0.24,0
23.2,0.416643143,0.090863106,0.24,1
32.8,0.416643143,0.090863106,0.24,0
8.4,0.416643143,0.090863106,0.24,0
17.2,0.416643143,0.090863106,0.24,0
11.18,0.416643143,0.090863106,0.24,1
23.2,0.438194084,0.055951202,0.24,1
32.8,0.438194084,0.055951202,0.24,0
15.24,0.613444405,0.131871704,0.24,0
32.8,0.41772419,0.111157227,0.24,0
11.18,0.37023365,0.097387444,0.2396449,1
6.6,0.37023365,0.097387444,0.2396449,0
14.73,0.37023365,0.097387444,0.2396449,0
15.24,0.37023365,0.097387444,0.2396449,0
23.2,0.37023365,0.097387444,0.2396449,0
32.8,0.37023365,0.097387444,0.2396449,0
11.18,0.522125931,0.106284096,0.2399999,1
6.6,0.522125931,0.106284096,0.2399999,0
14.73,0.522125931,0.106284096,0.2399999,0
39.62,0.522125931,0.106284096,0.2399999,1
32.8,0.522125931,0.106284096,0.2399999,1
11.18,0.193745136,0.072650101,0.2358664,1
6.6,0.193745136,0.072650101,0.2358664,0
14.73,0.193745136,0.072650101,0.2358664,0
12.4,0.193745136,0.072650101,0.2358664,0
11.18,0.490713959,0.122474808,0.2399903,1
32.8,0.490713959,0.122474808,0.2399903,0
11.18,0.603600197,0.109997849,0.24,1
6.6,0.603600197,0.109997849,0.24,0
14.73,0.603600197,0.109997849,0.24,0
32.8,0.603600197,0.109997849,0.24,0
8.4,0.47903595,0.122283112,0.2399999,0
10.4,0.47903595,0.122283112,0.2399999,0
14.4,0.47903595,0.122283112,0.2399999,1
48.4,0.515067444,0.132121368,0.2399999,1
8.8,0.515067444,0.132121368,0.2399999,1
11.18,0.636924591,0.18217067,0.2399997,1
6.6,0.636924591,0.18217067,0.2399997,0
14.73,0.636924591,0.18217067,0.2399997,0
23.2,0.636924591,0.18217067,0.2399997,0
32.8,0.636924591,0.18217067,0.2399997,0
6.8,0.644126205,0.275829834,0.1500002,0
4.0,0.644126205,0.275829834,0.1500002,0
5.2,0.644126205,0.275829834,0.1500002,0
4.8,0.644126205,0.275829834,0.1500002,0
32.8,0.450524216,0.095807259,0.2389937,0
6.8,0.402350769,0.171303955,0.15,0
6.8,0.646401291,0.120731918,0.15,0
6.8,0.63952858,0.104774437,0.15,0
6.8,0.726213989,0.296566101,0.1499999,0
6.8,0.599107971,0.190648956,0.15,0
6.8,0.75745079,0.470333099,0.15,0
4.0,0.75745079,0.470333099,0.15,0
5.2,0.75745079,0.470333099,0.15,0
4.8,0.75745079,0.470333099,0.15,0
6.8,0.725570755,0.419898163,0.15,0
6.8,0.792050705,0.493511963,0.15,0
6.8,0.424465599,0.105224617,0.15,0
6.8,0.298050957,0.220112808,0.15,0
6.8,0.276847897,0.231102676,0.15,0
6.8,0.555379257,0.324329681,0.15,0
6.8,0.169122314,0.163871506,0.15,0
4.0,0.169122314,0.163871506,0.15,0
5.2,0.169122314,0.163871506,0.15,0
4.8,0.169122314,0.163871506,0.15,0
6.8,0.295188389,0.195758331,0.15,0
6.8,0.003403972,0.216580521,0.15,0
6.8,0.331675262,0.426014496,0.15,0
6.8,0.614441833,0.227186768,0.15,0
4.0,0.614441833,0.227186768,0.15,0
5.2,0.614441833,0.227186768,0.15,0
4.8,0.614441833,0.227186768,0.15,0
6.8,0.439496574,0.225073257,0.15,0
4.0,0.439496574,0.225073257,0.15,0
5.2,0.439496574,0.225073257,0.15,0
4.8,0.439496574,0.225073257,0.15,0
6.8,0.288839722,0.400524353,0.1499999,0
6.8,0.681014404,0.29901236,0.1499998,0
6.8,0.596009941,0.210018372,0.1499999,0
4.0,0.596009941,0.210018372,0.1499999,0
5.2,0.596009941,0.210018372,0.1499999,0
4.8,0.596009941,0.210018372,0.1499999,0
6.8,0.589116325,0.276275238,0.15,0
6.8,0.635005531,0.28425708,0.15,0
6.8,0.368180084,0.141733795,0.15,0
6.8,0.819086838,0.273687805,0.15,0
6.8,0.558172607,0.287283081,0.15,0
6.8,0.527342796,0.324896881,0.15,0
6.8,0.51026104,0.331990051,0.15,0
9.2,0.412345238,0.18748613,0.1500001,0
20.8,0.412345238,0.18748613,0.1500001,0
8.8,0.412345238,0.18748613,0.1500001,0
15.2,0.412345238,0.18748613,0.1500001,0
9.2,0.554821053,0.226179016,0.1499999,0
20.8,0.554821053,0.226179016,0.1499999,0
8.8,0.554821053,0.226179016,0.1499999,0
15.2,0.554821053,0.226179016,0.1499999,0
9.2,0.597076378,0.157711227,0.1500001,0
9.2,0.627777939,0.261377991,0.1500003,0
9.2,0.446573982,0.184701111,0.15,0
9.2,0.387767296,0.170796219,0.15,0
9.2,0.69602623,0.209292694,0.15,0
9.2,0.667096329,0.213296982,0.15,0
9.2,0.550168037,0.209617722,0.1499999,0
9.2,0.561335793,0.188634186,0.15,0
9.2,0.352134933,0.159261765,0.15,0
9.2,0.514274521,0.188996704,0.15,0
9.2,0.640729828,0.239280151,0.1500001,0
9.2,0.466220551,0.299960815,0.15,0
9.2,0.158715954,0.148699844,0.15,0
9.2,0.221110783,0.170136536,0.15,0
9.2,0.726639709,0.285316315,0.15,0
9.2,0.749677277,0.287606934,0.15,0
9.2,0.648762054,0.276566711,0.15,0
9.2,0.529847527,0.193677902,0.1500001,0
9.2,0.523588982,0.291240021,0.1499999,0
9.2,0.479913483,0.292765137,0.15,0
9.2,0.843014374,0.364946564,0.15,0
9.2,0.160340271,0.18389212,0.15,0
9.2,0.807145615,0.335026245,0.15,0
9.2,0.114269991,0.176704224,0.15,0
9.2,0.582325401,0.241397583,0.15,0
14.22,0.105156822,0.393863617,0.123316,0
9.65,0.105156822,0.393863617,0.123316,0
12.19,0.105156822,0.393863617,0.123316,0
14.22,0.184509296,0.456578369,0.1270615,0
9.65,0.184509296,0.456578369,0.1270615,0
12.19,0.184509296,0.456578369,0.1270615,0
14.22,0.050710645,0.336265747,0.3105036,0
10.16,0.050710645,0.336265747,0.3105036,0
10.16,0.050710645,0.336265747,0.3105036,0
14.22,0.040822511,0.353095123,0.3046425,0
10.16,0.040822511,0.353095123,0.3046425,0
10.16,0.040822511,0.353095123,0.3046425,0
16.26,0.05222188,0.380428101,0.3021753,0
12.19,0.05222188,0.380428101,0.3021753,0
8.64,0.05222188,0.380428101,0.3021753,0
16.26,0.090382442,0.403231415,0.3199998,0
12.19,0.090382442,0.403231415,0.3199998,0
8.64,0.090382442,0.403231415,0.3199998,0
16.26,0.051122427,0.396272339,0.282943,0
12.19,0.051122427,0.396272339,0.282943,0
8.64,0.051122427,0.396272339,0.282943,0
16.26,0.065171666,0.386855469,0.3074866,0
12.19,0.065171666,0.386855469,0.3074866,0
8.64,0.065171666,0.386855469,0.3074866,0
16.26,0.032380736,0.275996033,0.3199113,0
12.19,0.032380736,0.275996033,0.3199113,0
8.64,0.032380736,0.275996033,0.3199113,0
16.26,0.0,0.10126239,0.3199999,0
12.19,0.0,0.10126239,0.3199999,0
8.64,0.0,0.10126239,0.3199999,0
16.26,0.116686249,0.403800598,0.2468191,0
12.19,0.116686249,0.403800598,0.2468191,0
8.64,0.116686249,0.403800598,0.2468191,0
10.16,0.288182125,0.237680267,0.1800001,0
12.192,0.288182125,0.237680267,0.1800001,0
8.128,0.404657402,0.333742554,0.1850097,0
37.592,0.404657402,0.333742554,0.1850097,0
8.128,0.596788597,0.38637677,0.2116853,0
37.592,0.596788597,0.38637677,0.2116853,0
8.128,0.504646683,0.341891235,0.2299999,0
37.592,0.504646683,0.341891235,0.2299999,0
8.128,0.56848568,0.29606781,0.23,0
37.592,0.56848568,0.29606781,0.23,0
14.224,0.33459465,0.327787537,0.2162503,0
15.748,0.33459465,0.327787537,0.2162503,0
8.128,0.603422432,0.391461365,0.2299998,0
37.592,0.603422432,0.391461365,0.2299998,0
8.128,0.424580498,0.395180786,0.241033,0
37.592,0.424580498,0.395180786,0.241033,0
8.128,0.036643288,0.181624954,0.2331243,0
37.592,0.036643288,0.181624954,0.2331243,0
6.096,0.508290367,0.381476837,0.2299998,1
68.072,0.508290367,0.381476837,0.2299998,1
6.096,0.470206871,0.415345825,0.2394766,1
68.072,0.470206871,0.415345825,0.2394766,1
12.0,0.0,0.062470425,0.13,0
12.0,0.007682616,0.122066635,0.2359705,0
1.2,0.168131809,0.325220581,0.2359026,0
1.2,0.042655101,0.203320053,0.1923085,0
1.2,0.003714625,0.193488174,0.1733506,0
1.2,0.0,0.067476097,0.1775271,0
10.0,0.0,0.031965435,0.2080791,0
10.0,0.040167403,0.277903229,0.1600004,0
5.2,0.0,0.057471664,0.16,0
5.2,0.008485114,0.175521668,0.2099358,0
5.2,0.006416215,0.027890146,0.1600001,0
5.2,0.210214481,0.049589596,0.1600001,0
5.2,0.0,0.097163765,0.1655239,0
5.2,0.0,0.103058014,0.1600001,0
5.2,0.000855444,0.025896687,0.16,0
5.2,0.177788162,0.294973785,0.16,0
5.2,0.017133936,0.122667381,0.2068876,0
4.0,0.086463528,0.291077148,0.2219271,0
5.2,0.086463528,0.291077148,0.2219271,0
10.0,0.0,0.155979248,0.2700001,0
6.8,0.0,0.033341263,0.2585552,0
10.0,0.0,0.033341263,0.2585552,0
6.8,0.017346897,0.233056717,0.2049331,0
10.0,0.017346897,0.233056717,0.2049331,0
13.2,0.087870817,0.267195038,0.183413,1
4.0,0.087870817,0.267195038,0.183413,0
5.2,0.087870817,0.267195038,0.183413,0
5.2,0.030902557,0.271868622,0.1903089,0
4.0,0.15690486,0.323949646,0.1600001,0
5.2,0.15690486,0.323949646,0.1600001,0
5.2,0.026686788,0.266807983,0.1631708,0
4.0,0.09479084,0.227062836,0.16,0
5.2,0.09479084,0.227062836,0.16,0
5.2,0.124898672,0.303019836,0.2118068,0
4.0,0.031766026,0.201795563,0.16,0
5.2,0.031766026,0.201795563,0.16,0
10.0,0.002825243,0.192198685,0.2535209,0
4.0,0.112463856,0.275443848,0.1600001,0
5.2,0.112463856,0.275443848,0.1600001,0
6.8,0.00061405,0.039871826,0.2170971,0
10.0,0.00061405,0.039871826,0.2170971,0
4.0,0.042225752,0.147478653,0.1689328,0
5.2,0.042225752,0.147478653,0.1689328,0
5.2,0.003647623,0.216652084,0.1661229,0
4.0,0.002508948,0.173745514,0.1600001,0
5.2,0.002508948,0.173745514,0.1600001,0
54.0,0.066777091,0.373290863,0.0,0
54.0,0.115890293,0.604176697,0.0,0
54.0,0.112606907,0.42820398,0.0,1
54.0,0.009800541,0.187052536,0.0,1
54.0,0.001570775,0.500222961,0.0,0
