ref_id,reference,onlink
AZ001,"Richard, S. M., Reynolds, S.J., Spencer, J. E., and Pearthree, P. A., 2000, Geologic Map of Arizona: Arizona Geological Survey Map 35, 1 sheet, scale 1:1,000,000. ",
AZ002,"Anderson, J.L., 1989, Proterozoic anorogenic granites of the southwestern United States, in Jenney, J.P., and Reynolds, S.J., editors, Geologic evolution of Arizona: Arizona Geological Society Digest 17, p. 211-238. ",
AZ003,"Anderson, P., 1989, Stratigraphic framework, volcanic-plutonic evolution, and vertical deformation of the Proterozoic volcanic belts of central Arizona, in Jenney, J.P., and Reynolds, S.J., editors, Geologic evolution of Arizona: Arizona Ge ",
AZ004,"Beus, S.S., 1989, Devonian and Mississippian geology of Arizona, in Jenney, J.P., and Reynolds, S.J., editors, Geologic evolution of Arizona: Arizona Geological Society Digest 17, p. 287-311. ",
AZ005,"Blakey, R.C., 1989, Triassic and Jurassic geology of the southern Colorado Plateau, in Jenney, J.P., and Reynolds, S.J., editors, Geologic evolution of Arizona: Arizona Geological Society Digest 17, p. 369-396. ",
AZ006,"Blakey, R.C., and & Knepp, R., 1989, Pennsyvanian and Permian geology of Arizona, in Jenney, J.P., and Reynolds, S.J., editors, Geologic evolution of Arizona: Arizona Geological Society Digest 17, p. 313-347. ",
AZ007,"Conway, C.M., and Silver, L.T., 1989, Early Proterozoic rocks (1710 - 1615 Ma) in central and southeastern Arizona, in Jenney, J.P., and Reynolds, S.J., editors, Geologic evolution of Arizona: Arizona Geological Society Digest 17, p. 165-18 ",
AZ008,"DeWitt, E., 1989, Geochemistry and tectonic polarity of Early Proterozoic (1700 - 1750 Ma) plutonic rocks, north-central Arizona, in Jenney, J.P., and Reynolds, S.J., editors, Geologic evolution of Arizona: Arizona Geological Society Digest ",
AZ009,"Dickinson, W.R., Fiorillo, A.R., Hall, D.L., Monreal, R., Potochnik, A.R., and Swift, P.M., 1989, Cretaceous strata of southern Arizona, in Jenney, J.P., and Reynolds, S.J., editors, Geologic evolution of Arizona: Arizona Geological Society ",
AZ010,"Elston, D.P., 1989, Grand Canyon Supergroup, northern Arizona: statigraphic summary and preliminary paleomagnetic correlations with parts of other North American Proterozoic successions, in Jenney, J.P., and Reynolds, S.J., editors, Geologi ",
AZ011,"Haxel G.B., Jacobson, C.E., Richard, S.M., Tosdal, R.M., and Grubensky, M.J., 2002, The Orocopia Schist in southwest Arizona: Early Tertiary oceanic rocks trapped or transported far inland, in Barth, A., editor, Contributions to crustal evo ",
AZ012,"Lynch, D.J., Neogene volcanism in Arizona: the recognzable volcanoes, in Jenney, J.P., and Reynolds, S.J., editors, Geologic evolution of Arizona: Arizona Geological Society Digest 17, p. 681-700. ",
AZ013,"Middleton, L.T., 1989, Cambrian and Ordovician depositional systems in Arizona, in Jenney, J.P., and Reynolds, S.J., editors, Geologic evolution of Arizona: Arizona Geological Society Digest 17, p. 273-286. ",
AZ014,"Nations, J.D., 1989, Cretaceous history of northeastern and east-central Arizona, in Jenney, J.P., and Reynolds, S.J., editors, Geologic evolution of Arizona: Arizona Geological Society Digest 17, p. 435-446. ",
AZ015,"Nealey, L.D., and Sheridan, M.F., 1989, Post-Laramide volcanic rocks of Arizona and northern Sonora, Mexico, and their inclusions, in Jenney, J.P., and Reynolds, S.J., editors, Geologic evolution of Arizona: Arizona Geological Society Diges ",
AZ016,"Spencer, J.E., and Reynolds, S.J., 1989, Middle Tertiary tectonics of Arizona and adjacent areas, in Jenney, J.P., and Reynolds, S.J., editors, Geologic evolution of Arizona: Arizona Geological Society Digest 17, p. 539-574. ",
AZ017,"Titley, S.R., and Anthony, E.Y., 1989, Laramide mineral deposits in Arizona, in Jenney, J.P., and Reynolds, S.J., editors, Geologic evolution of Arizona: Arizona Geological Society Digest 17, p. 485-514. ",
AZ018,"Tosdal R.M., Haxel, G.B., and Wright, J.E., 1989, Jurassic geology of the Sonoran Desert region, southern Arizona, southeastern California, and northernmost Sonora: Construction of a continental-margin magmatic arc, in Jenney, J.P., and Rey ",
AZ019,"Weir ao '89: USGS I-1896, in Jenney, J.P., and Reynolds, S.J., editors, Geologic evolution of Arizona: Arizona Geological Society Digest 17, p. . ",
AZ020,"Wrucke, C.T., 1989, The Middle Proterozoic Apache Group, Troy Quartzite, and associated diabase of Arizona, in Jenney, J.P., and Reynolds, S.J., editors, Geologic evolution of Arizona: Arizona Geological Society Digest 17, p. 239-258. ",
AZ021,"Blakey, R.C., 1989, Triassic and Jurassic geology of the southern Colorado Plateau, in Jenney, J.P., and Reynolds, S.J., editors, Geologic evolution of Arizona: Arizona Geological Society Digest 17, p. 369-396. ",
