state,orig_label,map_sym1,map_sym2,unit_link,prov_no,province,unit_name,unit_age,unitdesc,strat_unit,unit_com,map_ref,rocktype1,rocktype2,rocktype3,unit_ref,map_symb2
AZ  ,Jg,Jg,Jg;0,AZJg;0,0,,Jurassic granitic rocks,Jurassic,"Granite to diorite, locally foliated and locally alkalic; includes Triassic(?) granitoids in the Trigo Mountains. This unit includes two dominant assemblages of igneous rocks. The Kitt Peak-Trigo Peaks superunit includes, from oldest to youngest: dark, foliated or gneissic diorite, medium-grained equigranular to porphyritic granodiorite, and small, irregular intrusions of light-colored, fine-grained granite. The Ko Vaya superunit, limited to south-central Arizona, includes texturally heterogeneous K-feldspar-rich granitic rocks. (150-180 Ma)","Kitt Peak-Trigo Peaks superunit, Ko Vaya superunit",,AZ001,granodiorite,granite,diorite; pegmatite; leucogranite; aplite; granodiorite; porphyry; quartz monzonite; syenite; hornblendite,AZ001 AZ018,
AZ  ,Jgc,Jgc,Jgc;0,AZJgc;0,0,,Glen Canyon Group,Early Jurassic,"Conspicuous red, cross-bedded Wingate Sandstone and the conspicuously cross-bedded, eolian, red to buff Navajo Sandstone form prominent cliffs in northern Arizona. These two sandstone units are separated by variably colored siltstone, silty sandstone, and sandstone of the Kayenta and Moenave Formations. (180-210 Ma)","Navajo Sandstone, Kayenta Formation, Moenave Formation",,AZ001,sandstone,,mudstone; mudstone; siltstone; orthoquartzite; sandstone,AZ001 AZ005,
AZ  ,Jm,Jm,Jm;0,AZJm;0,0,,Morrison Formation,Late Jurassic,"Commonly cliff-forming, cross-bedded sandstone lenses alternating with slope-forming siltstone, mudstone and shale. Colors are highly variable, and include greenish gray, reddish brown, pink, white, and purple. Sands were deposited by braided streams with finer sediment representing overbank or lacustrine deposits. (145-160 Ma)",Morrison Formation,,AZ001,mudstone,sandstone,siltstone; conglomerate,AZ001 AZ005,
AZ  ,Js,Js,Js;0,AZJs;0,0,,San Rafael Group,Middle to Late Jurassic,"Commonly cross-bedded, ledge-forming sandstone and slope-forming siltstone. Rock typically has a striped red and white aspect. The Carmel Formation and Entrada Sandstone are prominent members of this group. (Late to Middle Jurassic, about 160-180 Ma)","Carmel Formation, Entrada Sandstone",,AZ001,sandstone,siltstone,bentonite; mudstone; conglomerate; limestone; dolostone (dolomite); orthoquartzite; gypsum,AZ001 AZ005,
AZ  ,Jsv,Jsv,Jsv;0,AZJsv;0,0,,Jurassic sedimentary and volcanic rocks,Jurassic,"Sandstone and conglomerate derived from volcanic rocks with associated intermediate-composition lava flows, breccias, and tuffs. In southern Arizona this unit includes rocks of the Artesa sequence, Pitoikam Formation, Mulberry Wash volcanics, Rudolfo Red Beds, Recreation Red Beds, and Gardner Canyon Formation. In western Arizona it includes the Harquar Formation, rocks of Slumgullion, and related(?) unnamed units in the Kofa and Middle Mountains. This unit is characterized by maroon, brown, and purplish-gray volcanic-lithic sandstone and siltstone, with subordinate to abundant conglomerate, quartz-rich sandstone and sparse limestone. (150-170 Ma)","Gardner Canyon Formation, Rudolfo Redbeds, Recreation Redbeds, Topawa Group, Artesa sequence, Harquar Formation, rocks of Slumgullion",,AZ001,sandstone,conglomerate,argillite; mudstone; siltstone; phyllite; dacite; meta-conglomerate; intermediate metavolcanic rock; meta-rhyolite; wacke; quartz-feldspar schist; rhyolite; schist; sedimentary breccia; pelitic schist; andesite; greenschist; arenite; basalt; granofels; hornfels; latite; limestone; felsic metavolcanic rock; orthoquartzite; quartzite; trachyandesite; alkaline basalt; trachybasalt,AZ001 AZ018,
AZ  ,J2,JTR,JTR;0,AZJTR;0,0,,Jurassic and Triassic sedimentary and volcanic rocks,Triassic and Jurassic,"Undivided massive quartz-feldspar porphyry of the Jurassic Planet Volcanics, quartz-rich metasandstone of the Jurassic Vampire Formation, and quartzite, phyllite, and fine grained, variably calcareous metasiltstone of the Triassic Buckskin Formation; exposed primarily in the Buckskin and Rawhide Mountains of western Arizona. This unit also includes sandstone and conglomerate beneath Jurassic volcanic rocks in the central Dome Rock Mountains. (160-240 Ma)","Planet Volcanics, Vampire Formation, Buckskin Formation","Planet, Vampire, Buckskin, .",AZ001,rhyolite,sandstone,phyllite; metarhyolite; orthoquartzite; rhyolite; conglomerate,AZ001 AZ018,
AZ  ,Jv,Jv,Jv;0,AZJv;0,0,,Jurassic volcanic rocks,Jurassic,"Massive quartz-feldspar porphyry, generally interpreted as thick, welded rhyolitic tuffs, with locally abundant lava, and sandstone and conglomerate derived from volcanic rocks. Rare eolian quartzite units are interbedded in southern Arizona. Includes Ali Molina Formation, Mount Wrightson Formation, part of the Canelo Hills Volcanics, Cobre Ridge tuff, Black Rock volcanics, Planet Volcanics, and equivalent rocks. (160-200 Ma)","Ali Molina Formation, Topawa Group, Mount Wrightson Formation, Canelo Hills Volcanics, Cobre Ridge Tuff, Black Rock volcanics, Planet Volcanics","""The Jurassic quartz porphyry"", Ali Molina, Mt Wrightson, Cobre Ridge, Black Rock volcanics, Planet Volcanics, .",AZ001,rhyolite,felsic metavolcanic rock,metarhyolite; conglomerate; dacite; felsic metavolcanic rock; quartz-feldspar schist; sandstone; arenite; arkose; granite; porphyry; meta-conglomerate; orthoquartzite; quartzite,AZ001 AZ018,
AZ  ,KJs,KJs,KJs;0,AZKJs;0,0,,Cretaceous to Late Jurassic sedimentary rocks with minor volcanic rocks,Late Jurassic to Cretaceous,"Sandstone and conglomerate, rarely forms prominent outcrops; massive conglomerate is typical near base of unit and locally in upper part. These deposits are nonmarine except in southeastern Arizona, where prominent gray marine limestone (Mural Limestone) forms the middle of the Bisbee Group. Sandstones are typically medium-bedded, drab brown, lithic-feldspathic arenites. Includes Bisbee Group (largely Early Cretaceous) and related rocks, Temporal, Bathtub, and Sand Wells formations, rocks of Gu Achi, McCoy Mountains Formation, and Upper Cretaceous Fort Crittenden Formation and equivalent rocks. (80-160 Ma)","Bisbee Group, Temporal Formation, Bathtub Formation, Sand Wells Formation, Fort Crittenden Formation, McCoy Mountains Formation, rocks of Gu Achi",,AZ001,conglomerate,sandstone,arenite; argillite; limestone; mudstone; sedimentary breccia; shale; siltstone; wacke; andesite; dacite; intermediate metavolcanic rock; meta-conglomerate; metarhyolite; phyllite; quartz-feldspar schist; rhyolite; schist; landslide; calcarenite; evaporite,AZ001 AZ009 AZ018,
AZ  ,Kmv,Kmv,Kmv;0,AZKmv;0,0,,Sedimentary rocks of the Late Cretaceous Mesaverde Group,Late Cretaceous,"Gray to buff sandstone with interbedded shale and coal. These rocks, which are similar to slightly younger rocks that form Mesa Verde in southwestern Colorado, were deposited on the margin of a shallow sea. Rocks of this map unit host the only large coal deposits in Arizona. (84-88 Ma)",Mesaverde Group,,AZ001,sandstone,shale, black shale; coal; arkose; quartz sandstone; siltstone; gypsum,AZ001 AZ014,
AZ  ,Ks,Ks,Ks;0,AZKs;0,0,,Cretaceous sedimentary rocks,Cretaceous,"Tan sandstone (Dakota Sandstone) overlain by gray shale (Mancos Shale); deposited in beach, river delta, and shallow sea settings. The Mancos Shale is overlain by the Mesaverde Group (map unit Kmv). This unit includes related sandstone and shale exposed near Show Low, Morenci (Pinkard Formation), and around Deer Creek south of Globe. (about 88-97 Ma)","Dakota Formation, Mancos Formation, Pinkard Formation",,AZ001,sandstone,shale,arenite; bentonite; claystone; mudstone; siltstone; andesite; coal; conglomerate; gypsum,AZ001 AZ014,
AZ  ,Kv,Kv,Kv;0,AZKv;0,0,,Early Tertiary to Late Cretaceous volcanic rocks,Late Cretaceous to Early Tertiary,"Rhyolite to andesite and closely associated sedimentary and near-surface intrusive rocks; commonly dark gray to dark greenish gray or greenish brown. In the ranges west of Tucson, this unit includes thick welded ash-flow tuffs. Volcanic rocks of this unit are inferred to be derived from vents and volcanoes above magma chambers that solidified to form the granitic rocks of map unit TKg. These rocks are restricted to southeastern Arizona except for a small outcrop near Bagdad. (50-82 Ma)",Williamson Canyon Volcanics,"Related, broadly, to unit TKg",AZ001,andesite,dacite,basalt; latite; rhyolite; conglomerate; siltstone; volcanic breccia (agglomerate); wacke,AZ001 AZ017,
AZ  ,Mo,MCA,MCA;0,AZMCA;0,0,,"Mississippian, Devonian, and Cambrian sedimentary rocks","Cambrian, Devonian, and Mississippian","Brown to dark gray sandstone grades upward into green and gray shale, overlain by light to medium gray or tan limestone and dolostone. This unit includes the Tapeats Sandstone, Bright Angel Shale, Muav Limestone, Temple Butte Formation and Redwall Limestone in northern Arizona, and the Bolsa Quartzite, Abrigo Formation, Martin Formation, and Escabrosa Limestone in southern Arizona. These rocks record intermittent sea-level rise and inundation in early Paleozoic time. (330-540 Ma)","Tapeats Sandstone, Bright Angel Shale, Muav Limestone, Temple Butte Formation, Redwall Limestone, Bolsa Quartzite, Abrigo Formation, Martin Formation, Escabrosa Limestone ",,AZ001,sandstone,siltstone,mudstone; shale; chert; dolostone (dolomite); limestone; conglomerate; arkose; orthoquartzite,AZ001 AZ004 AZ013,
AZ  ,3/41/4,MZPZ,MZPZ;0,AZMZPZ;0,0,,Jurassic to Cambrian metamorphosed sedimentary rocks,Cambrian to Jurassic,"Highly faulted and folded rocks of units Jv, J_, and Pz, deformed and metamorphosed in Jurassic, Cretaceous and Tertiary time. This unit is restricted to west-central Arizona. (160-540 Ma)",,,AZ001,phyllite,schist,argillite; marble; granofels; hornfels; meta-conglomerate; felsic metavolcanic rock; metarhyolite; sandstone; pelitic schist; quartzite; quartz-feldspatr schist; greenschist; gypsum; intermediante metavolcanic rock; migmatite; tactite; skarn,AZ001,
AZ  ,P,P,P;0,AZP;0,0,,Permian sedimentary rocks,Permian,"Gray to tan, cherty limestone of Kaibab and Toroweap Formations, and underlying white to tan, fine-grained Coconino Sandstone. Limestone was deposited in a shallow sea, and sandstone was deposited in near-shore dunes and beach settings. (270-280 Ma)","Kaibab Formation, Toroweap Formation, Coconino Sandstone",,AZ001,limestone,sandstone,gypsum; mudstone; dolostone (dolomite); orthoquartzite,AZ001 AZ006,
AZ  ,P3,PPA,PPA;0,AZPPA;0,0,,Permian to Pennsylvanian sedimentary rocks,Pennsylvanian to Permian,"Interbedded sandstone, shale, and limestone usually characterized by ledgy outcrops. Orange to reddish sandstone forms cliffs near Sedona. This unit includes Supai Group and Hermit Shale in northern Arizona and Naco Group in southern Arizona. It was deposited in coastal-plain to shallow-marine settings during time of variable and changing sea level. Rocks of this map unit in southern Arizona may be in part equivalent to Permian rocks of map unit P in central and northern Arizona. (280-310 Ma)","Hermit Formation, Supai Group, Schnebly Hill Formation, Naco Group",,AZ001,sandstone,siltstone,gypsum; mudstone; orthoquartzite; siltstone; sedimentary breccia; dolostone (dolomite); limestone; conglomerate; shale; calcarenite; evaporite,AZ001 AZ006,
AZ  ,Pz,PZ,PZ;0,AZPZ;0,0,,Paleozoic sedimentary rocks,Paleozoic,"Undivided Paleozoic limestone, dolostone, quartzite, shale, and related sedimentary rocks. (248-544 Ma)",,,AZ001,limestone,sandstone,marble; gneiss; granofels; schist; gypsum; phyllite; quartzite; quartz-feldspar schist; schist; pelitic schist,AZ001 AZ004 AZ006 AZ013,
AZ  ,Q,Q,Q;0,AZQ;0,0,,"Quaternary surficial deposits, undivided",Quaternary,"Unconsolidated to strongly consolidated alluvial and eolian deposits. This unit includes: coarse, poorly sorted alluvial fan and terrace deposits on middle and upper piedmonts and along large drainages; sand, silt and clay on alluvial plains and playas; and wind-blown sand deposits. (0-2 Ma)",,,AZ001,sand,gravel,mud; silt,AZ001,
AZ  ,Qm,Qm,Qm;0,AZQm;0,0,,Late and middle Pleistocene surficial deposits,Middle to Late Pleistocene,"Unconsolidated to weakly consolidated alluvial fan, terrace, and basin-floor deposits with moderate to strong soil development. Fan and terrace deposits are primarily poorly sorted, moderately bedded gravel and sand, and basin-floor deposits are primarily sand, silt, and clay. (10-750 ka)",,,AZ001,gravel,sand,mud; silt,AZ001,
AZ  ,Qo,Qo,Qo;0,AZQo;0,0,,Early Pleistocene to latest Pliocene surficial deposits,Late Pliocene to Early Pleistocene,"Coarse relict alluvial fan deposits that form rounded ridges or flat, isolated surfaces that are moderately to deeply incised by streams. These deposits are generally topographically high and have undergone substantial erosion. Deposits are moderately to strongly consolidated, and commonly contain coarser grained sediment than younger deposits in the same area. (0.75-3 Ma)",,,AZ001,gravel,sand,mud; silt,AZ001,
AZ  ,Qr,Qr,Qr;0,AZQr;0,0,,Holocene river alluvium,Holocene,"Unconsolidated to weakly consolidated sand and gravel in river channels and sand, silt, and clay on floodplains. Also includes young terrace deposits fringing floodplains. (0-10 ka)",,,AZ001,sand,gravel,mud; silt,AZ001,
AZ  ,QTb,QTb,QTb;0,AZQTb;0,0,,Holocene to middle Pliocene basaltic rocks,Middle Pliocene to Holocene,"Mostly dark-colored basaltic lava and cinders young enough that some original volcanic landforms are still apparent. Includes a small amount of andesite, dacite, and rhyolite. Rocks of this map unit are largely restricted to six areas widely distributed in Arizona: San Francisco and Uinkaret volcanic fields in northern Arizona (0-4 Ma); Springerville (0-4 Ma) and San Carlos (0-2 Ma) volcanic fields in east-central Arizona; and San Bernardino (0-1 Ma) and Sentinel (1-4 Ma) volcanic fields in southern Arizona. Rocks of this unit are also present in the extreme southwestern part of Arizona where they were erupted at the edge of the Pinacate volcanic field (0-2 Ma) in northwestern Sonora. (0-4 Ma)",,"Largely in six volcanic fields: San Francisco, Unikaret, Springerville, San Carlos, San Bernardino, and Sentinal.",AZ001,alkaline basalt,basalt,andesite; hawaiite; trachyte; alkali rhyolite; dacite; latite; rhyolite; tholeiite; trachyandesite; conglomerate; sandstone; sedimentary breccia,AZ001 AZ012 AZ015,
AZ  ,QTs,QTs,QTs;0,AZQTs;0,0,,Early Pleistocene to late Miocene basin deposits,Late Pliocene to Early Pleistocene,"Poorly sorted, variably consolidated gravel and sand that range widely in age. These sediments are generally light gray or tan. This unit is generally mapped in areas of deep late Cenozoic stream incision and landscape degradation where thin Quaternary deposits (map units Qy, Qm, Qo) discontinuously blanket older deposits (map units Tsy or Tsm) and the two cannot be differentiated at the scale of this map. (0.75-10 Ma)",,,AZ001,gravel,sand,mud; silt,AZ001,
AZ  ,QTv,QTv,QTv;0,AZQTv;0,0,,Holocene to middle Pliocene volcanic rocks,Middle Pliocene to Holocene,"Rhyolite to andesite deposited as a sequence of lava flows and associated rocks; generally light to medium gray, tan, or reddish brown. These rocks are part of the San Francisco volcanic field. (0-4 Ma)",,San Francisco volcanic field only,AZ001,andesite,dacite,alkali rhyolite; rhyolite; alkaline basalt; basalt,AZ001 AZ012 AZ015,
AZ  ,Qy,Qy,Qy;0,AZQy;0,0,,Holocene surficial deposits,Holocene,"Unconsolidated deposits associated with modern fluvial systems. This unit consists primarily of fine-grained, well-sorted sediment on alluvial plains, but also includes gravelly channel, terrace, and alluvial fan deposits on middle and upper piedmonts. (0-10 ka)",,Associated with modern fluvial systems,AZ001,sand,gravel,mud; silt,AZ001,
AZ  ,Tb,Tb,Tb;0,AZTb;0,0,,Late to middle Miocene basaltic rocks,Middle to Late Miocene,"Mostly dark, mesa-forming basalt deposited as lava flows. Rocks of this unit are widely exposed south of Camp Verde (Hickey Formation basalts), in the Mohon Mountains north of Bagdad, ""The Mesa"" east of Parker, and at other scattered locations in western Arizona. Rocks of this unit were not tilted by middle-Tertiary normal faulting except in a narrow belt from north of Phoenix to the northwest corner of the state. (8-16 Ma)",Hickey Formation,"Hickey Formation, Mohon volcanic field, others",AZ001,basalt,alkaline basalt,hawaiite; tholeiite; andesite; dacite; rhyolite; trachyandesite; trachybasalt; conglomerate; sandstone; sedimentary breccia,AZ001 AZ015 AZ016,
AZ  ,Tby,Tby,Tby;0,AZTby;0,0,,Pliocene to late Miocene basaltic rocks,Late Miocene to Pliocene,"Mostly dark, inconspicuously flat, low-lying or mesa-forming basalt deposited as lava flows. Rocks included in this unit are located almost entirely in the large volcanic fields south and west of Flagstaff, in smaller fields in northwesternmost Arizona, and in the Hopi Buttes volcanic field on the Navajo and Hopi Indian Reservations north of Holbrook. Original volcanic landforms have been obscured by erosion. (4-8 Ma)",,"Chiefly Hopi Buttes, ""Rim basalts"", volcanic fields in northwesternmost Arizona",AZ001,basalt,alkaline basalt,tholeiite; claystone; conglomerate; limestone; sandstone; sedimentary breccia; siltstone; tuff; chert; gypsum,AZ001 AZ015,
AZ  ,Tg,Tg,Tg;0,AZTg;0,0,,Middle Miocene to Oligocene granitic rocks,Oligocene to Middle Miocene,Granite to diorite representing solidified magma chambers that were the likely source of overlying and nearby volcanic rocks of map unit Tv. The granitic rocks are typically equigranular and fine- to medium-grained. (14-26 Ma),,,AZ001,granodiorite,granite,diorite; porphyry; quartz diorite; aplite; gabbro; pegmatite; hornblendite; hornfels; gabbro,AZ001 AZ015 AZ016,
AZ  ,Ti,Ti,Ti;0,AZTi;0,0,,Middle Miocene to Oligocene shallow intrusions,Oligocene to Middle Miocene,"Generally very fine-grained, porphyritic rhyolite to dacite in small, irregular-shaped bodies formed as subvolcanic intrusions in volcanic fields of southern and western Arizona, or in concentrated zones of dikes in the Mohave and Black Mountains of northwestern Arizona. The unit consists of mafic tuff, breccia and shallow intrusions at Buell Park in northeastern Arizona. (14-35 Ma)",,Includes Navajo volcanic field minettes,AZ001,dacite,rhyolite,porphyry; rhyolite; conglomerate; sandstone; sedimentary breccia,AZ001 AZ015 AZ016,
AZ  ,TKg,TKg,TKg;0,AZTKg;0,0,,Early Tertiary to Late Cretaceous granitic rocks,Late Cretaceous to Early Tertiary,"Porphyritic to equigranular granite to diorite emplaced during the Laramide orogeny. Larger plutons are characteristically medium-grained, biotite +/- hornblende granodiorite to granite. Smaller, shallow-level intrusions are typically porphyritic. Most of the large copper deposits in Arizona are associated with porphyritic granitic rocks of this unit, and are thus named 'porphyry copper deposits'. (50-82 Ma)",,"""Laramide"" metaluminous; associated with porphyry Cu deposits",AZ001,granodiorite,granite,diorite; porphyry; quartz diorite; aplite; gabbro; pegmatite; skarn,AZ001 AZ017 AZ021,
AZ  ,TKgm,TKgm,TKgm;0,AZTKgm;0,0,,Early Tertiary to Late Cretaceous muscovite-bearing granitic rocks,Late Cretaceous to Early Tertiary,"Light-colored peraluminous muscovite granite with or without garnet; commonly forms sills and is associated with abundant pegmatite dikes and sills. This unit includes granites in the Harcuvar and Harquahala Mountains of western Arizona and in the Santa Catalina, Rincon, Tortolita, Picacho, and Coyote Mountains of south-central Arizona. These granites typically represent the youngest phase of voluminous magmatism during the Laramide orogeny in Arizona. This unit also includes several muscovite-bearing granites in southern Arizona that are associated with calc-alkaline granites of unit TKg, and a batholith in the Cabeza Prieta area of southwestern Arizona. (50-80 Ma)","Wilderness Granite, Pan Tak Granite","""Laramide"" peraluminous",AZ001,granite,pegmatite,aplite; greisen,AZ001 AZ021,
AZ  ,2c,TRc,TRc;0,AZTRc;0,0,,Chinle Formation,Late Triassic,"Colorful mudstone, such as in the Painted Desert, and less abundant lenses of sandstone and conglomerate, deposited by a large river system. This unit typically is eroded into badlands topography and contains clays that are prone to shrinking and swelling. (210-230 Ma)",Chinle Formation,,AZ001,mudstone,sandstone,calcarenite; conglomerate; limestone; siltstone,AZ001 AZ005,
AZ  ,2cs,TRcs,TRcs;0,AZTRcs;0,0,,"Shinarump Conglomerate Member, Chinle Formation",Late Triassic,Basal conglomerate and pebbly sandstone of the Chinle Formation is relatively resistant to erosion and forms extensive benches in some parts of the Colorado Plateau. (210-230 Ma),"Chinle Formation, Shinarump Conglomerate Member ",,AZ001,conglomerate,sandstone,siltstone; claystone,AZ001 AZ005,
AZ  ,2m,TRm,TRm;0,AZTRm;0,0,,Moenkopi Formation,Early and Middle(?) Triassic,Dark red sandstone and mudstone; includes gypsum beds in northwestern Arizona; deposited on a low-relief coastal plain. (230-245 Ma),,,AZ001,mudstone,sandstone,orthoquartzite; siltstone; arenite; claystone; conglomerate; dolostone (dolomite); gypsum; limestone; sedimentary breccia,AZ001 AZ005,
AZ  ,Tsm,Tsm,Tsm;0,AZTsm;0,0,,Middle Miocene to Oligocene sedimentary rocks,Oligocene to Middle Miocene,"Con-glomerate, sandstone, mudstone, limestone, and rock-avalanche breccia (sheet-like deposits of crushed rock) deposited and tilted during widespread normal faulting and basin development. Sediments, mostly conglomerate and sandstone, are commonly medium to dark brown, reddish brown, or brownish gray; younger strata are generally lighter colors. Most deposits are 20 to 30 Ma in southeastern Arizona and 15 to 25 Ma in central and western Arizona. (11-32 Ma)",,Middle Tertiary syntectonic or synextensional sucpracrustal rocks,AZ001,conglomerate,sandstone,sedimentary breccia; siltstone; limestone; mudstone; landslide,AZ001 AZ016,
AZ  ,Tso,Tso,Tso;0,AZTso;0,0,,Oligocene to Paleocene[?] sedimentary rocks,Paleocene(?) to Oligocene,"Light colored, weakly to moderately consolidated conglomerate and sandstone deposited largely or entirely before mid-Tertiary volcanism and extensional faulting. Most sediment was deposited by early Cenozoic streams that flowed northeastward onto the Colorado Plateau from areas to the southwest that are now lower in elevation than the Plateau. Sediments of this map unit, other than the Chuska Sandstone in northeasternmost Arizona, are commonly referred to as ""rim gravels"" because they now rest on or near the Mogollon Rim, which is the southwestern edge of the Colorado Plateau. (30-65 Ma)","Chuska Sandstone, ""Rim gravels"", ",,AZ001,conglomerate,sandstone,siltstone; limestone; mudstone; basalt,AZ001,
AZ  ,Tsv,Tsv,Tsv;0,AZTsv;0,0,,"Middle Miocene to Oligocene volcanic and sedimentary rocks, undivided",Oligocene to Middle Miocene,Sequences of diverse volcanic rocks with abundant interbedded sedimentary rocks. (11-32 Ma),,,AZ001,andesite,basalt,conglomerate; dacite; rhyolite; sandstone; sedimentary breccia; limestone; siltstone,AZ001 AZ015 AZ016,
AZ  ,Tsy,Tsy,Tsy;0,AZTsy;0,0,,Pliocene to middle Miocene deposits,Middle Miocene to Pliocene,"Moderately to strongly consolidated conglomerate and sandstone deposited in basins during and after late Tertiary faulting. Includes lesser amounts of mudstone, siltstone, limestone, and gypsum. These deposits are generally light gray or tan. They commonly form high rounded hills and ridges in modern basins, and locally form prominent bluffs. Deposits of this unit are widely exposed in the dissected basins of southeastern and central Arizona. (2-16 Ma)",,In dissected basins of southeast and central Arizona,AZ001,conglomerate,sandstone,gravel; sand; gypsum; limestone; mudstone; siltstone,AZ001,
AZ  ,Tv,Tv,Tv;0,AZTv;0,0,,Middle Miocene to Oligocene volcanic rocks,Oligocene to Middle Miocene,"Lava, tuff, fine-grained intrusive rock, and diverse pyroclastic rocks. These compositionally variable volcanic rocks include basalt, andesite, dacite, and rhyolite. Thick felsic volcanic sequences form prominent cliffs and range fronts in the Black (Mohave County), Superstition, Kofa, Eagletail, Galiuro, and Chiricahua Mountains. This unit includes regionally extensive ash-flow tuffs, such as the Peach Springs tuff of northwestern Arizona and the Apache Leap tuff east of Phoenix. Most volcanic rocks are 20-30 Ma in southeastern Arizona and 15 to 25 Ma in central and western Arizona, but this unit includes some late Eocene rocks near the New Mexico border in east-central Arizona. (11-38 Ma)","Peach Springs Tuff, Apache Leap Tuff",,AZ001,dacite,rhyolite,andesite; basalt; porphyry; diorite; granite; granodiorite; latite; trachybasalt; trachyte; conglomerate; sandstone; sedimentary breccia; serpentinite,AZ001 AZ015 AZ016,
AZ  ,Tvy,Tvy,Tvy;0,AZTvy;0,0,,Pliocene to middle Miocene volcanic rocks,Middle Miocene to Pliocene,Rhyolite to andesite deposited as lava flows and related rocks associated with basaltic rocks of map units Tby and Tb. (2-12 Ma),,Rhyolite to andesite associated with units Tby and Tb,AZ001,rhyolite,dacite,andesite; alkaline basalt; basalt; conglomerate; sandstone; sedimentary breccia,AZ001 AZ012 AZ015,
AZ  ,TXgn,TXgn,TXgn;0,AZTXgn;0,0,,Tertiary to Early Proterozoic gneissic rocks,Early Proterozoic to Tertiary,"Gneissic rocks with complex histories, typically with well developed, light-colored granitoid layers and dark-colored biotite- and amphibole-rich layers. Protoliths are of Tertiary to Proterozoic age. This unit includes variably mylonitic gneisses in metamorphic core complexes that have been exhumed from middle crustal levels by large-displacement middle Tertiary normal faults, and gneiss exposed at scattered locations near the Colorado River in southwestern Arizona. These rocks are interpreted to record Proterozoic, Mesozoic, and Tertiary metamorphism and deformation. (15-1800 Ma)",,"Includes, but is not limited to, gneisses in metamorphic core complexes",AZ001,gneiss,mylonite,pegmatite; schist; aplite; granite; granodiorite,AZ001 AZ016,
AZ  ,water,water,water;0,AZwater;0,0,,water,Holocene,water,,,AZ001,water,,,AZ001,
AZ  ,Xg,Xg,Xg;0,AZXg;0,0,,Early Proterozoic granitic rocks,Early Proterozoic,"Wide variety of granitic rocks, including granite, granodiorite, tonalite, quartz diorite, diorite, and gabbro. These rocks commonly are characterized by steep, northeast-striking foliation. (1600-1800 Ma)",,~ 1.6 - 1.8 Ga,AZ001,granodiorite,granite,diabase; diorite; gabbro; pegmatite; quartz diorite; tonalite; anorthosite; gneiss; gabbro; greisen; migmatite; porphyry; pyroxenite; rhyolite; schist; trondhjemite,AZ001 AZ003 AZ007 AZ008,
AZ  ,Xm,Xm,Xm;0,AZXm;0,0,,Early Proterozoic metamorphic rocks,Early Proterozoic,"Undivided metasedimentary, metavolcanic, and gneissic rocks. (1600-1800 Ma)",,,AZ001,schist,gneiss,amphibolite; granofels; calc-silicate schist; granulite; greenschist; marble; diorite; gabbro; granite; granodiorite; metasedimentary rock; migmatite; phyllite; quartzite,AZ001 AZ003 AZ007,
AZ  ,Xms,Xms,Xms;0,AZXms;0,0,,Early Proterozoic metasedimentary rocks,Early Proterozoic,"Metasedimentary rocks, mostly derived from sandstone and shale, with minor conglomerate and carbonate rock. Includes quartz-rich, mostly nonvolcanic Pinal Schist in southeastern Arizona and variably volcanic-lithic sedimentary rocks in the Yavapai and Tonto Basin supergroups in central Arizona. (1600-1800 Ma)","Pinal Schist, Yavapai Supergroup, Tonto Basin Supergroup, Vishnu Schist",,AZ001,phyllite,schist,quartzite; argillite; arkose; sandstone; iron formation; conglomerate; sandstone; gneiss; granofels; graywacke; mudstone; hornfels; metaconglomerate; migmatite; orthoquartzite; rhyolite; shale; siltstone; slate; wacke; diorite; amphibolite; greenschist; limestone; metarhyolite; diorite,AZ001 AZ003 AZ007,
AZ  ,Xmv,Xmv,Xmv;0,AZXmv;0,0,,Early Proterozoic metavolcanic rocks,Early Proterozoic,"Weakly to strongly metamorphosed volcanic rocks. Protoliths include basalt, andesite, dacite, and rhyolite deposited as lava or tuff, related sedimentary rock, and shallow intrusive rock. These rocks, widely exposed in several belts in central Arizona, include metavolcanic rocks in the Yavapai and Tonto Basin supergroups. (1650 to 1800 Ma)","Pinal Schist, Yavapai Supergroup, Tonto Basin Supergroup",,AZ001,greenstone,intermediate metavolcanic rock,amphibolite; andesite; basalt; chert; conglomerate; dacite; diabase; diorite; gabbro; gneiss; greenschist; granite; granodiorite; graywacke; felsic metavolcanic rock; metarhyolite; gabbro; migmatite; phyllite; quartz diorite; quartzite; rhyolite; volcanic breccia (agglomerate); schist; siltstone; sandstone; serpentinite; iron formation,AZ001 AZ003 AZ007,
AZ  ,Xq,Xq,Xq;0,AZXq;0,0,,Early Proterozoic quartzite,Early Proterozoic,"Brown to maroon, resistant quartzite and minor conglomerate of the Mazatzal Group, exposed primarily in the Payson area. (1650? -1700 Ma)",Mazatzal Group,,AZ001,conglomerate,orthoquartzite,shale; quartzite; siltstone,AZ001 AZ007,
AZ  ,Yd,Yd,Yd;0,AZYd;0,0,,Middle Proterozoic diabase,Middle Proterozoic,Dark gray to black sills (intrusions mostly parallel to bedding) in strata of the Apache Group and irregular to sheet-like intrusions in other rocks. Present in east-central and southeastern Arizona. Some sills are more than 100 m thick. Exposures are extensive north of Globe. (1050-1150 Ma),,"~ 1.1 Ga. Associated with Grand Canyon Supergroup, and Apache Group (unit Ys)",AZ001,diabase,,anorthosite; aplite; troctolite; pegmatite; syenite,AZ001 AZ010 AZ020,
AZ  ,Yg,Yg,Yg;0,AZYg;0,0,,Middle Proterozoic granitic rocks,Middle Proterozoic,"Mostly porphyritic biotite granite with large microcline phenocrysts, with local fine-grained border phases and aplite. Associated pegmatite and quartz veins are rare. This unit forms large plutons, including the Oracle Granite, Ruin Granite, granite in the Pinnacle Peak - Carefree area northeast of Phoenix, and several bodies west of Prescott. (1400-1450 Ma)","Oracle Granite, Ruin Granite",~ 1.4 Ga,AZ001,granite,granodiorite,quartz diorite; quartz monzonite; pegmatite; aplite,AZ001 AZ002,
AZ  ,Ys,Ys,Ys;0,AZYs;0,0,,Middle Proterozoic sedimentary rocks,Middle Proterozoic,"Red-brown shale and sandstone, buff to orange quartzite, limestone, basalt, black shale, and sparse conglomerate. This unit includes the Grand Canyon Supergroup, Apache Group, and Troy Quartzite. These rocks were deposited in shallow marine, coastal nonmarine, and fluvial settings. (700-1300)","Grand Canyon Supergroup, Chuar Group, Unkar Group, Apache Group, Troy Quartzite",,AZ001,sandstone,limestone,arenite; argillite; arkose; basalt; chert; dolostone (dolomite); claystone; conglomerate; diabase; sedimentary breccia; arkose; mudstone; orthoquartzite; shale; siltstone; tholeiite; meta-conglomerate; phyllite; quartzite; schist,AZ001 AZ010 AZ020,
AZ  ,YXg,YXg,YXg;0,AZYXg;0,0,,Proterozoic granitic rocks,Proterozoic,Undivided Early and Middle Proterozoic granitic rocks (units Xg and Yg). (1400-1800 Ma),,,AZ001,granite,granodiorite,diorite; gneiss; pegmatite; migmatite; quartz diorite; tonalite; diabase; gabbro,AZ001 AZ002 AZ003 AZ007 AZ008,
AZ  ,KJo,KJo,KJo;0,AZKJo;0,0,,Orocopia Schist,Late Cretaceous to Early Tertiary,"Mostly gray, fine-grained quartz-feldspar-mica schist, with sparse metabasalt and metachert. The unit is exposed in tectonic windows in the southwestern corner of Arizona. It is interpreted as metamorphosed marine sandstone that was tectonically emplaced beneath southwestern Arizona during early Tertiary subduction of Pacific Ocean sea floor. (65-165 Ma)",Orocopia Schist,,AZ001,quartz-feldspar schist,amphibolite,marble; quartzite; diorite; serpentinite,AZ001 AZ011,
